{
"type": "FeatureCollection",
"name": "kouiki",
"crs": { "type": "name", "properties": { "name": "urn:ogc:def:crs:OGC:1.3:CRS84" } },
"features": [
{ "type": "Feature", "properties": { "kouiki": "上伊那", "area_km2": 1306.99, "chiiki": "南信" }, "geometry": { "type": "Polygon", "coordinates": [ [ [ 138.035485250000022, 35.66506436 ], [ 138.035239420000011, 35.66413936 ], [ 138.03570192, 35.6626188 ], [ 138.035185250000012, 35.66216464 ], [ 138.035148030000016, 35.66094797 ], [ 138.03598525000001, 35.65964825 ], [ 138.03621859, 35.65851075 ], [ 138.03725608, 35.65767353 ], [ 138.03727691, 35.65724023 ], [ 138.03643969, 35.65583631 ], [ 138.03676053, 35.65484051 ], [ 138.037010510000016, 35.65284495 ], [ 138.036577170000015, 35.65104522 ], [ 138.036802170000016, 35.65041605 ], [ 138.036802170000016, 35.649608 ], [ 138.037327170000026, 35.64838717 ], [ 138.037935500000032, 35.64793328 ], [ 138.037948, 35.64678328 ], [ 138.038514670000012, 35.64567522 ], [ 138.038577170000025, 35.64472105 ], [ 138.039039660000014, 35.64330884 ], [ 138.039402170000017, 35.64261744 ], [ 138.039173, 35.64192995 ], [ 138.03920217000001, 35.64106744 ], [ 138.038831610000017, 35.64036772 ], [ 138.03823995, 35.63985105 ], [ 138.03789409, 35.63853856 ], [ 138.037927420000017, 35.63768467 ], [ 138.03833158, 35.6369805 ], [ 138.03744409, 35.63573495 ], [ 138.03643603, 35.63510578 ], [ 138.036173530000013, 35.63475161 ], [ 138.036202700000018, 35.63404772 ], [ 138.0350235, 35.63323939 ], [ 138.03474462, 35.63195605 ], [ 138.033727950000014, 35.63190603 ], [ 138.032473770000024, 35.6311938 ], [ 138.032090730000021, 35.63020213 ], [ 138.031707370000021, 35.62870241 ], [ 138.03038263000002, 35.62823159 ], [ 138.030036810000013, 35.6262902 ], [ 138.03046597, 35.62519436 ], [ 138.03014514, 35.62452797 ], [ 138.029320120000023, 35.62373631 ], [ 138.028899270000011, 35.62252408 ], [ 138.027832890000013, 35.62156992 ], [ 138.027103720000014, 35.61979103 ], [ 138.026907860000023, 35.61873714 ], [ 138.026207860000028, 35.61821214 ], [ 138.024578970000022, 35.61636241 ], [ 138.02352092000001, 35.61533741 ], [ 138.022912550000029, 35.61402936 ], [ 138.02228756, 35.61343767 ], [ 138.02016283, 35.61185877 ], [ 138.01857533, 35.61049295 ], [ 138.01799086, 35.61038572 ], [ 138.015706980000033, 35.60906433 ], [ 138.014275030000022, 35.60751767 ], [ 138.0119225, 35.60690656 ], [ 138.010387220000013, 35.60454656 ], [ 138.00966917, 35.60409989 ], [ 138.00912306, 35.60340489 ], [ 138.008897500000018, 35.602431 ], [ 138.00838973, 35.60141877 ], [ 138.008088340000029, 35.6003382 ], [ 138.00691581000001, 35.59912375 ], [ 138.00488776, 35.59756569 ], [ 138.00367302, 35.59721069 ], [ 138.00236358, 35.59727375 ], [ 138.00114886, 35.59806208 ], [ 138.00023997, 35.59885625 ], [ 137.999284970000019, 35.6000632 ], [ 137.998876350000018, 35.60101403 ], [ 137.99890302, 35.60302264 ], [ 137.997325530000012, 35.60300736 ], [ 137.996933610000013, 35.60494708 ], [ 137.9961275, 35.60657597 ], [ 137.995721390000028, 35.60671597 ], [ 137.994358340000019, 35.60666625 ], [ 137.993410270000027, 35.60680153 ], [ 137.992990830000025, 35.60726653 ], [ 137.99271973, 35.60830459 ], [ 137.99209694000001, 35.60958625 ], [ 137.990007500000019, 35.60971236 ], [ 137.989334720000016, 35.60960875 ], [ 137.98119248, 35.60729292 ], [ 137.980754690000026, 35.60688264 ], [ 137.979878860000014, 35.60691872 ], [ 137.978646640000022, 35.60728872 ], [ 137.97679636, 35.60659789 ], [ 137.97578053, 35.60670177 ], [ 137.97408776, 35.60730205 ], [ 137.97342914, 35.60738317 ], [ 137.971447470000015, 35.607284 ], [ 137.968942750000025, 35.60625484 ], [ 137.96573358, 35.605059 ], [ 137.963675250000023, 35.60400733 ], [ 137.96264636, 35.60337095 ], [ 137.961576330000014, 35.60241844 ], [ 137.960804670000016, 35.60198539 ], [ 137.958796060000026, 35.60203484 ], [ 137.957031340000015, 35.602274 ], [ 137.95590328, 35.60268039 ], [ 137.95415608, 35.60401177 ], [ 137.952666640000018, 35.60528428 ], [ 137.951425520000015, 35.6058665 ], [ 137.94860914000003, 35.60625484 ], [ 137.947432750000019, 35.60654677 ], [ 137.94477691, 35.60764036 ], [ 137.943756910000019, 35.60880925 ], [ 137.943102190000019, 35.60908897 ], [ 137.941454690000029, 35.60936453 ], [ 137.939694420000023, 35.60862425 ], [ 137.93866997, 35.60801897 ], [ 137.936842190000021, 35.60671036 ], [ 137.935131050000024, 35.60489592 ], [ 137.932658, 35.60249953 ], [ 137.92799969, 35.60643036 ], [ 137.92653248000002, 35.60738008 ], [ 137.925972750000028, 35.60786759 ], [ 137.92488053, 35.60956231 ], [ 137.923483870000013, 35.61020759 ], [ 137.92226969, 35.61030925 ], [ 137.92146163000001, 35.6109998 ], [ 137.921073310000025, 35.61103592 ], [ 137.919649140000018, 35.61186147 ], [ 137.91895636000001, 35.61192008 ], [ 137.917742480000015, 35.61263787 ], [ 137.916769690000024, 35.61296286 ], [ 137.916974690000018, 35.6146712 ], [ 137.91643109, 35.61515841 ], [ 137.91593720000003, 35.61515369 ], [ 137.91483997, 35.6159798 ], [ 137.91499803, 35.61648759 ], [ 137.913289690000028, 35.61667703 ], [ 137.9143908, 35.61784841 ], [ 137.914656940000015, 35.61832897 ], [ 137.91360973, 35.61831759 ], [ 137.912662220000016, 35.61920231 ], [ 137.910953330000012, 35.61967147 ], [ 137.909035280000012, 35.62160536 ], [ 137.90674694, 35.62267731 ], [ 137.904823890000017, 35.6237398 ], [ 137.904180560000015, 35.62397675 ], [ 137.90418306, 35.62441036 ], [ 137.90492555, 35.62473286 ], [ 137.90568805, 35.62710897 ], [ 137.905647500000015, 35.62742508 ], [ 137.90619224, 35.62992397 ], [ 137.90580558000002, 35.63041731 ], [ 137.905055030000028, 35.63054703 ], [ 137.905093640000018, 35.63120064 ], [ 137.90407475, 35.63141008 ], [ 137.903698080000026, 35.63282064 ], [ 137.90423031, 35.63539759 ], [ 137.90462086, 35.63797731 ], [ 137.904940580000016, 35.63950675 ], [ 137.904036140000017, 35.63960953 ], [ 137.90347086, 35.64007008 ], [ 137.9018628, 35.64036008 ], [ 137.90166503, 35.64051675 ], [ 137.89936031000002, 35.64032425 ], [ 137.89910058000001, 35.63997425 ], [ 137.899168370000012, 35.63958369 ], [ 137.898753090000014, 35.63926092 ], [ 137.897828910000015, 35.63937925 ], [ 137.896329470000012, 35.6393198 ], [ 137.89544114, 35.63960508 ], [ 137.894087250000013, 35.63875647 ], [ 137.891208910000017, 35.63838536 ], [ 137.89041781, 35.6386662 ], [ 137.89016669, 35.6391812 ], [ 137.88959975, 35.63956759 ], [ 137.88882669, 35.6395912 ], [ 137.888534750000019, 35.63880759 ], [ 137.88686114, 35.63580925 ], [ 137.886369200000019, 35.6353398 ], [ 137.885288370000012, 35.63515453 ], [ 137.883998640000016, 35.63614203 ], [ 137.88349864, 35.63622869 ], [ 137.882376130000011, 35.63526175 ], [ 137.88146642000001, 35.63503397 ], [ 137.88076781, 35.63559203 ], [ 137.880266690000013, 35.63635064 ], [ 137.878786420000012, 35.63650841 ], [ 137.877766420000029, 35.63634147 ], [ 137.87660642000003, 35.63635953 ], [ 137.875811700000014, 35.63663036 ], [ 137.874963650000012, 35.63752314 ], [ 137.87450224, 35.63773953 ], [ 137.87344669, 35.63728453 ], [ 137.872724480000016, 35.63737036 ], [ 137.8719417, 35.63815259 ], [ 137.87078309, 35.63837397 ], [ 137.86998336, 35.6392698 ], [ 137.868944470000031, 35.63966008 ], [ 137.868387250000012, 35.64034259 ], [ 137.868366420000029, 35.6408398 ], [ 137.868683920000024, 35.64193341 ], [ 137.86808781000002, 35.64312841 ], [ 137.868533090000028, 35.6439748 ], [ 137.86756170000001, 35.64531033 ], [ 137.86604392000001, 35.64679978 ], [ 137.865642800000018, 35.64745339 ], [ 137.86532503, 35.64846339 ], [ 137.86234613000002, 35.64877339 ], [ 137.86115586, 35.64971839 ], [ 137.860627250000022, 35.64985895 ], [ 137.85822669, 35.64945284 ], [ 137.85770058, 35.64948923 ], [ 137.856245030000025, 35.65020284 ], [ 137.85464613000002, 35.65053561 ], [ 137.853893640000024, 35.65039005 ], [ 137.85230003, 35.65129117 ], [ 137.850956420000017, 35.65135617 ], [ 137.849096980000013, 35.65163172 ], [ 137.84701365, 35.65154589 ], [ 137.845792550000027, 35.65242839 ], [ 137.84489394, 35.65271228 ], [ 137.842912550000023, 35.65210284 ], [ 137.843032240000014, 35.65012144 ], [ 137.843313640000019, 35.64978839 ], [ 137.84285781, 35.64849672 ], [ 137.842876140000016, 35.64798644 ], [ 137.841889470000012, 35.64634867 ], [ 137.840574190000012, 35.64580172 ], [ 137.839012240000017, 35.6449295 ], [ 137.83878558, 35.64395311 ], [ 137.838285580000019, 35.64333589 ], [ 137.836449750000014, 35.64020644 ], [ 137.83571031, 35.6387245 ], [ 137.834583090000024, 35.63935728 ], [ 137.83391642, 35.63951089 ], [ 137.831890580000021, 35.63884951 ], [ 137.831101410000031, 35.63888867 ], [ 137.83078642000001, 35.63920339 ], [ 137.830554480000018, 35.64001867 ], [ 137.82977336, 35.64009144 ], [ 137.829614470000024, 35.64074256 ], [ 137.82925781, 35.64097923 ], [ 137.827106980000025, 35.64099977 ], [ 137.82570895, 35.64187728 ], [ 137.822649220000017, 35.643057 ], [ 137.822143940000018, 35.64340839 ], [ 137.82145922, 35.64351756 ], [ 137.8197745, 35.64341589 ], [ 137.81840728, 35.64384311 ], [ 137.816894500000018, 35.644132 ], [ 137.81550672, 35.64402505 ], [ 137.81416839000002, 35.64373061 ], [ 137.81171562000003, 35.64406144 ], [ 137.80967148000002, 35.64361867 ], [ 137.80866953, 35.64392451 ], [ 137.809042870000013, 35.64488978 ], [ 137.809278980000016, 35.64653339 ], [ 137.809854250000029, 35.64779951 ], [ 137.809948690000027, 35.64834228 ], [ 137.80932314, 35.64901533 ], [ 137.80867064, 35.64906533 ], [ 137.80803314, 35.64964367 ], [ 137.80767314, 35.65073867 ], [ 137.80565119000002, 35.65211061 ], [ 137.80502008000002, 35.65223756 ], [ 137.80427341, 35.65315533 ], [ 137.804134810000022, 35.65375756 ], [ 137.802850920000026, 35.65503228 ], [ 137.80130341, 35.65568089 ], [ 137.80208564, 35.65728311 ], [ 137.802079530000015, 35.65827478 ], [ 137.80254564, 35.65967617 ], [ 137.801412340000013, 35.66147951 ], [ 137.80114678000001, 35.66206672 ], [ 137.801571780000017, 35.66376644 ], [ 137.801367890000023, 35.66552505 ], [ 137.801760660000014, 35.66604172 ], [ 137.803209560000028, 35.66733422 ], [ 137.803935380000013, 35.6688745 ], [ 137.804179560000023, 35.66986172 ], [ 137.804201510000013, 35.67098617 ], [ 137.80442317, 35.672317 ], [ 137.805299800000029, 35.67428839 ], [ 137.80481844000002, 35.67615367 ], [ 137.804487890000019, 35.67664061 ], [ 137.80359678, 35.67903339 ], [ 137.803283990000011, 35.67943172 ], [ 137.80353150000002, 35.68022867 ], [ 137.803112340000013, 35.68137367 ], [ 137.80421345000002, 35.68258367 ], [ 137.804918720000018, 35.68289339 ], [ 137.80528428, 35.6838995 ], [ 137.80646678, 35.68583172 ], [ 137.807579250000032, 35.68700895 ], [ 137.810486200000014, 35.68958839 ], [ 137.811560360000016, 35.69071561 ], [ 137.8123037, 35.69105228 ], [ 137.813566740000027, 35.69205839 ], [ 137.81378842, 35.69360811 ], [ 137.8132837, 35.69438089 ], [ 137.813304250000016, 35.69482367 ], [ 137.812888140000013, 35.69541977 ], [ 137.81197036, 35.69990561 ], [ 137.81089314, 35.70127447 ], [ 137.81153953, 35.70167586 ], [ 137.81199397, 35.70265253 ], [ 137.813212310000011, 35.70480144 ], [ 137.81423647, 35.70587839 ], [ 137.815502580000015, 35.70636867 ], [ 137.815428690000033, 35.70697033 ], [ 137.8160337, 35.70798256 ], [ 137.81668564, 35.70976808 ], [ 137.81638759, 35.71075059 ], [ 137.81642008, 35.71159475 ], [ 137.816830360000012, 35.71209364 ], [ 137.8169837, 35.71395253 ], [ 137.81686008, 35.7147142 ], [ 137.81701314, 35.71536641 ], [ 137.81670341, 35.71546086 ], [ 137.81657064, 35.71636669 ], [ 137.816798150000011, 35.71685003 ], [ 137.81754036000001, 35.71821864 ], [ 137.817312870000023, 35.71886864 ], [ 137.816524250000015, 35.71960392 ], [ 137.815300920000027, 35.7201978 ], [ 137.813684530000018, 35.72039559 ], [ 137.81308759, 35.72101225 ], [ 137.81306759, 35.7214278 ], [ 137.812239560000023, 35.72218308 ], [ 137.811807610000017, 35.72227892 ], [ 137.810996500000016, 35.72204141 ], [ 137.808020950000014, 35.72331087 ], [ 137.80677789, 35.72464308 ], [ 137.80601261000001, 35.72481808 ], [ 137.805425380000031, 35.72587697 ], [ 137.805036230000013, 35.72620003 ], [ 137.805247060000028, 35.72855141 ], [ 137.80481484, 35.73094614 ], [ 137.804119, 35.73165197 ], [ 137.804429, 35.7326842 ], [ 137.80420122000001, 35.7337728 ], [ 137.804930120000023, 35.73575836 ], [ 137.804673160000021, 35.73702447 ], [ 137.80432012, 35.73779336 ], [ 137.80317872, 35.7394192 ], [ 137.803284280000014, 35.74046447 ], [ 137.80359761, 35.74068225 ], [ 137.80424733000001, 35.74248308 ], [ 137.80506872, 35.7436342 ], [ 137.80635817000001, 35.74458392 ], [ 137.806780390000029, 35.74561308 ], [ 137.807885380000016, 35.74629253 ], [ 137.80818234, 35.7467478 ], [ 137.809089, 35.74744031 ], [ 137.809465110000019, 35.74810336 ], [ 137.810761220000018, 35.74843975 ], [ 137.810899830000011, 35.74924447 ], [ 137.81196538, 35.74993697 ], [ 137.812782890000022, 35.75077475 ], [ 137.813313990000012, 35.75177113 ], [ 137.81329428, 35.75228225 ], [ 137.813818170000019, 35.75330836 ], [ 137.81358455, 35.75397725 ], [ 137.81363234, 35.75485336 ], [ 137.81326789000002, 35.75565225 ], [ 137.81290733, 35.75723613 ], [ 137.812590390000025, 35.75769169 ], [ 137.812377890000022, 35.75883336 ], [ 137.81189178, 35.75926697 ], [ 137.81210872, 35.75994864 ], [ 137.81225623, 35.7613592 ], [ 137.812000120000022, 35.76229641 ], [ 137.811058440000011, 35.76272613 ], [ 137.81055484, 35.76351113 ], [ 137.810607060000024, 35.76390169 ], [ 137.81029872000002, 35.7656592 ], [ 137.810672050000022, 35.76674447 ], [ 137.81045927, 35.76831113 ], [ 137.810619560000021, 35.77081503 ], [ 137.810476500000021, 35.77179169 ], [ 137.81005567, 35.77214753 ], [ 137.809938440000025, 35.77331059 ], [ 137.810124840000015, 35.77395308 ], [ 137.80954345, 35.77539364 ], [ 137.80946927, 35.77712975 ], [ 137.80965178, 35.77781947 ], [ 137.80915678, 35.7783228 ], [ 137.808879, 35.77951225 ], [ 137.808896520000019, 35.78028447 ], [ 137.80932486, 35.78138975 ], [ 137.809350420000015, 35.78262669 ], [ 137.807584030000015, 35.78482725 ], [ 137.807310700000016, 35.78609836 ], [ 137.805835140000028, 35.78775611 ], [ 137.804954030000033, 35.78892389 ], [ 137.80464681, 35.78954084 ], [ 137.805645420000019, 35.78997084 ], [ 137.80873986, 35.79086917 ], [ 137.80970739, 35.79133805 ], [ 137.8111135, 35.79236251 ], [ 137.811842670000033, 35.79304805 ], [ 137.812645450000019, 35.79463639 ], [ 137.813348500000018, 35.79553056 ], [ 137.8156485, 35.79708833 ], [ 137.817544890000022, 35.79743556 ], [ 137.818920730000031, 35.79864223 ], [ 137.81996655, 35.79880277 ], [ 137.82139462, 35.79883305 ], [ 137.82257905, 35.79921084 ], [ 137.82334742, 35.79990972 ], [ 137.82536547, 35.80103333 ], [ 137.82556075, 35.80197972 ], [ 137.82616852000001, 35.80218805 ], [ 137.827127420000011, 35.80346361 ], [ 137.82733575, 35.80353305 ], [ 137.82815158, 35.80470889 ], [ 137.82829464, 35.80617611 ], [ 137.827674090000016, 35.8066575 ], [ 137.82707908, 35.80756472 ], [ 137.82714436, 35.80810305 ], [ 137.826219920000028, 35.80894917 ], [ 137.825638560000016, 35.80985167 ], [ 137.824644670000026, 35.81081084 ], [ 137.82444078, 35.81120584 ], [ 137.824375230000015, 35.81258972 ], [ 137.824097450000011, 35.81312361 ], [ 137.824800510000017, 35.81347528 ], [ 137.826102720000023, 35.81385278 ], [ 137.82796883, 35.81483389 ], [ 137.829557170000015, 35.81609667 ], [ 137.831006640000027, 35.81757664 ], [ 137.83216525, 35.8184358 ], [ 137.833159140000021, 35.81883913 ], [ 137.83440442, 35.82000247 ], [ 137.8349383, 35.82070997 ], [ 137.83556747, 35.82211164 ], [ 137.83574553, 35.82285831 ], [ 137.83697387, 35.82328359 ], [ 137.83710358, 35.82562692 ], [ 137.83729445, 35.82715441 ], [ 137.83834944, 35.82826553 ], [ 137.83846639, 35.82860803 ], [ 137.839907220000015, 35.82896413 ], [ 137.841495840000022, 35.82982331 ], [ 137.84217694, 35.83137275 ], [ 137.842758340000017, 35.8316808 ], [ 137.8439, 35.83306525 ], [ 137.844477520000027, 35.83432803 ], [ 137.846829470000017, 35.83451469 ], [ 137.84733725000001, 35.8347058 ], [ 137.847289470000021, 35.83572108 ], [ 137.846943360000012, 35.8364358 ], [ 137.847058910000015, 35.83733664 ], [ 137.848845860000011, 35.83819275 ], [ 137.84947003000002, 35.83892275 ], [ 137.84734058, 35.8409058 ], [ 137.846172530000018, 35.84209886 ], [ 137.846172560000014, 35.84361411 ], [ 137.846036450000014, 35.84464633 ], [ 137.846529780000026, 35.84631244 ], [ 137.846182280000022, 35.84793356 ], [ 137.84661533000002, 35.849313 ], [ 137.846217560000014, 35.85118078 ], [ 137.845930360000011, 35.85396411 ], [ 137.84635842, 35.85492577 ], [ 137.84628258, 35.85677828 ], [ 137.84684647, 35.85802661 ], [ 137.849358420000016, 35.85875661 ], [ 137.850188980000013, 35.85909411 ], [ 137.851327060000017, 35.85911911 ], [ 137.852660950000029, 35.85974856 ], [ 137.854125940000017, 35.85957244 ], [ 137.854307060000025, 35.860388 ], [ 137.85487095000002, 35.86158133 ], [ 137.855258440000028, 35.86287995 ], [ 137.855197890000028, 35.86423911 ], [ 137.855802050000023, 35.86540689 ], [ 137.85598317, 35.86635884 ], [ 137.8563407, 35.86712884 ], [ 137.8562918, 35.86773772 ], [ 137.85609403, 35.86835187 ], [ 137.85553486, 35.86909687 ], [ 137.856174580000015, 35.87110075 ], [ 137.856803750000012, 35.87186575 ], [ 137.857114310000014, 35.87278353 ], [ 137.856770700000027, 35.87333853 ], [ 137.857086520000024, 35.87512353 ], [ 137.857489610000016, 35.87600186 ], [ 137.856970730000029, 35.87715575 ], [ 137.855728780000021, 35.87747492 ], [ 137.85472239, 35.87798992 ], [ 137.853867950000023, 35.87867241 ], [ 137.852251, 35.88118408 ], [ 137.85217516000003, 35.88179908 ], [ 137.852660730000025, 35.88358936 ], [ 137.851995720000019, 35.88369131 ], [ 137.850426280000022, 35.88488103 ], [ 137.84953575, 35.88540825 ], [ 137.84935214, 35.88644214 ], [ 137.848896860000025, 35.88769187 ], [ 137.848154360000024, 35.88853408 ], [ 137.847211860000016, 35.89026687 ], [ 137.84763519, 35.89186408 ], [ 137.84761519, 35.89254686 ], [ 137.85029438, 35.89480659 ], [ 137.84993105, 35.89674297 ], [ 137.849998270000015, 35.89820017 ], [ 137.850269950000012, 35.90002905 ], [ 137.850605500000029, 35.90080739 ], [ 137.850585530000018, 35.90198933 ], [ 137.850318030000011, 35.90230044 ], [ 137.85068136000001, 35.90336267 ], [ 137.851060530000012, 35.90374184 ], [ 137.851168300000012, 35.90519905 ], [ 137.85143163, 35.90611739 ], [ 137.854314690000024, 35.90777461 ], [ 137.854246640000014, 35.90807377 ], [ 137.85526861, 35.90973489 ], [ 137.856003330000021, 35.91013433 ], [ 137.85700917, 35.91143572 ], [ 137.85841056000001, 35.91202128 ], [ 137.858357500000011, 35.91327822 ], [ 137.858145010000015, 35.91395711 ], [ 137.857973610000016, 35.91549739 ], [ 137.858085860000017, 35.91648323 ], [ 137.857873360000013, 35.91678433 ], [ 137.8538892, 35.91854295 ], [ 137.85369864, 35.9198318 ], [ 137.853001410000019, 35.92106431 ], [ 137.85299086, 35.9216832 ], [ 137.85235058, 35.92302847 ], [ 137.851661700000022, 35.92389987 ], [ 137.850881410000028, 35.92436292 ], [ 137.849848370000018, 35.92458903 ], [ 137.84885781, 35.92521292 ], [ 137.845871410000029, 35.92495986 ], [ 137.84475781, 35.92449153 ], [ 137.84333669, 35.92420653 ], [ 137.841926980000011, 35.92442708 ], [ 137.840274470000026, 35.92554625 ], [ 137.83875197, 35.92609513 ], [ 137.837863640000023, 35.92679459 ], [ 137.83679837, 35.92737569 ], [ 137.834807250000011, 35.9282418 ], [ 137.83437114, 35.92923208 ], [ 137.833967520000016, 35.93074959 ], [ 137.833806160000023, 35.93183653 ], [ 137.833165620000017, 35.93337569 ], [ 137.832648950000021, 35.93379014 ], [ 137.832310050000018, 35.93466153 ], [ 137.831416720000021, 35.93609847 ], [ 137.82914589, 35.93769125 ], [ 137.828882, 35.93800903 ], [ 137.82894117, 35.93883764 ], [ 137.82949506, 35.94113541 ], [ 137.82941453, 35.94276597 ], [ 137.8297373, 35.94333069 ], [ 137.8298237, 35.94446653 ], [ 137.829306740000021, 35.94586569 ], [ 137.82983425, 35.9466568 ], [ 137.83050674, 35.94691486 ], [ 137.831324810000012, 35.94789431 ], [ 137.832648690000013, 35.94861569 ], [ 137.83372484, 35.94961653 ], [ 137.834591500000016, 35.9498965 ], [ 137.836114550000019, 35.95085956 ], [ 137.836469560000012, 35.95181761 ], [ 137.83665761, 35.95302817 ], [ 137.83704511000002, 35.95380317 ], [ 137.83665234, 35.95456761 ], [ 137.837589, 35.95559011 ], [ 137.839047080000029, 35.9568815 ], [ 137.839639030000029, 35.9570215 ], [ 137.84135014, 35.95689789 ], [ 137.843799030000014, 35.95739317 ], [ 137.84445542, 35.95778067 ], [ 137.84617236, 35.95837261 ], [ 137.846753480000018, 35.95948623 ], [ 137.84944961, 35.96143984 ], [ 137.850386, 35.96319956 ], [ 137.850299880000023, 35.96411453 ], [ 137.85109073000001, 35.96578259 ], [ 137.85097239000001, 35.96679425 ], [ 137.851295470000025, 35.96739147 ], [ 137.85126872, 35.96800517 ], [ 137.8519627, 35.96833341 ], [ 137.85394825, 35.96866175 ], [ 137.85557326, 35.97078731 ], [ 137.85655825, 35.97112092 ], [ 137.857839360000014, 35.97134203 ], [ 137.85863022, 35.97177759 ], [ 137.859421340000011, 35.97176731 ], [ 137.86193438, 35.97141731 ], [ 137.861439100000013, 35.97219231 ], [ 137.862160510000024, 35.97343508 ], [ 137.86321523, 35.9745762 ], [ 137.864146080000012, 35.97699231 ], [ 137.86427525000002, 35.97849895 ], [ 137.865389140000019, 35.9801245 ], [ 137.86693358, 35.98092617 ], [ 137.868687760000029, 35.981292 ], [ 137.870598340000015, 35.98248144 ], [ 137.870824160000012, 35.98384284 ], [ 137.87049056, 35.98497839 ], [ 137.871776690000019, 35.9875345 ], [ 137.871878910000021, 35.98843311 ], [ 137.872810030000011, 35.98957589 ], [ 137.872940310000018, 35.99008367 ], [ 137.872701410000019, 35.99107728 ], [ 137.873087520000013, 35.99198423 ], [ 137.87499728, 35.99297839 ], [ 137.87548783, 35.99305644 ], [ 137.87667228, 35.9944842 ], [ 137.876958660000014, 35.99566003 ], [ 137.87820450000001, 35.99709697 ], [ 137.878057, 35.99742669 ], [ 137.87865536000001, 35.99861141 ], [ 137.878885360000027, 35.99941864 ], [ 137.879540920000011, 36.00066836 ], [ 137.88051314, 36.00154087 ], [ 137.88313008, 36.00184447 ], [ 137.88426983, 36.00208641 ], [ 137.885690950000026, 36.00315559 ], [ 137.887581510000018, 36.00398364 ], [ 137.888476780000019, 36.00474947 ], [ 137.88910872, 36.00503725 ], [ 137.89004431, 36.00622169 ], [ 137.891424030000024, 36.00748697 ], [ 137.89166319, 36.00807169 ], [ 137.892636520000025, 36.00907056 ], [ 137.893830440000016, 36.00992778 ], [ 137.894586010000012, 36.01003695 ], [ 137.89470961, 36.01065223 ], [ 137.895562110000014, 36.01122361 ], [ 137.89666462, 36.01246251 ], [ 137.89803878, 36.0132 ], [ 137.899116830000025, 36.01346389 ], [ 137.90016825, 36.01405278 ], [ 137.901241309999989, 36.01354889 ], [ 137.901544920000021, 36.01523972 ], [ 137.90282769, 36.01722695 ], [ 137.90371769, 36.01762833 ], [ 137.90450547, 36.01824139 ], [ 137.902099100000015, 36.02086084 ], [ 137.900904940000032, 36.02280639 ], [ 137.90023272000002, 36.02314028 ], [ 137.89918911, 36.02413695 ], [ 137.89900911, 36.02465611 ], [ 137.896661610000024, 36.024545 ], [ 137.8976355, 36.02597497 ], [ 137.89893053, 36.02701469 ], [ 137.90008581, 36.02840275 ], [ 137.90016248, 36.02951025 ], [ 137.901560530000012, 36.0308172 ], [ 137.90261611, 36.03136553 ], [ 137.90401083, 36.03234053 ], [ 137.90513306, 36.03372608 ], [ 137.90513306, 36.03434441 ], [ 137.906468340000032, 36.03463636 ], [ 137.908878610000016, 36.03437192 ], [ 137.911183860000023, 36.0338758 ], [ 137.911774690000016, 36.03432941 ], [ 137.912843580000015, 36.03459636 ], [ 137.91528331, 36.03471917 ], [ 137.915754690000028, 36.03518 ], [ 137.916663310000018, 36.03561556 ], [ 137.917042190000018, 36.03706944 ], [ 137.91745691, 36.03748111 ], [ 137.918784970000019, 36.03810139 ], [ 137.91971192, 36.03768639 ], [ 137.92058219, 36.03762417 ], [ 137.921675810000011, 36.03808889 ], [ 137.922607200000016, 36.03888805 ], [ 137.92284387, 36.03949889 ], [ 137.92364219000001, 36.04024361 ], [ 137.92398497, 36.04112361 ], [ 137.924744690000011, 36.04132805 ], [ 137.925840530000016, 36.04229222 ], [ 137.926893580000012, 36.04221723 ], [ 137.92729248, 36.04237277 ], [ 137.9276872, 36.04390751 ], [ 137.927554140000012, 36.04481277 ], [ 137.92779302, 36.04525917 ], [ 137.927563060000011, 36.04653028 ], [ 137.92742611, 36.04848833 ], [ 137.927699440000026, 36.04932778 ], [ 137.929478890000013, 36.04961305 ], [ 137.93005917, 36.04959944 ], [ 137.93144528000002, 36.05043444 ], [ 137.93413139, 36.05099111 ], [ 137.934716940000015, 36.05140944 ], [ 137.93550056, 36.05270361 ], [ 137.93798555, 36.05301584 ], [ 137.93826722, 36.05349805 ], [ 137.937996670000018, 36.055215 ], [ 137.938019170000018, 36.05730556 ], [ 137.938571390000021, 36.05827833 ], [ 137.9395, 36.05896389 ], [ 137.939463610000018, 36.05959305 ], [ 137.93876667, 36.06073777 ], [ 137.938705280000022, 36.06151611 ], [ 137.94021139, 36.06226056 ], [ 137.941065010000017, 36.06291222 ], [ 137.94316222, 36.06363833 ], [ 137.944275280000028, 36.06372195 ], [ 137.944966670000014, 36.06361111 ], [ 137.946333330000016, 36.06368584 ], [ 137.947039170000011, 36.06403195 ], [ 137.94786167, 36.06380611 ], [ 137.94970555, 36.06378113 ], [ 137.95042222, 36.06349392 ], [ 137.949766940000018, 36.06161587 ], [ 137.9505675, 36.06013613 ], [ 137.95051722, 36.05923141 ], [ 137.949340270000022, 36.05691669 ], [ 137.949683330000028, 36.05599364 ], [ 137.95019667, 36.05536031 ], [ 137.950458880000014, 36.05459308 ], [ 137.95320333, 36.05366113 ], [ 137.95424639, 36.05318364 ], [ 137.955640830000021, 36.0528628 ], [ 137.956951950000018, 36.05347559 ], [ 137.95796973, 36.05364559 ], [ 137.95936445000001, 36.0540842 ], [ 137.960354450000011, 36.05371808 ], [ 137.960399170000017, 36.05295336 ], [ 137.961523060000019, 36.05183559 ], [ 137.96242139, 36.05063864 ], [ 137.963274720000015, 36.05011614 ], [ 137.96438747000002, 36.04999864 ], [ 137.96612803, 36.04924061 ], [ 137.968019140000024, 36.04915478 ], [ 137.969037200000031, 36.04941284 ], [ 137.971019970000015, 36.04877922 ], [ 137.971357760000018, 36.04763922 ], [ 137.972102480000018, 36.04753505 ], [ 137.972144140000012, 36.04706895 ], [ 137.972869420000023, 36.04625672 ], [ 137.974079690000025, 36.04527923 ], [ 137.97552192, 36.04532005 ], [ 137.9763308, 36.04518228 ], [ 137.978179970000014, 36.04445144 ], [ 137.97970859, 36.04425005 ], [ 137.981426350000021, 36.0446595 ], [ 137.981752750000027, 36.044922 ], [ 137.983462480000014, 36.04560759 ], [ 137.983744140000027, 36.04590869 ], [ 137.984887760000021, 36.04620508 ], [ 137.986045250000018, 36.04666897 ], [ 137.9875208, 36.04671203 ], [ 137.98791691, 36.04733425 ], [ 137.98980219, 36.0478162 ], [ 137.99056361, 36.04851286 ], [ 137.991913330000017, 36.04877759 ], [ 137.99249361, 36.04938841 ], [ 137.99321333, 36.04965314 ], [ 137.99464667, 36.05059453 ], [ 137.9957875, 36.05182286 ], [ 137.99774611, 36.05307453 ], [ 138.000420830000024, 36.05408453 ], [ 138.000862500000011, 36.05450536 ], [ 138.00145778000001, 36.05439203 ], [ 138.002313610000016, 36.05458064 ], [ 138.003989440000026, 36.05439814 ], [ 138.00685139, 36.05318733 ], [ 138.005767500000019, 36.05219287 ], [ 138.00546112, 36.05141425 ], [ 138.005805010000017, 36.05094844 ], [ 138.0054575, 36.05005761 ], [ 138.00428222, 36.04963369 ], [ 138.004700270000029, 36.0489562 ], [ 138.004524450000019, 36.04766817 ], [ 138.003087780000016, 36.0466398 ], [ 138.00253969000002, 36.04593759 ], [ 138.002487200000019, 36.04470259 ], [ 138.002848300000011, 36.04408595 ], [ 138.002725520000013, 36.04357844 ], [ 138.001811920000023, 36.04240536 ], [ 138.00172219000001, 36.04165731 ], [ 138.00078109, 36.04099869 ], [ 137.999729140000028, 36.04080897 ], [ 137.999362750000017, 36.03847341 ], [ 137.999442750000014, 36.03784341 ], [ 137.999163580000015, 36.03716425 ], [ 137.99981577, 36.03623539 ], [ 137.999193, 36.03503595 ], [ 137.99916384, 36.03421844 ], [ 137.99806883, 36.03384341 ], [ 137.99795995, 36.03123567 ], [ 137.997715770000013, 36.03022733 ], [ 137.997184940000011, 36.02923844 ], [ 137.997138560000025, 36.02813872 ], [ 137.99758189, 36.02792344 ], [ 137.997749360000029, 36.02624623 ], [ 137.99703686, 36.02478122 ], [ 137.99722241, 36.02435539 ], [ 137.997150190000013, 36.02311844 ], [ 137.99635297, 36.02206095 ], [ 137.995104360000028, 36.02088511 ], [ 137.994574090000015, 36.01999372 ], [ 137.993989360000029, 36.01935817 ], [ 137.992806300000012, 36.01883761 ], [ 137.99245825, 36.01798178 ], [ 137.99157433000002, 36.01638456 ], [ 137.992058500000013, 36.01473623 ], [ 137.992026010000018, 36.01409428 ], [ 137.994511830000022, 36.01273761 ], [ 137.995392940000016, 36.01265372 ], [ 137.99647545000002, 36.01214623 ], [ 137.99785211, 36.01173317 ], [ 137.99878156, 36.01161789 ], [ 137.999602940000017, 36.01131761 ], [ 138.00075988, 36.011209 ], [ 138.001235160000022, 36.01164511 ], [ 138.002753220000017, 36.01256984 ], [ 138.00485322000003, 36.01336678 ], [ 138.006122940000012, 36.01395511 ], [ 138.00687711, 36.01346095 ], [ 138.007848490000015, 36.0130718 ], [ 138.009247390000013, 36.0127518 ], [ 138.009241280000026, 36.01206013 ], [ 138.010963770000018, 36.01131847 ], [ 138.01282545, 36.01072875 ], [ 138.01461655, 36.00961069 ], [ 138.014861280000019, 36.00964764 ], [ 138.015517390000014, 36.0105168 ], [ 138.018274330000025, 36.0107682 ], [ 138.019420170000018, 36.01077208 ], [ 138.021406830000018, 36.01271792 ], [ 138.02225961, 36.01294792 ], [ 138.023572670000021, 36.01354487 ], [ 138.024140730000028, 36.01422487 ], [ 138.02456380000001, 36.0142868 ], [ 138.026138780000025, 36.01358875 ], [ 138.026539610000015, 36.0138468 ], [ 138.028597980000029, 36.01395739 ], [ 138.03056464, 36.01433072 ], [ 138.03108158, 36.01452239 ], [ 138.032429340000022, 36.01314572 ], [ 138.032570730000032, 36.01274823 ], [ 138.03320711, 36.01224989 ], [ 138.034279880000014, 36.01232156 ], [ 138.03533128, 36.01204933 ], [ 138.03617211, 36.01200711 ], [ 138.037326010000015, 36.01229711 ], [ 138.036696010000014, 36.01110851 ], [ 138.03634267000001, 36.00989767 ], [ 138.035497390000018, 36.009441 ], [ 138.035096010000018, 36.00879017 ], [ 138.03437545, 36.00894461 ], [ 138.03436156, 36.00770795 ], [ 138.035128500000013, 36.00595239 ], [ 138.03588044, 36.00514851 ], [ 138.035930440000016, 36.00438211 ], [ 138.036717370000019, 36.00368489 ], [ 138.036598750000024, 36.00272905 ], [ 138.037299860000019, 36.00302851 ], [ 138.03756737, 36.00274961 ], [ 138.036788200000018, 36.00135933 ], [ 138.038315970000014, 36.00088211 ], [ 138.039030140000023, 36.00031322 ], [ 138.040405140000018, 36.00022156 ], [ 138.042616520000024, 36.0012488 ], [ 138.04359403, 36.00155075 ], [ 138.0440982, 36.00117631 ], [ 138.044071530000025, 36.00081353 ], [ 138.045293750000013, 36.00022159 ], [ 138.045316520000029, 35.99960686 ], [ 138.048207280000014, 35.97440213 ], [ 138.04832866000001, 35.97298241 ], [ 138.048821730000014, 35.97135741 ], [ 138.048144770000022, 35.97073631 ], [ 138.047020050000015, 35.97064603 ], [ 138.04681864, 35.97040297 ], [ 138.04648531, 35.9685938 ], [ 138.046908910000013, 35.96771908 ], [ 138.0469228, 35.96691353 ], [ 138.045930030000022, 35.96513603 ], [ 138.044971700000019, 35.96480631 ], [ 138.044284190000013, 35.96379214 ], [ 138.04329837, 35.96340353 ], [ 138.042346940000016, 35.96255964 ], [ 138.041420270000032, 35.96231297 ], [ 138.04020472, 35.96176797 ], [ 138.03898973, 35.96186159 ], [ 138.038437500000015, 35.96262908 ], [ 138.037937780000021, 35.96294853 ], [ 138.03598639, 35.96228547 ], [ 138.03501083, 35.96242408 ], [ 138.034868610000018, 35.96144853 ], [ 138.03501112, 35.96026797 ], [ 138.035517780000021, 35.95948687 ], [ 138.036979730000013, 35.95859131 ], [ 138.037687780000027, 35.95842103 ], [ 138.03869472, 35.95740047 ], [ 138.03978167, 35.95682075 ], [ 138.04055917, 35.95599797 ], [ 138.04248608, 35.95495269 ], [ 138.04324997, 35.95472741 ], [ 138.04379497, 35.95357797 ], [ 138.0467672, 35.95197411 ], [ 138.04967302, 35.95166911 ], [ 138.05130136, 35.950978 ], [ 138.052672750000028, 35.94986022 ], [ 138.054054690000015, 35.94913467 ], [ 138.054499140000019, 35.94845744 ], [ 138.05468331, 35.94698189 ], [ 138.056880800000016, 35.94632217 ], [ 138.059023310000015, 35.94624633 ], [ 138.06060969, 35.94654133 ], [ 138.06151248, 35.94688523 ], [ 138.063217200000025, 35.94709689 ], [ 138.063578300000017, 35.94773911 ], [ 138.064303860000024, 35.94794411 ], [ 138.064855810000012, 35.94841967 ], [ 138.06576886000002, 35.94885022 ], [ 138.067393870000018, 35.9488122 ], [ 138.06895248, 35.94929136 ], [ 138.07019886, 35.94953803 ], [ 138.072039140000015, 35.95008303 ], [ 138.074014450000021, 35.9503158 ], [ 138.074091110000012, 35.9514508 ], [ 138.07500722, 35.9536658 ], [ 138.07557112, 35.95450247 ], [ 138.07623722, 35.95493747 ], [ 138.076542780000011, 35.9557222 ], [ 138.07732361, 35.95673941 ], [ 138.077504480000016, 35.9576422 ], [ 138.07839669, 35.95930164 ], [ 138.0796292, 35.96050303 ], [ 138.080323640000017, 35.96034331 ], [ 138.08126114, 35.96046831 ], [ 138.082590580000016, 35.96024941 ], [ 138.08390309, 35.96030525 ], [ 138.085256690000023, 35.96057914 ], [ 138.086550030000012, 35.96018025 ], [ 138.08762837, 35.96082692 ], [ 138.08870224, 35.96233192 ], [ 138.08904949, 35.96396525 ], [ 138.090043940000015, 35.96486331 ], [ 138.09087005, 35.96596525 ], [ 138.091369220000018, 35.9663608 ], [ 138.092023940000018, 35.96744664 ], [ 138.09298589, 35.96765025 ], [ 138.094483380000014, 35.96747469 ], [ 138.097785640000012, 35.96752664 ], [ 138.09934647, 35.96713941 ], [ 138.101718420000026, 35.96769053 ], [ 138.102241190000029, 35.96832136 ], [ 138.103838420000017, 35.96845692 ], [ 138.104812580000015, 35.96977887 ], [ 138.10564703, 35.97013441 ], [ 138.10693674, 35.97096859 ], [ 138.108066470000011, 35.97125611 ], [ 138.11068567, 35.97244584 ], [ 138.11269844, 35.97295695 ], [ 138.11325317, 35.97334056 ], [ 138.11315317, 35.97485361 ], [ 138.11378012, 35.97465 ], [ 138.114770390000018, 35.974015 ], [ 138.115469, 35.97438639 ], [ 138.117225940000026, 35.97449417 ], [ 138.118387610000013, 35.97347223 ], [ 138.120156230000021, 35.97359222 ], [ 138.12089927, 35.97301305 ], [ 138.122834, 35.97260417 ], [ 138.123154840000012, 35.97192223 ], [ 138.124766500000021, 35.97146667 ], [ 138.125115670000014, 35.97093361 ], [ 138.12587844, 35.97044667 ], [ 138.126700390000025, 35.9696475 ], [ 138.127419, 35.96808861 ], [ 138.12899428, 35.96726417 ], [ 138.13052761, 35.96617111 ], [ 138.13062983, 35.96565917 ], [ 138.13168484, 35.96544084 ], [ 138.133893990000018, 35.96351917 ], [ 138.13350202, 35.96260389 ], [ 138.1335662, 35.96217139 ], [ 138.13404148, 35.96196472 ], [ 138.136586780000016, 35.96238195 ], [ 138.138870950000012, 35.96111889 ], [ 138.140148970000013, 35.95980944 ], [ 138.14090815, 35.95838028 ], [ 138.14228591, 35.95860444 ], [ 138.14350564, 35.95863528 ], [ 138.14381925, 35.95839778 ], [ 138.14420536, 35.95706139 ], [ 138.14586591, 35.95568253 ], [ 138.14783202000001, 35.95592975 ], [ 138.149431750000019, 35.95534447 ], [ 138.150583970000014, 35.95412225 ], [ 138.15096759, 35.95328975 ], [ 138.151050920000017, 35.95230669 ], [ 138.15204036, 35.95172753 ], [ 138.15239786, 35.95049308 ], [ 138.151794530000018, 35.94984641 ], [ 138.15111647, 35.94951614 ], [ 138.149680610000019, 35.94813308 ], [ 138.148937, 35.94767141 ], [ 138.14769228, 35.94628669 ], [ 138.147401170000023, 35.94527086 ], [ 138.14745839, 35.94397086 ], [ 138.146716160000011, 35.94253808 ], [ 138.146651970000022, 35.94132141 ], [ 138.148020050000014, 35.94172531 ], [ 138.14858669, 35.94108586 ], [ 138.149993110000025, 35.94087336 ], [ 138.15039336000001, 35.94048725 ], [ 138.15063086, 35.93954475 ], [ 138.15120586, 35.93915669 ], [ 138.151533640000025, 35.93861225 ], [ 138.15225003, 35.93809059 ], [ 138.152164470000031, 35.93731031 ], [ 138.15253253000003, 35.9369128 ], [ 138.153629200000012, 35.9370092 ], [ 138.154222800000014, 35.93678336 ], [ 138.154731140000024, 35.93584253 ], [ 138.156166140000011, 35.93516697 ], [ 138.157113920000029, 35.93506641 ], [ 138.157676980000019, 35.9344792 ], [ 138.15833003000003, 35.9344428 ], [ 138.15937781, 35.93410086 ], [ 138.160789200000011, 35.9334578 ], [ 138.161028910000027, 35.93302141 ], [ 138.161182240000016, 35.93130641 ], [ 138.161859470000024, 35.93060559 ], [ 138.161825030000017, 35.93025197 ], [ 138.162834190000012, 35.92945253 ], [ 138.163301140000016, 35.92883059 ], [ 138.16380475, 35.92735725 ], [ 138.165087810000017, 35.92693422 ], [ 138.16579558, 35.92607477 ], [ 138.16627195, 35.92389256 ], [ 138.166145280000023, 35.92261395 ], [ 138.16531222, 35.91996589 ], [ 138.166140270000028, 35.9196195 ], [ 138.16639973, 35.91911005 ], [ 138.167978880000021, 35.91765117 ], [ 138.16846361, 35.91675284 ], [ 138.168912780000028, 35.91660117 ], [ 138.170663890000014, 35.91660284 ], [ 138.17219750000001, 35.91612144 ], [ 138.172921120000012, 35.91480284 ], [ 138.17374722, 35.91363089 ], [ 138.173814140000019, 35.91230505 ], [ 138.17313302, 35.911742 ], [ 138.17282248, 35.91090117 ], [ 138.17199636, 35.90987005 ], [ 138.171820250000025, 35.90782367 ], [ 138.1708772, 35.90725533 ], [ 138.16965997, 35.90623284 ], [ 138.169311610000022, 35.90494033 ], [ 138.169414110000019, 35.90454589 ], [ 138.170545230000016, 35.90294422 ], [ 138.171257450000013, 35.90220172 ], [ 138.17250438, 35.90045922 ], [ 138.17312217, 35.89904089 ], [ 138.172956060000018, 35.89826284 ], [ 138.17173438, 35.89652977 ], [ 138.171754940000028, 35.89603561 ], [ 138.173138280000018, 35.89493172 ], [ 138.17382659, 35.89407259 ], [ 138.173847130000013, 35.89311147 ], [ 138.17420214, 35.8915598 ], [ 138.174163530000015, 35.89060425 ], [ 138.17494603, 35.89040786 ], [ 138.176096300000012, 35.89071341 ], [ 138.17740214, 35.89156175 ], [ 138.178029080000016, 35.89180425 ], [ 138.178757420000011, 35.89073564 ], [ 138.18088241, 35.88915064 ], [ 138.18142519, 35.88686731 ], [ 138.181222970000022, 35.88599341 ], [ 138.18073603000002, 35.8852898 ], [ 138.18097713, 35.8844862 ], [ 138.18089742, 35.88397313 ], [ 138.18033881, 35.88318231 ], [ 138.179806300000024, 35.88289897 ], [ 138.17944713, 35.88226925 ], [ 138.179150170000014, 35.88017675 ], [ 138.178138500000017, 35.8792012 ], [ 138.17769739000002, 35.87841953 ], [ 138.177808780000021, 35.87761425 ], [ 138.178544890000012, 35.87681425 ], [ 138.179054620000016, 35.87655675 ], [ 138.181271, 35.87633453 ], [ 138.18206711, 35.87606259 ], [ 138.182961280000029, 35.8753698 ], [ 138.18326406, 35.8740848 ], [ 138.183654330000024, 35.87339203 ], [ 138.18228905, 35.87293092 ], [ 138.181861280000021, 35.87256064 ], [ 138.181305160000022, 35.87125508 ], [ 138.179607640000029, 35.86938675 ], [ 138.178440420000015, 35.86886259 ], [ 138.177208470000011, 35.86807731 ], [ 138.177051530000028, 35.86763703 ], [ 138.177628200000015, 35.86725369 ], [ 138.18085097, 35.8670962 ], [ 138.182307370000018, 35.86638147 ], [ 138.183118760000013, 35.86537789 ], [ 138.18426876, 35.86477789 ], [ 138.18448486, 35.86399817 ], [ 138.185629300000016, 35.86356678 ], [ 138.187829580000027, 35.86308733 ], [ 138.187868470000012, 35.86105233 ], [ 138.188169030000012, 35.85930956 ], [ 138.18889153, 35.85781344 ], [ 138.18863431, 35.85722261 ], [ 138.18798014, 35.85650428 ], [ 138.18793014000002, 35.85590984 ], [ 138.187340700000021, 35.85542261 ], [ 138.186128200000013, 35.85503372 ], [ 138.18552403000001, 35.85431928 ], [ 138.18486625, 35.85400984 ], [ 138.183739, 35.85255456 ], [ 138.18377872, 35.85056567 ], [ 138.18283205, 35.85020095 ], [ 138.18147733, 35.849234 ], [ 138.181043720000019, 35.84865623 ], [ 138.180390950000032, 35.848234 ], [ 138.17877872, 35.84678233 ], [ 138.17709511000001, 35.8448065 ], [ 138.176681190000011, 35.84408428 ], [ 138.176476470000011, 35.84288789 ], [ 138.17660036, 35.84139733 ], [ 138.17593258, 35.83998456 ], [ 138.17595674, 35.83875289 ], [ 138.17735148, 35.83755678 ], [ 138.17859008, 35.83614178 ], [ 138.17970008, 35.83402595 ], [ 138.18065453, 35.83314344 ], [ 138.180509250000028, 35.83194511 ], [ 138.18001591, 35.83111289 ], [ 138.17999953, 35.83027844 ], [ 138.17935008, 35.829364 ], [ 138.17912064, 35.82818289 ], [ 138.178635620000023, 35.82719653 ], [ 138.17804783, 35.82666264 ], [ 138.17713645, 35.82497069 ], [ 138.17609589, 35.82405264 ], [ 138.175526720000022, 35.8232418 ], [ 138.175926160000017, 35.82185875 ], [ 138.17580533, 35.82069708 ], [ 138.17594477, 35.81911708 ], [ 138.175686720000016, 35.8173068 ], [ 138.175232280000017, 35.81639069 ], [ 138.175070340000019, 35.81517431 ], [ 138.174718110000015, 35.8143518 ], [ 138.175070340000019, 35.81371264 ], [ 138.17515839, 35.8130168 ], [ 138.174918910000031, 35.81189903 ], [ 138.17432309, 35.8111432 ], [ 138.173981140000024, 35.81026375 ], [ 138.173153650000017, 35.80871208 ], [ 138.17337475, 35.80841513 ], [ 138.17381114, 35.8068718 ], [ 138.173825310000012, 35.8053932 ], [ 138.17356114, 35.80420541 ], [ 138.17281781, 35.80279708 ], [ 138.17228531, 35.80076292 ], [ 138.172805580000016, 35.7998518 ], [ 138.174163640000017, 35.79561375 ], [ 138.17406725, 35.7935382 ], [ 138.174589470000029, 35.79296459 ], [ 138.175249200000025, 35.79025656 ], [ 138.175848910000013, 35.78913544 ], [ 138.176090580000022, 35.78819905 ], [ 138.177407500000015, 35.78704461 ], [ 138.17749555, 35.78618517 ], [ 138.17937197, 35.78587323 ], [ 138.18026669, 35.78557156 ], [ 138.182439750000015, 35.78384767 ], [ 138.184266690000015, 35.78310711 ], [ 138.186378080000026, 35.78254961 ], [ 138.18774031, 35.78151711 ], [ 138.190068640000021, 35.78162211 ], [ 138.19189781, 35.78217961 ], [ 138.192723090000015, 35.78199267 ], [ 138.193163640000023, 35.78134184 ], [ 138.194564190000023, 35.78095128 ], [ 138.195658080000015, 35.78092989 ], [ 138.197343640000014, 35.78152544 ], [ 138.19832086, 35.78155739 ], [ 138.199630580000019, 35.78101044 ], [ 138.200816420000024, 35.7809235 ], [ 138.202448910000015, 35.78102544 ], [ 138.20341975, 35.78137905 ], [ 138.205327250000011, 35.78258544 ], [ 138.205933640000012, 35.78269711 ], [ 138.20641280000001, 35.78220489 ], [ 138.20768891000003, 35.78141933 ], [ 138.207973650000014, 35.78096017 ], [ 138.20872531, 35.78061822 ], [ 138.20990586, 35.77902489 ], [ 138.209993920000016, 35.77775822 ], [ 138.21044864000001, 35.777146 ], [ 138.211568910000011, 35.77650711 ], [ 138.211820860000017, 35.77577628 ], [ 138.21372141, 35.77484851 ], [ 138.214794470000015, 35.77477211 ], [ 138.21521031, 35.77446351 ], [ 138.21557891, 35.77282989 ], [ 138.217291970000019, 35.77137489 ], [ 138.220815580000021, 35.77089795 ], [ 138.221280580000013, 35.770671 ], [ 138.22187864, 35.76936933 ], [ 138.222616940000023, 35.76808461 ], [ 138.223911390000012, 35.76715211 ], [ 138.224678610000012, 35.76568877 ], [ 138.226001390000022, 35.76542017 ], [ 138.22779361000002, 35.76535684 ], [ 138.228305550000016, 35.76516656 ], [ 138.22891611, 35.76447905 ], [ 138.232161390000016, 35.76355156 ], [ 138.23338834, 35.7625685 ], [ 138.23425667, 35.76111044 ], [ 138.23460083, 35.760226 ], [ 138.236701950000025, 35.75771489 ], [ 138.23435917, 35.75692905 ], [ 138.233226390000027, 35.75589795 ], [ 138.23302555, 35.75548572 ], [ 138.23138917, 35.75499351 ], [ 138.23079722, 35.75458822 ], [ 138.23052611, 35.75401905 ], [ 138.22955805, 35.75304517 ], [ 138.22837861, 35.75365044 ], [ 138.22767, 35.75366544 ], [ 138.227188610000013, 35.75342017 ], [ 138.22621222, 35.75238044 ], [ 138.22518861, 35.75169461 ], [ 138.223310270000013, 35.7508635 ], [ 138.222083060000017, 35.75047961 ], [ 138.221743890000027, 35.74980184 ], [ 138.22055416, 35.74906544 ], [ 138.220925810000011, 35.74779017 ], [ 138.220264690000022, 35.74650711 ], [ 138.21924776000003, 35.74550877 ], [ 138.217708030000011, 35.74518711 ], [ 138.21548997, 35.74366989 ], [ 138.21365803, 35.74205795 ], [ 138.212914970000014, 35.74157433 ], [ 138.212440800000024, 35.74018156 ], [ 138.21063025, 35.73850684 ], [ 138.209887760000015, 35.73824989 ], [ 138.208946350000019, 35.73764378 ], [ 138.207936350000011, 35.73658767 ], [ 138.207163580000014, 35.73559684 ], [ 138.206577760000016, 35.73524544 ], [ 138.205699970000012, 35.73506461 ], [ 138.20453747000002, 35.73460739 ], [ 138.20347747, 35.73473378 ], [ 138.20292803000001, 35.73462767 ], [ 138.20054997, 35.73311905 ], [ 138.20018248, 35.73266408 ], [ 138.199546640000023, 35.73063575 ], [ 138.198534420000016, 35.7294402 ], [ 138.19747442000002, 35.72703241 ], [ 138.19636886, 35.72655825 ], [ 138.196022480000011, 35.72610436 ], [ 138.194141630000018, 35.72546492 ], [ 138.193143310000011, 35.72546492 ], [ 138.19178469000002, 35.72500187 ], [ 138.19026163, 35.72380659 ], [ 138.188881360000011, 35.72326908 ], [ 138.18798080000002, 35.72315936 ], [ 138.186644140000027, 35.72215353 ], [ 138.18631358, 35.72149131 ], [ 138.18626136, 35.72026269 ], [ 138.185844140000029, 35.71999492 ], [ 138.184357760000012, 35.7197588 ], [ 138.18349859, 35.71986741 ], [ 138.183147760000026, 35.71913936 ], [ 138.181848300000013, 35.71833797 ], [ 138.18123302, 35.71668159 ], [ 138.1804908, 35.71569797 ], [ 138.18014553, 35.71453769 ], [ 138.18034080000001, 35.71290908 ], [ 138.180856080000012, 35.71123769 ], [ 138.181697200000031, 35.71083213 ], [ 138.18202109, 35.70971103 ], [ 138.182765250000017, 35.70903075 ], [ 138.183574690000029, 35.70778659 ], [ 138.185432440000028, 35.70624353 ], [ 138.18653022, 35.70496825 ], [ 138.186667170000021, 35.70443269 ], [ 138.18834745, 35.70330964 ], [ 138.19005134, 35.7026238 ], [ 138.19115939, 35.70189853 ], [ 138.19139411, 35.70134297 ], [ 138.192496620000014, 35.69954297 ], [ 138.192403, 35.69886436 ], [ 138.193604380000011, 35.6969288 ], [ 138.193584110000018, 35.6960402 ], [ 138.193983, 35.69549353 ], [ 138.193666330000013, 35.6929202 ], [ 138.193319950000017, 35.69185492 ], [ 138.193652720000017, 35.6911838 ], [ 138.19343606000001, 35.68986186 ], [ 138.19369828, 35.68896187 ], [ 138.193474940000016, 35.68796547 ], [ 138.19298939, 35.68720575 ], [ 138.19228966, 35.68660714 ], [ 138.191297720000023, 35.68537825 ], [ 138.19179022, 35.68470131 ], [ 138.19189051, 35.68413603 ], [ 138.192435500000016, 35.68298908 ], [ 138.192089110000012, 35.68244603 ], [ 138.193117130000019, 35.6811002 ], [ 138.193171850000027, 35.68054797 ], [ 138.19246297, 35.67895992 ], [ 138.19271742, 35.67701241 ], [ 138.193152700000013, 35.67675575 ], [ 138.19380713000001, 35.67545241 ], [ 138.194244920000017, 35.67487992 ], [ 138.194264090000019, 35.67381547 ], [ 138.193302140000014, 35.67226464 ], [ 138.193571030000015, 35.67195436 ], [ 138.194684920000014, 35.67143297 ], [ 138.196663530000023, 35.6700588 ], [ 138.198373530000026, 35.66967628 ], [ 138.199204920000028, 35.66930628 ], [ 138.200606300000032, 35.66791572 ], [ 138.20095489000002, 35.66743211 ], [ 138.202915720000021, 35.66599323 ], [ 138.2031685, 35.66513822 ], [ 138.20380406000001, 35.66470684 ], [ 138.205489050000011, 35.66426433 ], [ 138.2060835, 35.66270989 ], [ 138.206935160000029, 35.66193628 ], [ 138.207850730000018, 35.65994517 ], [ 138.20816849000002, 35.65842072 ], [ 138.208199340000021, 35.65676795 ], [ 138.20808462, 35.65578877 ], [ 138.20901348000001, 35.65511795 ], [ 138.20965791, 35.65406708 ], [ 138.21013625, 35.65291264 ], [ 138.210860700000012, 35.65233431 ], [ 138.211025690000014, 35.6517718 ], [ 138.211788750000011, 35.65143736 ], [ 138.21294097, 35.65040347 ], [ 138.213895690000015, 35.64997208 ], [ 138.214291240000023, 35.64955403 ], [ 138.214995140000013, 35.64928459 ], [ 138.216264030000019, 35.64845708 ], [ 138.217109030000017, 35.64772847 ], [ 138.217687080000019, 35.64687487 ], [ 138.217892050000017, 35.64498041 ], [ 138.218670660000015, 35.64454931 ], [ 138.21782844, 35.64316014 ], [ 138.217382050000026, 35.64277153 ], [ 138.217156500000016, 35.64205236 ], [ 138.215072890000016, 35.63933764 ], [ 138.213936500000017, 35.63838403 ], [ 138.212890120000026, 35.6370768 ], [ 138.211581780000017, 35.63574013 ], [ 138.21122122, 35.63521541 ], [ 138.209990120000015, 35.63419513 ], [ 138.208473160000011, 35.63334903 ], [ 138.20755345, 35.63305708 ], [ 138.205715420000018, 35.63302736 ], [ 138.20344209000001, 35.63218097 ], [ 138.203334580000018, 35.63201764 ], [ 138.203607910000017, 35.62992597 ], [ 138.20342234, 35.62776403 ], [ 138.202905110000017, 35.62613153 ], [ 138.20304178, 35.62557931 ], [ 138.202907610000011, 35.6244868 ], [ 138.203069270000015, 35.62323764 ], [ 138.202811780000019, 35.62174653 ], [ 138.20293511, 35.61937041 ], [ 138.202404550000011, 35.61821597 ], [ 138.20304844, 35.61752208 ], [ 138.203390120000023, 35.6164968 ], [ 138.20417623, 35.61566125 ], [ 138.204301220000019, 35.61454041 ], [ 138.205046230000022, 35.6133718 ], [ 138.205178170000011, 35.61191792 ], [ 138.205603990000014, 35.61009761 ], [ 138.20574317, 35.60905844 ], [ 138.206055360000022, 35.6083965 ], [ 138.204215080000012, 35.60597205 ], [ 138.20369122, 35.60552567 ], [ 138.20249345000002, 35.60404205 ], [ 138.201924280000014, 35.60381511 ], [ 138.20163484, 35.60245984 ], [ 138.201022610000024, 35.60165289 ], [ 138.20084258, 35.60043067 ], [ 138.200429800000023, 35.59956261 ], [ 138.19962397, 35.59880622 ], [ 138.19831258, 35.59781653 ], [ 138.19756591, 35.5968682 ], [ 138.195957860000021, 35.59549041 ], [ 138.195311480000015, 35.5944882 ], [ 138.19525202, 35.59374431 ], [ 138.194621190000021, 35.59235764 ], [ 138.194755640000011, 35.5910968 ], [ 138.194338970000018, 35.58980097 ], [ 138.194630360000019, 35.58862205 ], [ 138.19411564, 35.58763317 ], [ 138.192910080000019, 35.586169 ], [ 138.19215341, 35.58460123 ], [ 138.191221750000011, 35.58353623 ], [ 138.19045148, 35.58324428 ], [ 138.18982148, 35.58205956 ], [ 138.18909815, 35.58147205 ], [ 138.188922870000027, 35.580559 ], [ 138.18985564, 35.5795515 ], [ 138.18998314000001, 35.57881511 ], [ 138.18949064, 35.57678095 ], [ 138.18806287000001, 35.57616372 ], [ 138.18637175, 35.57494372 ], [ 138.18641258, 35.57458678 ], [ 138.18578231, 35.57375567 ], [ 138.184398970000018, 35.57309178 ], [ 138.18360092, 35.57340789 ], [ 138.18250869000002, 35.57452705 ], [ 138.18156898, 35.5746815 ], [ 138.178400080000017, 35.57484875 ], [ 138.17772647000001, 35.57539736 ], [ 138.177080360000019, 35.57630486 ], [ 138.176369530000017, 35.57672487 ], [ 138.17537981000001, 35.57878513 ], [ 138.173738140000012, 35.57969403 ], [ 138.172841750000032, 35.5816018 ], [ 138.171278980000011, 35.58208513 ], [ 138.17085591, 35.58241792 ], [ 138.169485080000015, 35.5824068 ], [ 138.167382870000012, 35.58290708 ], [ 138.166553970000024, 35.5824832 ], [ 138.164642870000023, 35.58186013 ], [ 138.163322310000012, 35.58164264 ], [ 138.162050360000023, 35.58129489 ], [ 138.161381480000017, 35.580871 ], [ 138.16086314, 35.57999684 ], [ 138.16074036, 35.57822513 ], [ 138.16048759, 35.57708347 ], [ 138.160098690000012, 35.57612792 ], [ 138.15910008, 35.57508264 ], [ 138.157408690000011, 35.57367708 ], [ 138.15722202, 35.5731082 ], [ 138.155970920000016, 35.57248708 ], [ 138.153442310000031, 35.57188847 ], [ 138.15295314, 35.57148487 ], [ 138.151810360000013, 35.57095987 ], [ 138.151845080000015, 35.57169541 ], [ 138.15156536, 35.57241764 ], [ 138.14971591, 35.57368295 ], [ 138.149067590000016, 35.57380767 ], [ 138.147825360000013, 35.57488684 ], [ 138.14717231000003, 35.575916 ], [ 138.14676508, 35.57628128 ], [ 138.14530202, 35.57659544 ], [ 138.14387815, 35.57651823 ], [ 138.14251314, 35.57717933 ], [ 138.140834230000024, 35.57735767 ], [ 138.139360050000022, 35.57823433 ], [ 138.13840672, 35.57856905 ], [ 138.13764895, 35.579056 ], [ 138.136268420000022, 35.58072378 ], [ 138.136131750000033, 35.58143044 ], [ 138.135653970000021, 35.5816888 ], [ 138.133715890000019, 35.58143408 ], [ 138.132393940000014, 35.58171464 ], [ 138.131745060000014, 35.5813938 ], [ 138.13082144, 35.58130464 ], [ 138.13006589, 35.58298936 ], [ 138.129963670000024, 35.58362325 ], [ 138.128844230000027, 35.5849452 ], [ 138.128075620000033, 35.58534131 ], [ 138.12734756, 35.58606825 ], [ 138.12708616, 35.5867538 ], [ 138.127331750000025, 35.5878952 ], [ 138.12725647000002, 35.58840269 ], [ 138.126225080000012, 35.58930187 ], [ 138.12639175000001, 35.59014353 ], [ 138.1258762, 35.59153384 ], [ 138.12610397, 35.59254717 ], [ 138.12532508000001, 35.59369161 ], [ 138.124298150000016, 35.59453356 ], [ 138.12323231000002, 35.59482744 ], [ 138.122086740000015, 35.59618272 ], [ 138.121521750000028, 35.59655717 ], [ 138.12063759, 35.59641411 ], [ 138.11986314, 35.59663633 ], [ 138.11855064, 35.59654272 ], [ 138.117710360000018, 35.59697328 ], [ 138.11628008, 35.59734828 ], [ 138.11567258, 35.59729272 ], [ 138.11414815, 35.59882356 ], [ 138.113349810000017, 35.59940689 ], [ 138.11258591, 35.59947661 ], [ 138.11074202, 35.60052136 ], [ 138.109849810000014, 35.60171887 ], [ 138.109179800000021, 35.60286136 ], [ 138.108593140000011, 35.60336441 ], [ 138.10760703, 35.60494441 ], [ 138.10734647000001, 35.60601359 ], [ 138.10642647, 35.60655859 ], [ 138.10662453, 35.60731887 ], [ 138.10598564, 35.60781887 ], [ 138.104888720000019, 35.6091172 ], [ 138.10278095000001, 35.61240833 ], [ 138.102791500000023, 35.61299167 ], [ 138.10193399000002, 35.61405389 ], [ 138.10108317000001, 35.61489056 ], [ 138.101503450000024, 35.61577223 ], [ 138.10314209, 35.61680361 ], [ 138.10333986, 35.61745972 ], [ 138.10438876, 35.61861584 ], [ 138.104315690000021, 35.61991056 ], [ 138.104548490000013, 35.62046972 ], [ 138.10446156, 35.62113611 ], [ 138.103964890000015, 35.62266389 ], [ 138.104239340000021, 35.62335475 ], [ 138.104888220000021, 35.62413586 ], [ 138.105155720000027, 35.6254378 ], [ 138.105909360000027, 35.62687169 ], [ 138.105329360000013, 35.62715613 ], [ 138.10513131, 35.62861086 ], [ 138.10522158, 35.63046503 ], [ 138.10496131, 35.63091253 ], [ 138.104940510000034, 35.63179808 ], [ 138.105280780000015, 35.63223531 ], [ 138.104718280000014, 35.63336697 ], [ 138.104221610000025, 35.63387059 ], [ 138.104360510000021, 35.63445059 ], [ 138.10415244, 35.63522784 ], [ 138.103784110000021, 35.63572117 ], [ 138.103711340000018, 35.63643617 ], [ 138.10420442, 35.63891144 ], [ 138.103329420000023, 35.64128977 ], [ 138.102537760000018, 35.64253256 ], [ 138.10238834, 35.64332756 ], [ 138.10245445000001, 35.64454617 ], [ 138.10201694, 35.64516756 ], [ 138.10187805000001, 35.64699731 ], [ 138.10201, 35.64773314 ], [ 138.102533920000013, 35.64867731 ], [ 138.101183640000016, 35.64819841 ], [ 138.09917, 35.64780925 ], [ 138.098676980000022, 35.64931259 ], [ 138.098367520000011, 35.65062175 ], [ 138.09813531, 35.65079175 ], [ 138.09651722000001, 35.65093397 ], [ 138.095375010000026, 35.65134005 ], [ 138.09381611, 35.65263478 ], [ 138.09301747, 35.65394395 ], [ 138.0923472, 35.65445756 ], [ 138.091958300000016, 35.655027 ], [ 138.09248969, 35.65571784 ], [ 138.09258691, 35.65639811 ], [ 138.09235080000002, 35.656867 ], [ 138.091364700000014, 35.65750256 ], [ 138.091034690000015, 35.65823839 ], [ 138.090795250000014, 35.65949533 ], [ 138.090437470000012, 35.65997756 ], [ 138.090451630000018, 35.66077978 ], [ 138.08958358000001, 35.66126922 ], [ 138.08889577, 35.66291836 ], [ 138.088222170000023, 35.66356392 ], [ 138.08830217000002, 35.66434864 ], [ 138.087562440000028, 35.66531031 ], [ 138.087538280000018, 35.66584475 ], [ 138.087132170000018, 35.66637586 ], [ 138.08768078, 35.66774753 ], [ 138.087566060000029, 35.66832697 ], [ 138.08662633, 35.66997364 ], [ 138.086129660000012, 35.67150947 ], [ 138.085692170000016, 35.67211864 ], [ 138.08554633, 35.67295197 ], [ 138.084842970000011, 35.67419639 ], [ 138.083499360000019, 35.67499333 ], [ 138.08316603, 35.67593028 ], [ 138.080463260000016, 35.67775833 ], [ 138.079609050000016, 35.67869056 ], [ 138.07948406, 35.67938333 ], [ 138.08012961, 35.68031528 ], [ 138.07997850000001, 35.68148195 ], [ 138.079139880000014, 35.68248167 ], [ 138.07893156, 35.68320056 ], [ 138.079207670000017, 35.68428913 ], [ 138.078478500000017, 35.6857472 ], [ 138.07880628, 35.68750192 ], [ 138.078337660000017, 35.68793941 ], [ 138.078040730000026, 35.6887572 ], [ 138.07797822, 35.69129859 ], [ 138.07716044, 35.6926108 ], [ 138.0771135, 35.69432441 ], [ 138.075915720000012, 35.69508997 ], [ 138.07557739, 35.6951472 ], [ 138.0736918, 35.69602717 ], [ 138.071968200000015, 35.69670411 ], [ 138.071734030000016, 35.69719911 ], [ 138.070202630000011, 35.69827161 ], [ 138.068921250000017, 35.69859467 ], [ 138.06845764000002, 35.69905272 ], [ 138.06759317, 35.69938078 ], [ 138.066702610000021, 35.69950051 ], [ 138.065640120000012, 35.69999523 ], [ 138.06483817, 35.70103161 ], [ 138.064437060000017, 35.70180217 ], [ 138.06366122, 35.70248464 ], [ 138.06137261, 35.70353964 ], [ 138.060305910000011, 35.70297325 ], [ 138.059832310000019, 35.70240797 ], [ 138.058180640000018, 35.7023488 ], [ 138.05754008, 35.70214436 ], [ 138.056210920000012, 35.70200436 ], [ 138.055198970000021, 35.70082575 ], [ 138.05402589000002, 35.70076659 ], [ 138.05237922, 35.7013638 ], [ 138.051464230000022, 35.70139075 ], [ 138.050630050000024, 35.7019452 ], [ 138.05018866, 35.70146603 ], [ 138.049241720000026, 35.70085269 ], [ 138.04877367, 35.69932353 ], [ 138.048316160000013, 35.69897464 ], [ 138.04724533000001, 35.69906575 ], [ 138.046497250000016, 35.6979788 ], [ 138.04612031, 35.69712297 ], [ 138.04622808000002, 35.69648853 ], [ 138.04593781, 35.69572408 ], [ 138.044678370000014, 35.69477159 ], [ 138.045114470000016, 35.69366853 ], [ 138.04431781, 35.69301187 ], [ 138.043408640000024, 35.69138686 ], [ 138.04335475000002, 35.69055797 ], [ 138.043726140000018, 35.68864241 ], [ 138.04426419, 35.68801797 ], [ 138.045346130000013, 35.68630131 ], [ 138.04536224, 35.68560187 ], [ 138.044426140000013, 35.68469797 ], [ 138.044291410000028, 35.68406269 ], [ 138.043806980000028, 35.68326075 ], [ 138.04373197000001, 35.6823138 ], [ 138.0440117, 35.68114047 ], [ 138.04345752, 35.68007547 ], [ 138.04345224, 35.67912269 ], [ 138.043888080000016, 35.6785252 ], [ 138.04365669, 35.67695408 ], [ 138.04392058000002, 35.67597992 ], [ 138.04367475, 35.67508297 ], [ 138.044050030000022, 35.67467244 ], [ 138.043624750000021, 35.67347772 ], [ 138.04275834, 35.67360131 ], [ 138.0418975, 35.67306325 ], [ 138.041267780000027, 35.67220741 ], [ 138.039835840000023, 35.6713952 ], [ 138.038533890000025, 35.6710452 ], [ 138.03799056, 35.67009269 ], [ 138.03813667, 35.66981964 ], [ 138.037968050000018, 35.66889297 ], [ 138.037459970000015, 35.66865547 ], [ 138.03577248000002, 35.66702241 ], [ 138.0353183, 35.66694325 ], [ 138.035276910000022, 35.66561825 ], [ 138.035485250000022, 35.66506436 ] ] ] } },
{ "type": "Feature", "properties": { "kouiki": "上田", "area_km2": 905.19, "chiiki": "東信" }, "geometry": { "type": "Polygon", "coordinates": [ [ [ 138.232830510000014, 36.11022578 ], [ 138.232166060000026, 36.10959551 ], [ 138.2304527, 36.10910939 ], [ 138.229821030000011, 36.10917772 ], [ 138.22785464, 36.10808022 ], [ 138.22509297000002, 36.10823967 ], [ 138.22441881, 36.10815244 ], [ 138.222331020000013, 36.1070055 ], [ 138.219924920000011, 36.105878 ], [ 138.218015160000022, 36.10552105 ], [ 138.216858780000024, 36.10519077 ], [ 138.214952670000031, 36.10733772 ], [ 138.21457156, 36.10743495 ], [ 138.212177950000012, 36.10748384 ], [ 138.209750440000022, 36.10738078 ], [ 138.208767670000015, 36.10675161 ], [ 138.20513711000001, 36.10658328 ], [ 138.204434890000016, 36.10669189 ], [ 138.203378500000014, 36.10655636 ], [ 138.20123211, 36.10696831 ], [ 138.199533770000016, 36.10773303 ], [ 138.199681, 36.10874717 ], [ 138.20040294, 36.11035244 ], [ 138.199386280000027, 36.11094356 ], [ 138.194532110000011, 36.11141522 ], [ 138.19402406, 36.11215272 ], [ 138.19119545, 36.11482661 ], [ 138.190265720000014, 36.11582439 ], [ 138.18991822000001, 36.11641023 ], [ 138.189791, 36.11874772 ], [ 138.18987131, 36.11928467 ], [ 138.191235190000015, 36.12211577 ], [ 138.19112825, 36.12269577 ], [ 138.18857409, 36.12406272 ], [ 138.18749075, 36.12342272 ], [ 138.186100190000019, 36.12335772 ], [ 138.18178713, 36.12369911 ], [ 138.180964640000013, 36.12393772 ], [ 138.180603530000013, 36.12379661 ], [ 138.17976128, 36.12181717 ], [ 138.178999050000016, 36.12150244 ], [ 138.177708490000015, 36.121508 ], [ 138.17665211, 36.1211555 ], [ 138.17524795, 36.12103578 ], [ 138.17494683000001, 36.12125272 ], [ 138.17270044, 36.12227244 ], [ 138.169290170000011, 36.12372577 ], [ 138.16757156, 36.12368244 ], [ 138.166756, 36.12339495 ], [ 138.165633500000013, 36.12251856 ], [ 138.164409050000017, 36.12193051 ], [ 138.16288462, 36.12145859 ], [ 138.162008500000013, 36.12132303 ], [ 138.161079340000015, 36.12171359 ], [ 138.160898780000025, 36.12236967 ], [ 138.160216830000024, 36.12349772 ], [ 138.1596685, 36.12399133 ], [ 138.15819739, 36.12485884 ], [ 138.157107390000021, 36.12635023 ], [ 138.15702044, 36.12685467 ], [ 138.15781601, 36.12780384 ], [ 138.15683322000001, 36.12934411 ], [ 138.15453294, 36.12976717 ], [ 138.154292390000023, 36.13043439 ], [ 138.154231830000015, 36.13186605 ], [ 138.153054920000017, 36.13484356 ], [ 138.153268810000014, 36.13584161 ], [ 138.15328908, 36.13771797 ], [ 138.152098810000012, 36.13834187 ], [ 138.151035470000011, 36.13934492 ], [ 138.150821580000013, 36.14001214 ], [ 138.150086030000011, 36.14138964 ], [ 138.14932384, 36.14214353 ], [ 138.148013280000015, 36.14296269 ], [ 138.147056890000016, 36.1441502 ], [ 138.145118, 36.14495825 ], [ 138.14396772, 36.14513159 ], [ 138.14014326, 36.14388408 ], [ 138.137274670000011, 36.14598297 ], [ 138.13710078, 36.14629769 ], [ 138.137194380000011, 36.14742575 ], [ 138.13639856, 36.14787575 ], [ 138.134700510000016, 36.14823908 ], [ 138.134212170000012, 36.15000714 ], [ 138.134633550000018, 36.15073408 ], [ 138.13444633, 36.1519435 ], [ 138.134934110000017, 36.153131 ], [ 138.13478717000001, 36.15344017 ], [ 138.13521497, 36.15443822 ], [ 138.13540219, 36.155756 ], [ 138.134593310000014, 36.15603267 ], [ 138.13499442, 36.15812072 ], [ 138.13361025, 36.16103851 ], [ 138.134058300000021, 36.16196072 ], [ 138.13387778, 36.16294211 ], [ 138.132734160000012, 36.16385877 ], [ 138.13149056, 36.16398905 ], [ 138.13055416, 36.16471017 ], [ 138.129838880000023, 36.16493792 ], [ 138.128842500000019, 36.16591431 ], [ 138.127832780000034, 36.16648347 ], [ 138.12821416, 36.16666792 ], [ 138.127438340000026, 36.16816487 ], [ 138.127411670000015, 36.16938513 ], [ 138.12759195000001, 36.16980847 ], [ 138.12738472, 36.1705932 ], [ 138.126880270000015, 36.17096236 ], [ 138.127278640000014, 36.17290292 ], [ 138.12825752, 36.17362487 ], [ 138.12972975, 36.17418069 ], [ 138.131009200000022, 36.17603541 ], [ 138.13123808, 36.17673541 ], [ 138.130922240000018, 36.17720903 ], [ 138.13017086, 36.17774708 ], [ 138.130165030000029, 36.17860708 ], [ 138.129678660000025, 36.17923875 ], [ 138.128240340000019, 36.18016736 ], [ 138.12793034, 36.18085569 ], [ 138.12693311000001, 36.18186764 ], [ 138.126622, 36.18300872 ], [ 138.126170050000013, 36.18356123 ], [ 138.12617645, 36.18508205 ], [ 138.12668394, 36.186479 ], [ 138.1265445, 36.18689567 ], [ 138.12719481000002, 36.18826956 ], [ 138.127315080000017, 36.18915095 ], [ 138.12776119000003, 36.18980344 ], [ 138.127955360000016, 36.19157789 ], [ 138.127629250000012, 36.19331344 ], [ 138.12792647, 36.194379 ], [ 138.12758983, 36.19553233 ], [ 138.12773261000001, 36.19674095 ], [ 138.127629829999989, 36.19736261 ], [ 138.12720066, 36.19806761 ], [ 138.12718983, 36.19900872 ], [ 138.126543160000011, 36.199519 ], [ 138.125731500000029, 36.20098344 ], [ 138.126616250000012, 36.20280344 ], [ 138.12674791, 36.20388456 ], [ 138.127342630000015, 36.20499813 ], [ 138.128109030000019, 36.20594925 ], [ 138.128297910000015, 36.20646425 ], [ 138.12915569, 36.20707231 ], [ 138.12947041000001, 36.2077498 ], [ 138.128972630000021, 36.20917397 ], [ 138.12931597, 36.20968453 ], [ 138.12957878, 36.21123453 ], [ 138.129338500000017, 36.21170759 ], [ 138.126776010000015, 36.21402286 ], [ 138.125706010000016, 36.21485814 ], [ 138.12265156, 36.21640314 ], [ 138.122050730000012, 36.21697397 ], [ 138.119812970000027, 36.21870064 ], [ 138.117604920000019, 36.21919759 ], [ 138.116904920000025, 36.21902286 ], [ 138.116199640000019, 36.22012787 ], [ 138.115499920000019, 36.22073953 ], [ 138.11613519, 36.22275313 ], [ 138.114422970000021, 36.22319869 ], [ 138.113034090000014, 36.22462286 ], [ 138.11170411, 36.22538284 ], [ 138.109578, 36.22587228 ], [ 138.10769883, 36.22582395 ], [ 138.107079660000011, 36.22598561 ], [ 138.105712440000019, 36.22777644 ], [ 138.10475467, 36.22959339 ], [ 138.10479523, 36.23095644 ], [ 138.10544859, 36.23219756 ], [ 138.10568497, 36.23350339 ], [ 138.105178860000024, 36.23440784 ], [ 138.10392442, 36.23554784 ], [ 138.10245469000003, 36.23654395 ], [ 138.10116414, 36.236652 ], [ 138.099549140000022, 36.236237 ], [ 138.097422750000021, 36.23648561 ], [ 138.096642190000011, 36.23676978 ], [ 138.09439167, 36.23706228 ], [ 138.092480830000028, 36.23718478 ], [ 138.09259361, 36.23984478 ], [ 138.09255861, 36.24131059 ], [ 138.091546390000019, 36.2419742 ], [ 138.091018640000016, 36.24316253 ], [ 138.090243360000017, 36.24362141 ], [ 138.08806336, 36.24373892 ], [ 138.087201970000024, 36.24360364 ], [ 138.086238370000018, 36.24379141 ], [ 138.085037810000017, 36.2437478 ], [ 138.08475253, 36.24406225 ], [ 138.084214190000012, 36.24588808 ], [ 138.08504837000001, 36.24720308 ], [ 138.083315030000023, 36.24800225 ], [ 138.08246975, 36.24852225 ], [ 138.08112392000001, 36.24964475 ], [ 138.07911586, 36.25111697 ], [ 138.07998781, 36.25213475 ], [ 138.079368080000023, 36.25313059 ], [ 138.080104190000014, 36.25358447 ], [ 138.07988086, 36.25427336 ], [ 138.07913197000002, 36.2549745 ], [ 138.078296420000015, 36.25628256 ], [ 138.079081410000015, 36.25833895 ], [ 138.080485580000015, 36.26024867 ], [ 138.080867250000011, 36.26037144 ], [ 138.082372240000012, 36.26133505 ], [ 138.08280141000003, 36.26178005 ], [ 138.08210058, 36.26288728 ], [ 138.08115419, 36.26363978 ], [ 138.07994419000002, 36.26540395 ], [ 138.079689200000018, 36.26651089 ], [ 138.079006980000031, 36.26735228 ], [ 138.076550030000021, 36.26939644 ], [ 138.076140580000015, 36.27028922 ], [ 138.075421700000021, 36.27075422 ], [ 138.07483027, 36.27084284 ], [ 138.07390222, 36.27158839 ], [ 138.07320139, 36.27180256 ], [ 138.072928340000033, 36.27273228 ], [ 138.073674720000014, 36.27372867 ], [ 138.073920270000031, 36.27452561 ], [ 138.074738880000012, 36.27552951 ], [ 138.074857220000013, 36.27656284 ], [ 138.07471167, 36.27771397 ], [ 138.07440222, 36.27853314 ], [ 138.073191950000023, 36.28001647 ], [ 138.072709730000014, 36.28108647 ], [ 138.072609730000011, 36.28193536 ], [ 138.072200270000025, 36.28257008 ], [ 138.070962780000031, 36.28344092 ], [ 138.070280270000012, 36.2841198 ], [ 138.069070830000015, 36.28488341 ], [ 138.070259170000014, 36.28526897 ], [ 138.07056361, 36.2855462 ], [ 138.070786390000023, 36.28641369 ], [ 138.071618050000012, 36.2866848 ], [ 138.071595840000015, 36.28722064 ], [ 138.07205611, 36.28791341 ], [ 138.072160270000012, 36.28849759 ], [ 138.073088340000027, 36.28916036 ], [ 138.073214450000023, 36.29122036 ], [ 138.074120560000011, 36.29166592 ], [ 138.074454450000019, 36.29337647 ], [ 138.07507834, 36.29564731 ], [ 138.074387780000023, 36.2966412 ], [ 138.072855840000017, 36.29768092 ], [ 138.07421416, 36.29830067 ], [ 138.075855010000026, 36.29856844 ], [ 138.076543610000016, 36.29908123 ], [ 138.076666390000014, 36.3011465 ], [ 138.077373330000029, 36.30180456 ], [ 138.07832611, 36.30239344 ], [ 138.078486390000023, 36.303189 ], [ 138.07819416000001, 36.30526205 ], [ 138.078986110000017, 36.30609595 ], [ 138.0797125, 36.30663122 ], [ 138.080778340000023, 36.30695261 ], [ 138.08142917, 36.30738123 ], [ 138.082504160000013, 36.30764122 ], [ 138.083013330000028, 36.308284 ], [ 138.08323973, 36.30943872 ], [ 138.08252306, 36.31041817 ], [ 138.081428890000012, 36.31112177 ], [ 138.081004450000023, 36.31233067 ], [ 138.07842027, 36.31285817 ], [ 138.07399694, 36.31541289 ], [ 138.071007220000013, 36.31654539 ], [ 138.071525550000018, 36.31795289 ], [ 138.07129917, 36.31968928 ], [ 138.07212, 36.32141789 ], [ 138.072185840000031, 36.32184651 ], [ 138.071403060000023, 36.323384 ], [ 138.07165778000001, 36.32390428 ], [ 138.071515840000018, 36.32491372 ], [ 138.07078973, 36.32601567 ], [ 138.06994086, 36.32770595 ], [ 138.069271140000012, 36.32993205 ], [ 138.06738475, 36.33159984 ], [ 138.065111700000017, 36.33291539 ], [ 138.06442309000002, 36.3334815 ], [ 138.06605475, 36.33477428 ], [ 138.06646031, 36.33570011 ], [ 138.067545030000019, 36.33635039 ], [ 138.067889470000011, 36.33672678 ], [ 138.06782419000001, 36.3372165 ], [ 138.06648031, 36.33979178 ], [ 138.066311410000026, 36.34048178 ], [ 138.065752800000013, 36.34154567 ], [ 138.066473380000019, 36.3441265 ], [ 138.066668390000018, 36.34527984 ], [ 138.067726720000024, 36.3460065 ], [ 138.068843390000012, 36.34629095 ], [ 138.070031730000011, 36.34696511 ], [ 138.070122560000016, 36.34752872 ], [ 138.06949283, 36.34955123 ], [ 138.06986949, 36.35056205 ], [ 138.070596450000011, 36.35103623 ], [ 138.07142117, 36.35246372 ], [ 138.071375620000026, 36.35352205 ], [ 138.071907830000015, 36.35452817 ], [ 138.073018390000016, 36.35536039 ], [ 138.073466450000012, 36.35636123 ], [ 138.074323390000018, 36.35695067 ], [ 138.075595890000017, 36.35882069 ], [ 138.07669339, 36.35938431 ], [ 138.07800477, 36.36087987 ], [ 138.077602310000032, 36.36196486 ], [ 138.07780341, 36.36267569 ], [ 138.07719953, 36.36371844 ], [ 138.07632953000001, 36.3647665 ], [ 138.07614759, 36.36707844 ], [ 138.07751761, 36.36897456 ], [ 138.078445940000023, 36.36957484 ], [ 138.079062890000017, 36.37020705 ], [ 138.079867890000031, 36.37070733 ], [ 138.08004345, 36.37106539 ], [ 138.07919956, 36.3721115 ], [ 138.07855733, 36.37305539 ], [ 138.07717039000002, 36.37449705 ], [ 138.076220950000021, 36.37511623 ], [ 138.07594180000001, 36.37550872 ], [ 138.074192090000025, 36.37664872 ], [ 138.07332625, 36.37774317 ], [ 138.072888760000012, 36.378634 ], [ 138.072991240000022, 36.37948705 ], [ 138.071967390000026, 36.38088344 ], [ 138.071809050000013, 36.38177428 ], [ 138.072227950000013, 36.38318592 ], [ 138.072200170000031, 36.38446203 ], [ 138.07244211, 36.3851562 ], [ 138.07185572000003, 36.38548841 ], [ 138.071362390000019, 36.38540536 ], [ 138.070533800000021, 36.38622092 ], [ 138.06977992000003, 36.38673397 ], [ 138.069519360000015, 36.3872248 ], [ 138.068923800000022, 36.38751925 ], [ 138.06854214, 36.38840231 ], [ 138.06810464, 36.38890064 ], [ 138.06792769, 36.38958008 ], [ 138.06805825, 36.39038008 ], [ 138.067732410000019, 36.39081814 ], [ 138.067676620000015, 36.39190508 ], [ 138.066783, 36.39305259 ], [ 138.06618717, 36.39445675 ], [ 138.06545189, 36.39548311 ], [ 138.06529358, 36.39655533 ], [ 138.064288300000015, 36.39734784 ], [ 138.063543580000015, 36.39851811 ], [ 138.06386025, 36.39916728 ], [ 138.064511630000027, 36.39952977 ], [ 138.065274970000019, 36.40023172 ], [ 138.065721630000013, 36.40219061 ], [ 138.066321110000018, 36.40249589 ], [ 138.06755720000001, 36.40242005 ], [ 138.068465810000021, 36.40258728 ], [ 138.06968361, 36.40309644 ], [ 138.07166917, 36.40464589 ], [ 138.07384195, 36.40411451 ], [ 138.07515333, 36.40398533 ], [ 138.07698886, 36.40405367 ], [ 138.079808300000025, 36.40447147 ], [ 138.080978860000016, 36.40447147 ], [ 138.082515280000024, 36.40577064 ], [ 138.08349834, 36.40681172 ], [ 138.08493167, 36.40552008 ], [ 138.08534358, 36.40530759 ], [ 138.086448860000019, 36.40535313 ], [ 138.08759167, 36.40606731 ], [ 138.089183890000015, 36.40612064 ], [ 138.09038275, 36.40589259 ], [ 138.091038590000011, 36.4055812 ], [ 138.091834690000013, 36.40492008 ], [ 138.092406079999989, 36.40522397 ], [ 138.093117760000013, 36.4060748 ], [ 138.096705010000022, 36.40717647 ], [ 138.09766973, 36.40694869 ], [ 138.097800800000016, 36.40647759 ], [ 138.09853136000001, 36.40571064 ], [ 138.0991683, 36.40534592 ], [ 138.101088300000015, 36.40461675 ], [ 138.102661630000028, 36.4045712 ], [ 138.102764690000015, 36.4040848 ], [ 138.10378581, 36.40314286 ], [ 138.103766910000019, 36.40286953 ], [ 138.104609970000013, 36.40243647 ], [ 138.105434420000023, 36.40244397 ], [ 138.10635192, 36.40286203 ], [ 138.10718553000001, 36.4028012 ], [ 138.108084690000027, 36.40207175 ], [ 138.10823438, 36.40136564 ], [ 138.108993280000021, 36.40075761 ], [ 138.111119100000025, 36.40026428 ], [ 138.112561610000029, 36.39952705 ], [ 138.11298328, 36.39999067 ], [ 138.114191340000019, 36.40058317 ], [ 138.11466883, 36.40112261 ], [ 138.114697200000023, 36.40219372 ], [ 138.115455810000014, 36.40375841 ], [ 138.115305810000024, 36.40485259 ], [ 138.11427555, 36.4064098 ], [ 138.11320778000001, 36.40784536 ], [ 138.113245280000029, 36.4088862 ], [ 138.113760270000029, 36.4096462 ], [ 138.113619730000011, 36.41061064 ], [ 138.113947520000011, 36.4122212 ], [ 138.113310580000018, 36.41367231 ], [ 138.11421891, 36.41494092 ], [ 138.114930890000011, 36.415617 ], [ 138.115268110000017, 36.4161945 ], [ 138.11568005, 36.41750839 ], [ 138.116298110000031, 36.41819228 ], [ 138.11682672, 36.41977756 ], [ 138.11721842, 36.42060311 ], [ 138.11727092000001, 36.42122895 ], [ 138.11640703, 36.42219228 ], [ 138.116281750000013, 36.42441839 ], [ 138.11656428, 36.42571117 ], [ 138.116109560000012, 36.425987 ], [ 138.115664, 36.42667172 ], [ 138.11505234, 36.42719256 ], [ 138.115073450000011, 36.42824864 ], [ 138.11465956, 36.4291042 ], [ 138.1144782, 36.43033169 ], [ 138.114870700000012, 36.43161364 ], [ 138.114251530000018, 36.43237808 ], [ 138.113976520000023, 36.43316725 ], [ 138.11430156, 36.43413641 ], [ 138.11524655, 36.43390836 ], [ 138.11773545, 36.43383253 ], [ 138.11884516, 36.43437031 ], [ 138.119275720000019, 36.43504559 ], [ 138.12136128, 36.43654169 ], [ 138.1216085, 36.43683086 ], [ 138.122347660000031, 36.4365342 ], [ 138.124271560000011, 36.43707141 ], [ 138.1263638, 36.4371628 ], [ 138.12702575, 36.43739586 ], [ 138.128099920000011, 36.43812059 ], [ 138.12861852, 36.43820697 ], [ 138.129025750000011, 36.43816253 ], [ 138.13082492, 36.43688475 ], [ 138.131061580000022, 36.4363592 ], [ 138.13212017, 36.43552087 ], [ 138.132593500000013, 36.43492475 ], [ 138.13447406, 36.43426836 ], [ 138.136298220000015, 36.43443003 ], [ 138.13721988, 36.43424308 ], [ 138.138969340000017, 36.4342228 ], [ 138.13985961, 36.43401586 ], [ 138.14160322, 36.43149003 ], [ 138.141958220000021, 36.43056086 ], [ 138.142275720000015, 36.4304042 ], [ 138.14306044, 36.42940392 ], [ 138.144231, 36.4292928 ], [ 138.146074060000018, 36.42854031 ], [ 138.146690440000015, 36.42805531 ], [ 138.148315720000028, 36.4273128 ], [ 138.149361530000022, 36.42656003 ], [ 138.150526, 36.42654003 ], [ 138.15238739, 36.42620169 ], [ 138.153595450000012, 36.42555503 ], [ 138.154224310000018, 36.42451975 ], [ 138.155986520000027, 36.42391836 ], [ 138.156864580000018, 36.42319114 ], [ 138.157369030000012, 36.42234253 ], [ 138.1589193, 36.42140308 ], [ 138.159218200000026, 36.42059475 ], [ 138.159069030000012, 36.419857 ], [ 138.160924310000013, 36.42010975 ], [ 138.16159042000001, 36.41983197 ], [ 138.1624807, 36.4200592 ], [ 138.163371250000012, 36.41984725 ], [ 138.164067080000024, 36.41855641 ], [ 138.164862630000016, 36.41827531 ], [ 138.165849580000014, 36.41674336 ], [ 138.167529030000026, 36.41539256 ], [ 138.168779590000014, 36.415217 ], [ 138.169530970000011, 36.41604364 ], [ 138.16940681, 36.41698197 ], [ 138.170323220000029, 36.41757447 ], [ 138.17083739, 36.41831003 ], [ 138.17204128000003, 36.41929364 ], [ 138.17482795, 36.4196092 ], [ 138.17739964, 36.41965613 ], [ 138.17970519, 36.42075892 ], [ 138.18061409, 36.42104753 ], [ 138.18321828, 36.42124114 ], [ 138.184552170000018, 36.42124141 ], [ 138.188578, 36.42163861 ], [ 138.189323840000014, 36.42176611 ], [ 138.19410664000003, 36.42233805 ], [ 138.19616358, 36.42271639 ], [ 138.19840056000001, 36.42354361 ], [ 138.199385010000015, 36.42371389 ], [ 138.201342780000033, 36.42460251 ], [ 138.202676670000017, 36.42481528 ], [ 138.203440030000024, 36.42528305 ], [ 138.20458781, 36.42569889 ], [ 138.20535114, 36.42578859 ], [ 138.2063528, 36.42557136 ], [ 138.20738419, 36.42589747 ], [ 138.208316420000017, 36.42580775 ], [ 138.211060340000017, 36.42609136 ], [ 138.21215005000002, 36.42718331 ], [ 138.213850900000011, 36.42820887 ], [ 138.21464925, 36.42851136 ], [ 138.216152310000012, 36.42939525 ], [ 138.21678148, 36.42922497 ], [ 138.21782453, 36.42936692 ], [ 138.219175910000018, 36.42995303 ], [ 138.220609270000011, 36.43021303 ], [ 138.221331780000014, 36.43014692 ], [ 138.222380120000025, 36.42968831 ], [ 138.223621220000012, 36.42945192 ], [ 138.22548538, 36.42995303 ], [ 138.22627205, 36.42994831 ], [ 138.22954597, 36.431688 ], [ 138.233478220000023, 36.43176356 ], [ 138.23412489, 36.43166439 ], [ 138.236484330000025, 36.43173995 ], [ 138.237428220000027, 36.43192911 ], [ 138.23881462, 36.43182495 ], [ 138.24038214, 36.43239689 ], [ 138.24167519, 36.43243939 ], [ 138.244139640000014, 36.43305856 ], [ 138.245706860000013, 36.43291661 ], [ 138.247789110000014, 36.43331661 ], [ 138.248690510000017, 36.433313 ], [ 138.24830606, 36.43426856 ], [ 138.248383, 36.43553967 ], [ 138.248597720000021, 36.43637495 ], [ 138.24861494000001, 36.43748272 ], [ 138.249206360000017, 36.43894856 ], [ 138.24963581, 36.43945047 ], [ 138.249824690000025, 36.44032687 ], [ 138.25050275000001, 36.4411888 ], [ 138.250219140000013, 36.44182159 ], [ 138.25033969, 36.44279575 ], [ 138.249781950000028, 36.44413908 ], [ 138.2488208, 36.44468047 ], [ 138.248365550000017, 36.44624631 ], [ 138.248004720000012, 36.44669936 ], [ 138.247266390000021, 36.44690825 ], [ 138.24661805, 36.44795214 ], [ 138.245217780000019, 36.44933047 ], [ 138.245267500000011, 36.45030492 ], [ 138.24426528, 36.45072603 ], [ 138.24215472, 36.45081241 ], [ 138.241863330000029, 36.45105464 ], [ 138.24184888000002, 36.45173492 ], [ 138.242360830000024, 36.4524788 ], [ 138.242048050000022, 36.45379936 ], [ 138.241735280000029, 36.45452575 ], [ 138.24125195000002, 36.45502159 ], [ 138.24106, 36.45590964 ], [ 138.24138, 36.45702269 ], [ 138.23984472, 36.4578588 ], [ 138.239972500000022, 36.4589602 ], [ 138.2392475, 36.45872936 ], [ 138.23855805, 36.45818159 ], [ 138.2368525, 36.45935797 ], [ 138.235807780000016, 36.46070131 ], [ 138.23489805, 36.46116269 ], [ 138.233886940000019, 36.46227075 ], [ 138.232717220000012, 36.46270159 ], [ 138.231165840000017, 36.4629338 ], [ 138.22990083000002, 36.46384297 ], [ 138.22895195000001, 36.46391325 ], [ 138.22868917, 36.46465631 ], [ 138.22892805, 36.46624687 ], [ 138.228844190000018, 36.46893131 ], [ 138.228909750000014, 36.47056739 ], [ 138.229142530000018, 36.47086295 ], [ 138.22933058000001, 36.47196433 ], [ 138.229303640000012, 36.47279211 ], [ 138.22879031, 36.47373851 ], [ 138.22906477, 36.47500933 ], [ 138.22967922, 36.47567989 ], [ 138.22943756, 36.47744684 ], [ 138.22953311, 36.47811017 ], [ 138.230532550000021, 36.47886072 ], [ 138.230636740000023, 36.4796235 ], [ 138.22947647, 36.48061823 ], [ 138.22844397, 36.48123295 ], [ 138.226543140000018, 36.48183905 ], [ 138.22549314, 36.48242017 ], [ 138.223750610000025, 36.48278823 ], [ 138.221692, 36.48303989 ], [ 138.22149506, 36.48333489 ], [ 138.2217637, 36.48600267 ], [ 138.221107300000028, 36.48672405 ], [ 138.220570080000016, 36.487876 ], [ 138.21880981000001, 36.4887085 ], [ 138.21865453, 36.488936 ], [ 138.219555360000015, 36.49048541 ], [ 138.21838008, 36.4913518 ], [ 138.21781898, 36.49119208 ], [ 138.21727008, 36.49186986 ], [ 138.21602869000003, 36.49229569 ], [ 138.21498453, 36.49344292 ], [ 138.213003140000012, 36.49380125 ], [ 138.212668980000018, 36.49456597 ], [ 138.21081314, 36.49557292 ], [ 138.209870360000025, 36.49593097 ], [ 138.20932148, 36.49673931 ], [ 138.20717898, 36.49790597 ], [ 138.20496481, 36.49837541 ], [ 138.204177300000026, 36.49879153 ], [ 138.203568420000011, 36.50043736 ], [ 138.2017662, 36.50098431 ], [ 138.201861190000017, 36.50168208 ], [ 138.20150039, 36.50365653 ], [ 138.201608170000014, 36.50454208 ], [ 138.199991220000015, 36.50649264 ], [ 138.19880455, 36.50725764 ], [ 138.198625110000023, 36.50839459 ], [ 138.199200140000016, 36.50934014 ], [ 138.199847080000012, 36.51115959 ], [ 138.20050597, 36.51180569 ], [ 138.201751800000011, 36.51149487 ], [ 138.202602360000014, 36.51172236 ], [ 138.204518760000013, 36.51150708 ], [ 138.206124030000012, 36.50999903 ], [ 138.20660292, 36.50999903 ], [ 138.20872319, 36.51042708 ], [ 138.20974125, 36.50991236 ], [ 138.21038791, 36.50878764 ], [ 138.211739030000018, 36.50819097 ], [ 138.21401764, 36.50786625 ], [ 138.2162935, 36.50725625 ], [ 138.216844620000018, 36.50750736 ], [ 138.218220730000013, 36.5077332 ], [ 138.219191, 36.50726625 ], [ 138.219957390000019, 36.50775708 ], [ 138.22089183, 36.50715903 ], [ 138.22109545, 36.50888208 ], [ 138.221251280000018, 36.50921736 ], [ 138.222928220000028, 36.50974403 ], [ 138.223479360000027, 36.51013875 ], [ 138.22412075, 36.51095041 ], [ 138.22572603, 36.51199153 ], [ 138.226337130000019, 36.51278153 ], [ 138.22705547000001, 36.51318847 ], [ 138.228804670000017, 36.51375125 ], [ 138.229486060000028, 36.5141632 ], [ 138.230864670000017, 36.51414625 ], [ 138.231871050000024, 36.51359569 ], [ 138.23250606000002, 36.51347625 ], [ 138.233806890000011, 36.51354569 ], [ 138.236265230000015, 36.51243292 ], [ 138.236900220000024, 36.51154764 ], [ 138.237906620000018, 36.51102097 ], [ 138.23848161, 36.5098718 ], [ 138.239368, 36.50948931 ], [ 138.24006272, 36.50983625 ], [ 138.241260510000018, 36.5099918 ], [ 138.24224272, 36.51031513 ], [ 138.244120220000013, 36.50975069 ], [ 138.245174420000012, 36.50994236 ], [ 138.24675525, 36.51000208 ], [ 138.24724025, 36.51174403 ], [ 138.248077200000012, 36.51222597 ], [ 138.24919608, 36.51323236 ], [ 138.249189420000022, 36.5135132 ], [ 138.248338890000014, 36.5143832 ], [ 138.248318880000028, 36.51483153 ], [ 138.24985501, 36.5156968 ], [ 138.250484450000016, 36.51568347 ], [ 138.25098667, 36.51535541 ], [ 138.25225501, 36.51508347 ], [ 138.253303610000017, 36.51532208 ], [ 138.254493060000016, 36.51581653 ], [ 138.25506888000001, 36.51570264 ], [ 138.255932780000023, 36.51510736 ], [ 138.258189470000019, 36.51415014 ], [ 138.259662530000014, 36.51446487 ], [ 138.26053031, 36.5143982 ], [ 138.26153503, 36.51512764 ], [ 138.26298781, 36.51441153 ], [ 138.263503360000016, 36.51400986 ], [ 138.26536864000002, 36.51390069 ], [ 138.266486980000025, 36.51323153 ], [ 138.26701086, 36.51394375 ], [ 138.267419220000022, 36.51504153 ], [ 138.268182560000014, 36.51616597 ], [ 138.26796144, 36.5169218 ], [ 138.2696445, 36.51809014 ], [ 138.270983410000014, 36.51924153 ], [ 138.27093703, 36.52063733 ], [ 138.271540640000012, 36.52176567 ], [ 138.270342020000015, 36.52345233 ], [ 138.271680920000023, 36.52414151 ], [ 138.27217674000002, 36.52487789 ], [ 138.27348261, 36.52582789 ], [ 138.273477610000015, 36.52724539 ], [ 138.27367872, 36.52762011 ], [ 138.275185110000024, 36.528604 ], [ 138.27554178, 36.52951677 ], [ 138.275333750000016, 36.5310065 ], [ 138.275501240000011, 36.53257261 ], [ 138.27692348, 36.53420261 ], [ 138.277452360000012, 36.53495233 ], [ 138.27770014, 36.53570177 ], [ 138.2788385, 36.53586261 ], [ 138.280445720000017, 36.53631761 ], [ 138.281856010000013, 36.53693456 ], [ 138.28330211, 36.53628539 ], [ 138.28479128, 36.53600872 ], [ 138.285394060000016, 36.53517233 ], [ 138.28609044, 36.53461011 ], [ 138.28707462, 36.53459011 ], [ 138.289025720000012, 36.53428067 ], [ 138.29086684, 36.53346428 ], [ 138.29209628000001, 36.53233205 ], [ 138.29387742000003, 36.53229872 ], [ 138.294835190000015, 36.53332233 ], [ 138.296577980000023, 36.5344965 ], [ 138.297642700000011, 36.53501844 ], [ 138.298198560000031, 36.53552705 ], [ 138.299418560000021, 36.53723067 ], [ 138.300344940000031, 36.53815178 ], [ 138.300532170000025, 36.53906844 ], [ 138.302710530000013, 36.54214484 ], [ 138.30433776000001, 36.54210456 ], [ 138.304525250000012, 36.54232539 ], [ 138.30457859, 36.54363705 ], [ 138.30495636, 36.544189 ], [ 138.306362780000029, 36.54481817 ], [ 138.307092780000033, 36.54459705 ], [ 138.30877333, 36.54560789 ], [ 138.308967780000017, 36.54607289 ], [ 138.31001222, 36.54734428 ], [ 138.31038917, 36.54827067 ], [ 138.31054309000001, 36.54962261 ], [ 138.311005030000018, 36.55028511 ], [ 138.311435030000013, 36.55036123 ], [ 138.31144586, 36.54975123 ], [ 138.312154470000024, 36.548874 ], [ 138.31314864, 36.54847317 ], [ 138.314228080000021, 36.54716011 ], [ 138.315176420000029, 36.54648984 ], [ 138.315857810000011, 36.54629928 ], [ 138.317642530000029, 36.546264 ], [ 138.318972530000025, 36.54653095 ], [ 138.3196192, 36.54608872 ], [ 138.32068224, 36.54579428 ], [ 138.322213920000024, 36.54589233 ], [ 138.323064500000015, 36.54622484 ], [ 138.323707830000018, 36.546154 ], [ 138.32438228, 36.54512289 ], [ 138.325439780000011, 36.54460567 ], [ 138.32716228000001, 36.54314539 ], [ 138.328217, 36.54265233 ], [ 138.32989061, 36.5411815 ], [ 138.330263380000019, 36.5401815 ], [ 138.331126720000015, 36.53944928 ], [ 138.333127280000014, 36.5382832 ], [ 138.33396144, 36.53735153 ], [ 138.336919490000014, 36.53963595 ], [ 138.339252550000026, 36.53990292 ], [ 138.341098140000014, 36.53998459 ], [ 138.346476740000014, 36.5398268 ], [ 138.35018205, 36.54076541 ], [ 138.351953990000027, 36.54128264 ], [ 138.352445940000024, 36.54221069 ], [ 138.352986500000014, 36.54365792 ], [ 138.353444310000015, 36.54560292 ], [ 138.353679030000023, 36.54742567 ], [ 138.355058750000012, 36.54853428 ], [ 138.35620348, 36.54922622 ], [ 138.35827878, 36.54986567 ], [ 138.36237655, 36.5505215 ], [ 138.365227660000016, 36.55149095 ], [ 138.368784920000024, 36.55280095 ], [ 138.371867980000019, 36.55287177 ], [ 138.37480659000002, 36.55386678 ], [ 138.37873939, 36.55455511 ], [ 138.382073280000014, 36.55466125 ], [ 138.383927450000016, 36.55429069 ], [ 138.385622720000015, 36.55345264 ], [ 138.386602440000019, 36.55363792 ], [ 138.38771523, 36.55362014 ], [ 138.38989358, 36.55400792 ], [ 138.39155358, 36.55362847 ], [ 138.392983860000015, 36.55196097 ], [ 138.39353136, 36.55152875 ], [ 138.39478689, 36.5498468 ], [ 138.39576717, 36.54912347 ], [ 138.39679995, 36.5489468 ], [ 138.398544970000017, 36.54836875 ], [ 138.39951636, 36.54827153 ], [ 138.401335250000017, 36.54768041 ], [ 138.402280250000018, 36.54719514 ], [ 138.404509140000016, 36.54572764 ], [ 138.405259950000016, 36.54385708 ], [ 138.40581606, 36.54316903 ], [ 138.407197170000018, 36.54195375 ], [ 138.40762078, 36.54143347 ], [ 138.40929828, 36.54078041 ], [ 138.41087883, 36.54076264 ], [ 138.412388560000011, 36.54148625 ], [ 138.41191078, 36.54068292 ], [ 138.411433550000027, 36.53946375 ], [ 138.411764940000012, 36.53829792 ], [ 138.41248328, 36.5374032 ], [ 138.41216523, 36.53627711 ], [ 138.412563, 36.53515072 ], [ 138.413660510000028, 36.53409711 ], [ 138.41397769, 36.53260656 ], [ 138.413646860000028, 36.53149489 ], [ 138.412811850000026, 36.52969295 ], [ 138.41279713, 36.52932851 ], [ 138.411714640000014, 36.52727156 ], [ 138.408126010000018, 36.52483544 ], [ 138.40664433, 36.52425044 ], [ 138.40570406, 36.52370072 ], [ 138.404246550000011, 36.52206517 ], [ 138.403838780000029, 36.52083295 ], [ 138.403936280000011, 36.51947628 ], [ 138.40355542, 36.51773241 ], [ 138.402800970000015, 36.51605659 ], [ 138.40284542, 36.51578159 ], [ 138.40379486, 36.51476213 ], [ 138.40393681, 36.51436436 ], [ 138.40379486, 36.51328269 ], [ 138.40425625, 36.51164269 ], [ 138.405046810000016, 36.50945631 ], [ 138.405774580000013, 36.50850769 ], [ 138.406031800000022, 36.50736408 ], [ 138.405180120000011, 36.50613159 ], [ 138.40388289, 36.50400687 ], [ 138.40195372, 36.50172103 ], [ 138.401565940000012, 36.50106186 ], [ 138.40024064, 36.49805328 ], [ 138.39829925, 36.49336105 ], [ 138.39800231000001, 36.49146856 ], [ 138.397132020000015, 36.49058217 ], [ 138.397132, 36.48890077 ], [ 138.39793283, 36.48761605 ], [ 138.3982145, 36.48693523 ], [ 138.397774770000012, 36.48514717 ], [ 138.397290890000022, 36.48406272 ], [ 138.39845839, 36.48338328 ], [ 138.40014450000001, 36.48219717 ], [ 138.40076034, 36.48145387 ], [ 138.40066506, 36.48017997 ], [ 138.400177, 36.4794658 ], [ 138.40052144, 36.47803441 ], [ 138.40103117000001, 36.47711441 ], [ 138.400288390000014, 36.47520775 ], [ 138.399827280000011, 36.47434859 ], [ 138.39956197, 36.47332997 ], [ 138.3997692, 36.47265331 ], [ 138.40041503, 36.47172192 ], [ 138.40123781, 36.47112886 ], [ 138.401306980000015, 36.47051747 ], [ 138.401141700000011, 36.46876692 ], [ 138.40216586, 36.4683722 ], [ 138.4033492, 36.46687028 ], [ 138.40280309000002, 36.46480667 ], [ 138.402300030000021, 36.46438139 ], [ 138.401397520000017, 36.46415305 ], [ 138.400458640000011, 36.46337472 ], [ 138.400071140000023, 36.461405 ], [ 138.400644450000016, 36.46022528 ], [ 138.401036940000012, 36.45825639 ], [ 138.40105306000001, 36.45695 ], [ 138.40090416000001, 36.45597778 ], [ 138.39942416, 36.45463667 ], [ 138.39869778000002, 36.45303056 ], [ 138.399359730000015, 36.45219751 ], [ 138.40100555, 36.45244305 ], [ 138.40329112, 36.45226778 ], [ 138.40346112, 36.45204805 ], [ 138.403232780000025, 36.45080503 ], [ 138.40128691000001, 36.44706364 ], [ 138.40094163, 36.4458978 ], [ 138.401079690000017, 36.44508141 ], [ 138.400591920000011, 36.44118086 ], [ 138.40118080000002, 36.43973975 ], [ 138.401371630000028, 36.43891753 ], [ 138.401069690000014, 36.43729364 ], [ 138.400809660000021, 36.43658003 ], [ 138.400687440000013, 36.43550864 ], [ 138.400970780000023, 36.43473531 ], [ 138.40144995, 36.43402113 ], [ 138.403609100000011, 36.43349617 ], [ 138.40570997, 36.43342311 ], [ 138.41016636, 36.43248144 ], [ 138.41160163, 36.43233089 ], [ 138.415283610000017, 36.43159644 ], [ 138.416218340000029, 36.43109647 ], [ 138.420566940000015, 36.4285598 ], [ 138.421202780000016, 36.42842287 ], [ 138.429823090000014, 36.425619 ], [ 138.432046140000011, 36.42499484 ], [ 138.439282, 36.42321236 ], [ 138.44160144, 36.42259292 ], [ 138.44209949, 36.42232264 ], [ 138.44598339, 36.41962069 ], [ 138.44719258, 36.419261 ], [ 138.448002310000021, 36.419786 ], [ 138.44942925, 36.42006378 ], [ 138.450798420000012, 36.42085989 ], [ 138.45162536, 36.42117375 ], [ 138.45399953, 36.42088959 ], [ 138.45563564, 36.42041211 ], [ 138.456227860000013, 36.42047459 ], [ 138.457158110000023, 36.42009628 ], [ 138.45749978, 36.41884572 ], [ 138.458002550000032, 36.41816044 ], [ 138.458154230000019, 36.41710684 ], [ 138.457656160000028, 36.41589128 ], [ 138.457968390000019, 36.41512877 ], [ 138.457632, 36.41361377 ], [ 138.457182830000022, 36.41316239 ], [ 138.457090310000012, 36.41229517 ], [ 138.457715300000018, 36.41157433 ], [ 138.455508080000016, 36.4105635 ], [ 138.45370309, 36.40899377 ], [ 138.452607810000018, 36.40788295 ], [ 138.451792780000034, 36.40668405 ], [ 138.45140361, 36.40542933 ], [ 138.450470270000011, 36.40456877 ], [ 138.45035834, 36.40396822 ], [ 138.449272190000016, 36.40264795 ], [ 138.44920997, 36.40131295 ], [ 138.44851942, 36.40101239 ], [ 138.44745803, 36.40082572 ], [ 138.447140530000013, 36.40038128 ], [ 138.446695500000033, 36.40036877 ], [ 138.44576523, 36.39963433 ], [ 138.445211340000014, 36.39882128 ], [ 138.443982170000027, 36.39817017 ], [ 138.44355908, 36.39717072 ], [ 138.44314519, 36.39558822 ], [ 138.441439880000019, 36.39313239 ], [ 138.44109795, 36.39198905 ], [ 138.44054073, 36.39174156 ], [ 138.440403770000017, 36.39120656 ], [ 138.439099880000015, 36.39052489 ], [ 138.438446280000022, 36.39067905 ], [ 138.438023190000024, 36.39025989 ], [ 138.43804791, 36.38971489 ], [ 138.437679590000016, 36.38837044 ], [ 138.437696520000031, 36.38742072 ], [ 138.438150950000022, 36.38583072 ], [ 138.438014, 36.38462933 ], [ 138.437515940000026, 36.38377128 ], [ 138.43677567, 36.38334461 ], [ 138.436187300000029, 36.38230739 ], [ 138.435571190000019, 36.38156517 ], [ 138.434678140000017, 36.382421 ], [ 138.43360425000003, 36.38218628 ], [ 138.432536740000018, 36.38135072 ], [ 138.43197064, 36.38115377 ], [ 138.43134508, 36.38129017 ], [ 138.429947560000016, 36.38046461 ], [ 138.429870050000034, 36.37847572 ], [ 138.429689490000015, 36.37818795 ], [ 138.428507, 36.37737517 ], [ 138.426711410000024, 36.37676684 ], [ 138.425936420000028, 36.37605544 ], [ 138.42482837, 36.37533851 ], [ 138.42418419, 36.37658267 ], [ 138.42276837, 36.37661544 ], [ 138.421513920000024, 36.37633014 ], [ 138.420614480000012, 36.37639069 ], [ 138.419848910000013, 36.37594653 ], [ 138.418974750000018, 36.3761382 ], [ 138.418791140000025, 36.3765018 ], [ 138.418520270000016, 36.37554014 ], [ 138.418065840000025, 36.3757318 ], [ 138.417626980000023, 36.37672375 ], [ 138.41659694, 36.37642069 ], [ 138.41460222, 36.37537597 ], [ 138.414153890000023, 36.37496459 ], [ 138.413755550000019, 36.3741618 ], [ 138.413350830000013, 36.37385653 ], [ 138.41222442, 36.37121153 ], [ 138.411424690000018, 36.37057292 ], [ 138.41057497, 36.37129236 ], [ 138.409946640000015, 36.37090347 ], [ 138.40889772, 36.37070653 ], [ 138.408147720000017, 36.37029764 ], [ 138.407708830000018, 36.36981292 ], [ 138.407099100000011, 36.36960847 ], [ 138.407693280000018, 36.37112292 ], [ 138.406936910000013, 36.37176153 ], [ 138.40615577, 36.37184736 ], [ 138.40655109, 36.37231931 ], [ 138.40735387, 36.37264486 ], [ 138.408480250000025, 36.37374541 ], [ 138.40863914000002, 36.37424013 ], [ 138.409600830000016, 36.37605736 ], [ 138.407590250000027, 36.37463375 ], [ 138.406591360000021, 36.37413153 ], [ 138.404801920000011, 36.37291733 ], [ 138.402645230000019, 36.37167567 ], [ 138.40180856, 36.37104705 ], [ 138.39820438000001, 36.37217011 ], [ 138.397526060000018, 36.37164289 ], [ 138.39718686, 36.37044372 ], [ 138.396804090000018, 36.36975484 ], [ 138.395441020000021, 36.36916428 ], [ 138.39457908, 36.36922233 ], [ 138.39407492, 36.37003261 ], [ 138.394999080000019, 36.37169095 ], [ 138.39501769, 36.37218539 ], [ 138.395584110000016, 36.37392177 ], [ 138.39497717, 36.37423984 ], [ 138.39486217000001, 36.37381317 ], [ 138.39409326, 36.372839 ], [ 138.392543800000027, 36.370164 ], [ 138.39259353, 36.36995177 ], [ 138.391806300000013, 36.36952011 ], [ 138.39095655, 36.36838928 ], [ 138.39140183, 36.36816233 ], [ 138.390530170000034, 36.36767789 ], [ 138.390060440000013, 36.36715011 ], [ 138.39016322, 36.36682456 ], [ 138.38952516, 36.36655456 ], [ 138.389074060000013, 36.36578484 ], [ 138.388912090000019, 36.36406844 ], [ 138.3872318, 36.36269789 ], [ 138.387038750000016, 36.36155733 ], [ 138.38531789000001, 36.36015622 ], [ 138.38503484, 36.35795789 ], [ 138.3852962, 36.3572665 ], [ 138.384938150000011, 36.35680956 ], [ 138.38502258, 36.35586039 ], [ 138.3845837, 36.35577984 ], [ 138.384365910000014, 36.35477289 ], [ 138.382604500000014, 36.35322289 ], [ 138.381446720000014, 36.35208984 ], [ 138.38132533000001, 36.35159261 ], [ 138.381686450000018, 36.35092372 ], [ 138.382455060000012, 36.35136289 ], [ 138.38296255000003, 36.35220595 ], [ 138.38421645, 36.35232456 ], [ 138.385592280000026, 36.35224372 ], [ 138.386202310000016, 36.35266789 ], [ 138.386933700000014, 36.35232705 ], [ 138.38508783, 36.35063372 ], [ 138.383675330000017, 36.35005817 ], [ 138.383018640000017, 36.34841984 ], [ 138.38199781, 36.34791761 ], [ 138.38210392000002, 36.34686761 ], [ 138.381069560000014, 36.34584625 ], [ 138.38074577, 36.34532208 ], [ 138.381789270000013, 36.34532375 ], [ 138.381638720000012, 36.34510172 ], [ 138.379891, 36.3446588 ], [ 138.37969302, 36.34412295 ], [ 138.38099739, 36.34389841 ], [ 138.38085611, 36.34350364 ], [ 138.38152195, 36.34317011 ], [ 138.380625550000019, 36.34214011 ], [ 138.379508340000029, 36.34126177 ], [ 138.380414160000015, 36.34114095 ], [ 138.381036670000015, 36.34043678 ], [ 138.38064136, 36.339634 ], [ 138.382969140000029, 36.33871792 ], [ 138.38446302, 36.33784987 ], [ 138.385751630000016, 36.33683514 ], [ 138.386782190000019, 36.33494097 ], [ 138.386519690000029, 36.33413541 ], [ 138.3852808, 36.33466764 ], [ 138.384072190000012, 36.33538625 ], [ 138.383362480000017, 36.33603097 ], [ 138.381237450000015, 36.33410736 ], [ 138.378733550000021, 36.33504041 ], [ 138.37765217, 36.33534153 ], [ 138.37577939, 36.33555928 ], [ 138.37429051, 36.33486984 ], [ 138.373336060000014, 36.33360428 ], [ 138.372396060000028, 36.33348817 ], [ 138.36999742, 36.33287761 ], [ 138.369043800000014, 36.33289844 ], [ 138.367735190000019, 36.33318205 ], [ 138.366810750000013, 36.33313123 ], [ 138.366463260000017, 36.33262205 ], [ 138.366284920000027, 36.33113344 ], [ 138.365810170000032, 36.32988372 ], [ 138.365339880000022, 36.32913567 ], [ 138.36405739, 36.32843956 ], [ 138.36427433, 36.327679 ], [ 138.364228200000014, 36.32654205 ], [ 138.36339652, 36.32573567 ], [ 138.36415876, 36.32489375 ], [ 138.36403986000002, 36.32449236 ], [ 138.36450847, 36.32404236 ], [ 138.364137910000011, 36.32364013 ], [ 138.36473319000001, 36.32333013 ], [ 138.365050700000012, 36.3227118 ], [ 138.36562514000002, 36.3224582 ], [ 138.36508292, 36.32158792 ], [ 138.365131530000014, 36.32124208 ], [ 138.36583597, 36.32111987 ], [ 138.36600733, 36.32034569 ], [ 138.366897060000014, 36.31930625 ], [ 138.36811789, 36.31872569 ], [ 138.36847455, 36.31820875 ], [ 138.369273990000011, 36.31805487 ], [ 138.36992706, 36.31752292 ], [ 138.37074733, 36.31764875 ], [ 138.371877610000013, 36.31722239 ], [ 138.37275372000002, 36.31718323 ], [ 138.37307927, 36.31687044 ], [ 138.372860660000015, 36.31627628 ], [ 138.37326983, 36.31592322 ], [ 138.37322817, 36.31505461 ], [ 138.37381428, 36.31404044 ], [ 138.37387956, 36.31253156 ], [ 138.37457759, 36.31176823 ], [ 138.37502314, 36.31011544 ], [ 138.37664647, 36.30717933 ], [ 138.37633394, 36.30591767 ], [ 138.376498110000028, 36.30505103 ], [ 138.377574230000022, 36.30371297 ], [ 138.37814477, 36.30333464 ], [ 138.379668660000021, 36.3028738 ], [ 138.38055728, 36.30327131 ], [ 138.3835745, 36.3032938 ], [ 138.383569490000014, 36.30228714 ], [ 138.383744770000021, 36.3013488 ], [ 138.38421589, 36.3001788 ], [ 138.38494922000001, 36.29978186 ], [ 138.385540610000021, 36.29867713 ], [ 138.38630562000003, 36.29756603 ], [ 138.38498698, 36.29552797 ], [ 138.384241410000016, 36.29490936 ], [ 138.383500030000022, 36.29475047 ], [ 138.382339200000018, 36.29410575 ], [ 138.38225058, 36.29495464 ], [ 138.38190086, 36.29611047 ], [ 138.3816328, 36.29554686 ], [ 138.38131365000001, 36.29391103 ], [ 138.3816075, 36.29339269 ], [ 138.380714450000028, 36.29248159 ], [ 138.37934389000003, 36.29138075 ], [ 138.376222750000011, 36.28974853 ], [ 138.37587553, 36.28797439 ], [ 138.37569636, 36.28597161 ], [ 138.37477302, 36.28590161 ], [ 138.37453997, 36.28715356 ], [ 138.37451442, 36.2890602 ], [ 138.375120270000025, 36.29315269 ], [ 138.375087220000012, 36.29512353 ], [ 138.374082500000014, 36.29545408 ], [ 138.373153890000026, 36.29604687 ], [ 138.371665550000017, 36.2972752 ], [ 138.37170642000001, 36.29802547 ], [ 138.37121503000003, 36.2980152 ], [ 138.370470860000012, 36.2986738 ], [ 138.369616420000028, 36.29901269 ], [ 138.368817520000022, 36.29956131 ], [ 138.36836086, 36.29955131 ], [ 138.365498340000016, 36.29841684 ], [ 138.36437306000002, 36.29823156 ], [ 138.363895840000026, 36.29792377 ], [ 138.362150830000019, 36.29779322 ], [ 138.36089694, 36.29823128 ], [ 138.36068083, 36.29850433 ], [ 138.358855840000018, 36.29847128 ], [ 138.35802805, 36.29865323 ], [ 138.357090560000017, 36.29814684 ], [ 138.35636248, 36.29825295 ], [ 138.355642750000015, 36.29788239 ], [ 138.354174700000016, 36.29744877 ], [ 138.352411360000019, 36.29678211 ], [ 138.352015810000012, 36.29644295 ], [ 138.35123275, 36.29624128 ], [ 138.35043553, 36.29640184 ], [ 138.34970608, 36.29623461 ], [ 138.34889053, 36.29640017 ], [ 138.348193, 36.29562905 ], [ 138.347599660000014, 36.295611 ], [ 138.348036060000027, 36.29507517 ], [ 138.34713689, 36.29450961 ], [ 138.346874110000016, 36.29358156 ], [ 138.346284940000032, 36.29370544 ], [ 138.34568134, 36.29350544 ], [ 138.344582440000011, 36.29370877 ], [ 138.343224670000012, 36.29445128 ], [ 138.342724940000011, 36.29420322 ], [ 138.342150190000012, 36.29317628 ], [ 138.342090750000011, 36.29232628 ], [ 138.341366860000022, 36.29322544 ], [ 138.341302720000016, 36.29410544 ], [ 138.341894380000014, 36.29496489 ], [ 138.34190494, 36.29530128 ], [ 138.342620510000017, 36.29563905 ], [ 138.342671610000025, 36.29620405 ], [ 138.342321340000012, 36.29671851 ], [ 138.34150105, 36.29687795 ], [ 138.34237883, 36.29719156 ], [ 138.342120510000029, 36.29762986 ], [ 138.34241745, 36.29806292 ], [ 138.34096134, 36.29904292 ], [ 138.340993280000021, 36.29930986 ], [ 138.340354670000011, 36.30004264 ], [ 138.340794690000024, 36.30046903 ], [ 138.34063859, 36.30147431 ], [ 138.34028387, 36.30199569 ], [ 138.341368860000017, 36.30320541 ], [ 138.340429140000026, 36.30368708 ], [ 138.33928219, 36.30382236 ], [ 138.34079219000003, 36.3043768 ], [ 138.341048590000014, 36.3051668 ], [ 138.340548860000013, 36.30562792 ], [ 138.34056302, 36.30480847 ], [ 138.340115520000012, 36.30463792 ], [ 138.339214420000019, 36.30495403 ], [ 138.33856608, 36.30621625 ], [ 138.337932750000022, 36.30642875 ], [ 138.33774112, 36.30753931 ], [ 138.33722667, 36.30747487 ], [ 138.33736973, 36.30844317 ], [ 138.33821, 36.30831987 ], [ 138.338568880000025, 36.30851736 ], [ 138.33865416, 36.31008567 ], [ 138.33935112, 36.31172567 ], [ 138.339478910000025, 36.31271733 ], [ 138.34066837, 36.31508372 ], [ 138.340954190000019, 36.31649372 ], [ 138.34036058, 36.31653817 ], [ 138.34017781, 36.31687178 ], [ 138.33868336, 36.31717539 ], [ 138.338650030000025, 36.31744205 ], [ 138.339487, 36.31822011 ], [ 138.338872, 36.31908456 ], [ 138.33780672, 36.31980539 ], [ 138.33769394, 36.32088984 ], [ 138.337882550000018, 36.32174425 ], [ 138.338418390000015, 36.32207259 ], [ 138.339246450000019, 36.32214425 ], [ 138.340311750000012, 36.32267039 ], [ 138.33958202, 36.32292147 ], [ 138.33807453, 36.32372231 ], [ 138.335696720000016, 36.32436425 ], [ 138.334698660000015, 36.32421592 ], [ 138.33426922000001, 36.32365814 ], [ 138.335091440000014, 36.32332453 ], [ 138.334025890000021, 36.32165036 ], [ 138.333198110000012, 36.32122036 ], [ 138.332656140000012, 36.32070175 ], [ 138.3320228, 36.32043259 ], [ 138.330656130000023, 36.32059564 ], [ 138.330293920000031, 36.31958036 ], [ 138.329161410000012, 36.31828397 ], [ 138.328160270000012, 36.31817036 ], [ 138.327170830000028, 36.31772564 ], [ 138.32695472, 36.31723175 ], [ 138.327551390000025, 36.31681925 ], [ 138.32739611, 36.31604869 ], [ 138.327499440000025, 36.31526344 ], [ 138.32808112, 36.31472761 ], [ 138.328762780000034, 36.31441151 ], [ 138.32745112, 36.31312456 ], [ 138.3277525, 36.31286761 ], [ 138.32704302, 36.31234178 ], [ 138.32682997, 36.31180095 ], [ 138.32621803, 36.31181095 ], [ 138.32522302000001, 36.31089705 ], [ 138.32578608, 36.31035595 ], [ 138.32661997, 36.31076595 ], [ 138.32609358, 36.30934844 ], [ 138.325347760000028, 36.30874817 ], [ 138.32440689, 36.30838261 ], [ 138.324836620000013, 36.30755789 ], [ 138.32468438, 36.30712317 ], [ 138.322553280000022, 36.30695261 ], [ 138.32196883, 36.30708095 ], [ 138.320931050000013, 36.306624 ], [ 138.320903550000025, 36.30696011 ], [ 138.31923995, 36.30633956 ], [ 138.31718075, 36.30631761 ], [ 138.316303800000014, 36.30716233 ], [ 138.31546078, 36.30836984 ], [ 138.31546051, 36.3109012 ], [ 138.315691890000011, 36.31119036 ], [ 138.315868560000013, 36.31223759 ], [ 138.31617577, 36.31276341 ], [ 138.315585500000026, 36.31236564 ], [ 138.315143840000019, 36.31091341 ], [ 138.31495856, 36.3088515 ], [ 138.31508936000003, 36.30801151 ], [ 138.31539992, 36.30754511 ], [ 138.31558852, 36.30667817 ], [ 138.315119920000029, 36.30722651 ], [ 138.314039080000015, 36.307404 ], [ 138.31164659, 36.307604 ], [ 138.31098603, 36.30797203 ], [ 138.31086713000002, 36.30747567 ], [ 138.309981310000012, 36.30758453 ], [ 138.3097927, 36.30790036 ], [ 138.308681850000028, 36.30823647 ], [ 138.307546300000013, 36.3082462 ], [ 138.306952700000011, 36.30790536 ], [ 138.305302940000018, 36.30801175 ], [ 138.303777950000011, 36.30788313 ], [ 138.303245160000017, 36.30761397 ], [ 138.301774890000019, 36.30747036 ], [ 138.30129073, 36.30794453 ], [ 138.300207390000025, 36.30801369 ], [ 138.29968073, 36.30702592 ], [ 138.298867950000016, 36.3069098 ], [ 138.29780267000001, 36.30746313 ], [ 138.29696847, 36.3071962 ], [ 138.29617708, 36.30765787 ], [ 138.295227080000018, 36.30861869 ], [ 138.294700700000021, 36.30890508 ], [ 138.295050440000011, 36.30958925 ], [ 138.294606, 36.30969287 ], [ 138.295556010000013, 36.31188869 ], [ 138.295184620000015, 36.31258759 ], [ 138.29531516000003, 36.31310369 ], [ 138.296201, 36.31358036 ], [ 138.296572390000023, 36.31402508 ], [ 138.297866030000023, 36.31504008 ], [ 138.29834075, 36.3160748 ], [ 138.298206860000022, 36.31706036 ], [ 138.29884881000001, 36.3184148 ], [ 138.29875881000001, 36.31919313 ], [ 138.29766908000002, 36.31895675 ], [ 138.29650464, 36.31826703 ], [ 138.295484360000017, 36.31847731 ], [ 138.29488742, 36.31883672 ], [ 138.294156300000026, 36.31888533 ], [ 138.293383800000015, 36.319217 ], [ 138.292844090000017, 36.32087005 ], [ 138.29225603, 36.32200617 ], [ 138.29110881, 36.3233345 ], [ 138.29070353, 36.32255839 ], [ 138.290794920000025, 36.32089839 ], [ 138.28976158, 36.31989533 ], [ 138.289424890000021, 36.31894672 ], [ 138.289108490000018, 36.31867033 ], [ 138.288891830000011, 36.31774811 ], [ 138.287776010000016, 36.31670786 ], [ 138.287496280000028, 36.31558092 ], [ 138.287005140000019, 36.31439175 ], [ 138.28694542, 36.31362564 ], [ 138.2864007, 36.31264203 ], [ 138.28571542, 36.3120548 ], [ 138.28490514, 36.3106848 ], [ 138.28509678, 36.30946814 ], [ 138.283929270000016, 36.30784397 ], [ 138.283452610000012, 36.30693953 ], [ 138.28357817, 36.30585814 ], [ 138.28483122, 36.30376231 ], [ 138.28537119, 36.30107647 ], [ 138.285531190000029, 36.29965286 ], [ 138.28516314, 36.29867536 ], [ 138.28513759, 36.29792341 ], [ 138.284309800000017, 36.2968698 ], [ 138.28440949, 36.29623178 ], [ 138.284215330000023, 36.29558039 ], [ 138.28493728, 36.29438123 ], [ 138.285279780000025, 36.29352761 ], [ 138.285277, 36.29220095 ], [ 138.285537, 36.29188233 ], [ 138.285342830000019, 36.29110289 ], [ 138.28569117, 36.290159 ], [ 138.285597560000014, 36.28960817 ], [ 138.284696420000017, 36.28900677 ], [ 138.283725030000028, 36.28888623 ], [ 138.28340531, 36.28852789 ], [ 138.283189470000025, 36.28736205 ], [ 138.283328080000018, 36.2867065 ], [ 138.282374480000016, 36.28552622 ], [ 138.28242781, 36.28485484 ], [ 138.28189973, 36.28427733 ], [ 138.282201110000017, 36.28315067 ], [ 138.281378610000019, 36.28256456 ], [ 138.280996390000013, 36.2814415 ], [ 138.281391950000028, 36.28027039 ], [ 138.28249861, 36.27957317 ], [ 138.28321112, 36.27948456 ], [ 138.283576110000013, 36.27882261 ], [ 138.28460694, 36.27859289 ], [ 138.285103330000027, 36.27799705 ], [ 138.28513917, 36.27754956 ], [ 138.284730830000029, 36.27665539 ], [ 138.28541278000003, 36.27528233 ], [ 138.285260530000016, 36.27449372 ], [ 138.28545581, 36.27382344 ], [ 138.28512608, 36.27298125 ], [ 138.285075810000023, 36.27212931 ], [ 138.28438136, 36.2710468 ], [ 138.284543860000014, 36.27067208 ], [ 138.285357200000021, 36.26991097 ], [ 138.286725530000012, 36.26833903 ], [ 138.288407200000023, 36.26705292 ], [ 138.287891630000018, 36.26616736 ], [ 138.287926610000028, 36.26538403 ], [ 138.28818689, 36.26477708 ], [ 138.28746745, 36.26376708 ], [ 138.287521610000027, 36.26256514 ], [ 138.28770689000001, 36.2622382 ], [ 138.287433, 36.26104487 ], [ 138.28736856, 36.25973041 ], [ 138.286329920000014, 36.25887069 ], [ 138.286294920000017, 36.25835736 ], [ 138.28700686000002, 36.25838347 ], [ 138.28777908, 36.2575918 ], [ 138.288993, 36.25750264 ], [ 138.290493, 36.25706903 ], [ 138.290832970000025, 36.25572708 ], [ 138.29160131, 36.25552653 ], [ 138.29260409, 36.25461347 ], [ 138.29395409, 36.25382153 ], [ 138.29476686000001, 36.2530132 ], [ 138.29595659, 36.25271211 ], [ 138.296362410000029, 36.25186267 ], [ 138.29625825, 36.25088656 ], [ 138.29727492, 36.24835517 ], [ 138.298152140000013, 36.24788239 ], [ 138.29928992, 36.24622572 ], [ 138.29927964, 36.24518767 ], [ 138.29843686000001, 36.24369433 ], [ 138.298457660000025, 36.24307544 ], [ 138.298066010000014, 36.24253239 ], [ 138.298086830000017, 36.24187433 ], [ 138.29756294, 36.24160711 ], [ 138.29756655, 36.24078572 ], [ 138.29641878000001, 36.23982684 ], [ 138.295863770000011, 36.23987461 ], [ 138.294632670000027, 36.23958211 ], [ 138.29383489, 36.23976489 ], [ 138.29375156, 36.23871851 ], [ 138.29265236, 36.236966 ], [ 138.29190319, 36.23684795 ], [ 138.29121319, 36.23543044 ], [ 138.290283750000015, 36.23413656 ], [ 138.289430700000025, 36.233906 ], [ 138.289410120000014, 36.23311544 ], [ 138.288931500000018, 36.23210017 ], [ 138.2880265, 36.23109017 ], [ 138.287502610000018, 36.23028877 ], [ 138.287877330000015, 36.22888489 ], [ 138.28780122, 36.22799628 ], [ 138.286843990000023, 36.22738877 ], [ 138.28690287, 36.22566461 ], [ 138.286261190000033, 36.2249585 ], [ 138.28517231, 36.22434239 ], [ 138.284482310000016, 36.22371211 ], [ 138.284142310000021, 36.22247184 ], [ 138.28305314, 36.22095267 ], [ 138.28284506, 36.22038184 ], [ 138.28333423, 36.21879544 ], [ 138.28315394, 36.21832267 ], [ 138.283486720000013, 36.21704572 ], [ 138.283310050000011, 36.21642684 ], [ 138.283525060000017, 36.21599656 ], [ 138.283341170000028, 36.21525405 ], [ 138.28294949, 36.21472795 ], [ 138.282790050000017, 36.21316128 ], [ 138.283029200000016, 36.21188711 ], [ 138.282737810000015, 36.21077295 ], [ 138.283390030000021, 36.2094935 ], [ 138.28379586, 36.20649489 ], [ 138.284381970000027, 36.20573822 ], [ 138.28401781, 36.203921 ], [ 138.284101140000018, 36.203021 ], [ 138.28379917, 36.20224184 ], [ 138.284035010000025, 36.20072295 ], [ 138.28359472, 36.19977795 ], [ 138.283480270000013, 36.19747989 ], [ 138.28426056, 36.19568517 ], [ 138.284454720000014, 36.19368823 ], [ 138.28402136, 36.191936 ], [ 138.283154140000022, 36.19024544 ], [ 138.283202750000015, 36.18928905 ], [ 138.28283163, 36.1886335 ], [ 138.28296358, 36.18731433 ], [ 138.28289053, 36.18665351 ], [ 138.283324140000019, 36.18455825 ], [ 138.283129950000017, 36.18308131 ], [ 138.282741610000016, 36.18119103 ], [ 138.28242606, 36.18025464 ], [ 138.281687440000013, 36.17903659 ], [ 138.28099022, 36.17752603 ], [ 138.28050798000001, 36.17584686 ], [ 138.28037659, 36.17434187 ], [ 138.27905881, 36.17029436 ], [ 138.278384640000013, 36.16838047 ], [ 138.278424360000031, 36.16803714 ], [ 138.27771433, 36.16670186 ], [ 138.27680795, 36.1640502 ], [ 138.276844330000017, 36.16231325 ], [ 138.276480170000013, 36.16093131 ], [ 138.276647670000017, 36.16035825 ], [ 138.27654236, 36.15893492 ], [ 138.27657514, 36.15679964 ], [ 138.276225690000018, 36.15463769 ], [ 138.275528470000012, 36.15149714 ], [ 138.2751082, 36.15051159 ], [ 138.27245317, 36.14705353 ], [ 138.27068484, 36.1454052 ], [ 138.269265110000021, 36.14346214 ], [ 138.26707703, 36.14031964 ], [ 138.26662564, 36.13987075 ], [ 138.265610080000016, 36.13838825 ], [ 138.263644230000011, 36.1359605 ], [ 138.263039780000014, 36.13536105 ], [ 138.26153616000002, 36.13265856 ], [ 138.26097228, 36.13150995 ], [ 138.259308080000011, 36.12953411 ], [ 138.257761140000014, 36.12804605 ], [ 138.25642141000003, 36.12689939 ], [ 138.255026980000025, 36.12533717 ], [ 138.25071250000002, 36.12175495 ], [ 138.24942027000003, 36.12088078 ], [ 138.24799834, 36.12008522 ], [ 138.24543664, 36.11892856 ], [ 138.24433192, 36.11799467 ], [ 138.24391997, 36.11721605 ], [ 138.24307275000001, 36.11652495 ], [ 138.24179025, 36.11582244 ], [ 138.238845810000015, 36.11441384 ], [ 138.23880828, 36.11329744 ], [ 138.238209110000014, 36.11246577 ], [ 138.235222720000024, 36.11087522 ], [ 138.234736060000017, 36.11048411 ], [ 138.234029100000015, 36.11017272 ], [ 138.232830510000014, 36.11022578 ] ] ] } },
{ "type": "Feature", "properties": { "kouiki": "佐久", "area_km2": 1570.4, "chiiki": "東信" }, "geometry": { "type": "Polygon", "coordinates": [ [ [ 138.49515012, 35.91026005 ], [ 138.496005670000017, 35.90807561 ], [ 138.495773720000017, 35.90598256 ], [ 138.49590927, 35.90508867 ], [ 138.49554956, 35.90363895 ], [ 138.49471205, 35.90208311 ], [ 138.494143720000011, 35.90150339 ], [ 138.49300678, 35.89992533 ], [ 138.491019250000022, 35.89823311 ], [ 138.490547030000016, 35.89688644 ], [ 138.49013231, 35.89637478 ], [ 138.48978258, 35.89645117 ], [ 138.488071750000017, 35.89619728 ], [ 138.48735953000002, 35.89635228 ], [ 138.48625092, 35.89753172 ], [ 138.48555453, 35.89796478 ], [ 138.483214770000018, 35.89875869 ], [ 138.482142830000015, 35.89877341 ], [ 138.481248110000024, 35.89791397 ], [ 138.480055890000017, 35.8981262 ], [ 138.478898110000017, 35.89787369 ], [ 138.47810506, 35.89737453 ], [ 138.477058950000014, 35.89742786 ], [ 138.47627144, 35.89707731 ], [ 138.474920030000021, 35.89722064 ], [ 138.47273698, 35.89668786 ], [ 138.471654480000012, 35.89619036 ], [ 138.47102558, 35.89682703 ], [ 138.469896420000026, 35.89731841 ], [ 138.469233920000022, 35.89842036 ], [ 138.467533060000022, 35.89936064 ], [ 138.46670083, 35.89955147 ], [ 138.46533944, 35.90013536 ], [ 138.464648050000022, 35.90062592 ], [ 138.46400112, 35.90172008 ], [ 138.462858610000012, 35.90241008 ], [ 138.462021390000018, 35.90257675 ], [ 138.4604875, 35.90352425 ], [ 138.45936859, 35.90370897 ], [ 138.457010250000025, 35.90331872 ], [ 138.45645747, 35.90274761 ], [ 138.45614470000001, 35.90171039 ], [ 138.456246350000015, 35.90090289 ], [ 138.45538803, 35.8997415 ], [ 138.454496080000013, 35.89997733 ], [ 138.45413886, 35.90152372 ], [ 138.45422192, 35.90320622 ], [ 138.45328025, 35.90510289 ], [ 138.452734940000028, 35.90580872 ], [ 138.451785500000028, 35.90626067 ], [ 138.45127161000002, 35.90735956 ], [ 138.451065500000027, 35.9081515 ], [ 138.450209950000016, 35.909149 ], [ 138.45039523, 35.91015011 ], [ 138.44989161, 35.91109123 ], [ 138.449101360000014, 35.91197984 ], [ 138.448832480000021, 35.91312095 ], [ 138.448383870000015, 35.91332261 ], [ 138.447110800000019, 35.91434372 ], [ 138.44617969, 35.9149115 ], [ 138.44542053, 35.916789 ], [ 138.444418860000013, 35.91773289 ], [ 138.44439803, 35.91801956 ], [ 138.44517803, 35.91856928 ], [ 138.445534450000025, 35.91984511 ], [ 138.445345280000026, 35.92033733 ], [ 138.44441611000002, 35.92172956 ], [ 138.44441584, 35.92218956 ], [ 138.44495333, 35.92290456 ], [ 138.446277780000031, 35.923194 ], [ 138.447281950000018, 35.92358484 ], [ 138.44755222, 35.92394344 ], [ 138.44720336, 35.9249015 ], [ 138.448250030000025, 35.924974 ], [ 138.44838891, 35.92528956 ], [ 138.448071970000029, 35.926444 ], [ 138.448534470000027, 35.92788261 ], [ 138.44806447000002, 35.92906344 ], [ 138.44747365, 35.92917039 ], [ 138.449659780000019, 35.93118759 ], [ 138.450293110000018, 35.93233397 ], [ 138.45149283, 35.93295036 ], [ 138.452443110000019, 35.93438008 ], [ 138.452482310000022, 35.93506897 ], [ 138.452867030000021, 35.9354612 ], [ 138.45311258000001, 35.9364248 ], [ 138.45353953, 35.93678953 ], [ 138.453838690000026, 35.93772147 ], [ 138.45433341, 35.9383062 ], [ 138.45434425000002, 35.93911675 ], [ 138.45395258, 35.93953036 ], [ 138.453781750000019, 35.9401962 ], [ 138.452592580000015, 35.94090536 ], [ 138.452336230000014, 35.94154786 ], [ 138.451883990000027, 35.94164925 ], [ 138.452329, 35.9421498 ], [ 138.45191623, 35.94254341 ], [ 138.45182678, 35.94308453 ], [ 138.450865670000013, 35.94370841 ], [ 138.451129, 35.94429008 ], [ 138.450562890000015, 35.94541147 ], [ 138.44990428, 35.94586869 ], [ 138.448605110000017, 35.94617286 ], [ 138.447280660000018, 35.94712203 ], [ 138.44628372, 35.94762564 ], [ 138.445550390000022, 35.94924341 ], [ 138.44482761, 35.9496312 ], [ 138.444735110000011, 35.95015786 ], [ 138.443588440000013, 35.95072675 ], [ 138.443161240000023, 35.95113759 ], [ 138.442064860000016, 35.95155147 ], [ 138.43679597, 35.95372786 ], [ 138.42784930000002, 35.9575062 ], [ 138.426827910000014, 35.95797036 ], [ 138.42534319, 35.95835259 ], [ 138.424193190000011, 35.9589748 ], [ 138.4216193, 35.95933647 ], [ 138.41974708, 35.95985008 ], [ 138.41796348, 35.95908314 ], [ 138.416831530000024, 35.95898313 ], [ 138.415517640000019, 35.95937397 ], [ 138.414325140000017, 35.95936675 ], [ 138.413559860000021, 35.95957508 ], [ 138.41258431, 35.96010175 ], [ 138.411256520000023, 35.96053286 ], [ 138.41008514, 35.96119841 ], [ 138.408415690000027, 35.96248647 ], [ 138.40728708, 35.96276147 ], [ 138.405019580000015, 35.96314175 ], [ 138.40389097, 35.96348064 ], [ 138.40121708, 35.96451813 ], [ 138.40015986, 35.96458175 ], [ 138.39825514, 35.96431703 ], [ 138.3945707, 35.96556008 ], [ 138.392577080000024, 35.96583786 ], [ 138.390686520000031, 35.96633841 ], [ 138.388813750000025, 35.96731953 ], [ 138.385944580000029, 35.96824259 ], [ 138.383680410000011, 35.96934536 ], [ 138.381772090000027, 35.9712498 ], [ 138.38127375000002, 35.97145536 ], [ 138.378379580000029, 35.97156397 ], [ 138.377065690000023, 35.9713612 ], [ 138.374897910000016, 35.97133341 ], [ 138.37285431, 35.97170841 ], [ 138.37143597, 35.9712498 ], [ 138.37046042, 35.97138064 ], [ 138.37060847, 35.97257313 ], [ 138.37129847, 35.97359647 ], [ 138.371437640000011, 35.97432841 ], [ 138.37216903, 35.97564061 ], [ 138.37213545, 35.97778589 ], [ 138.372543220000011, 35.97968367 ], [ 138.372774890000017, 35.98011061 ], [ 138.373720170000013, 35.98097561 ], [ 138.374518810000012, 35.98308895 ], [ 138.3739127, 35.98406978 ], [ 138.373102970000019, 35.98613561 ], [ 138.373264920000025, 35.98728423 ], [ 138.37403297, 35.98915951 ], [ 138.37402717, 35.98952256 ], [ 138.373001050000028, 35.99013117 ], [ 138.372824940000015, 35.99112089 ], [ 138.37214078, 35.99253505 ], [ 138.37214355, 35.99455089 ], [ 138.371888, 35.99505033 ], [ 138.370728, 35.99631256 ], [ 138.370050530000015, 35.99779728 ], [ 138.36915192, 35.99829589 ], [ 138.367919140000026, 35.99849923 ], [ 138.367610800000023, 35.99870005 ], [ 138.367661630000015, 35.99997895 ], [ 138.366795250000024, 36.00178005 ], [ 138.36491053, 36.00316728 ], [ 138.36468886, 36.00484951 ], [ 138.36494667, 36.00588197 ], [ 138.36492722, 36.00699031 ], [ 138.364720270000021, 36.00886531 ], [ 138.36378306, 36.00998003 ], [ 138.36361112, 36.01067003 ], [ 138.36304501, 36.01137003 ], [ 138.3626275, 36.01233613 ], [ 138.36212752, 36.01261447 ], [ 138.359120830000023, 36.01289336 ], [ 138.359616940000024, 36.01327336 ], [ 138.360268640000015, 36.01476169 ], [ 138.360280580000023, 36.01553447 ], [ 138.361307520000025, 36.01663308 ], [ 138.361660310000019, 36.01746586 ], [ 138.36093642000003, 36.01909059 ], [ 138.359581720000023, 36.0201042 ], [ 138.359468390000018, 36.02055697 ], [ 138.359733670000026, 36.0223178 ], [ 138.36032728, 36.0231378 ], [ 138.360729490000011, 36.02419892 ], [ 138.360546160000013, 36.02475003 ], [ 138.35976506, 36.0252342 ], [ 138.3591245, 36.02608641 ], [ 138.358945080000012, 36.02715697 ], [ 138.35939815, 36.02759364 ], [ 138.36115508, 36.0300892 ], [ 138.36132258, 36.03089364 ], [ 138.361201750000021, 36.0316728 ], [ 138.36013202, 36.03248003 ], [ 138.358866740000025, 36.03304697 ], [ 138.356617590000013, 36.03352225 ], [ 138.35581703, 36.03403503 ], [ 138.3557037, 36.03435808 ], [ 138.356422330000015, 36.0360492 ], [ 138.35626234, 36.03666669 ], [ 138.35500872, 36.03732864 ], [ 138.35538372000002, 36.03820559 ], [ 138.35612538, 36.03928559 ], [ 138.356437890000024, 36.04038141 ], [ 138.356465140000012, 36.04170833 ], [ 138.356074580000012, 36.04288639 ], [ 138.35487569, 36.04421028 ], [ 138.35354014, 36.04505556 ], [ 138.353204310000024, 36.04573639 ], [ 138.353380140000013, 36.04674056 ], [ 138.352954580000016, 36.04694305 ], [ 138.351744310000015, 36.04697139 ], [ 138.350010420000018, 36.04742444 ], [ 138.34810486, 36.04765556 ], [ 138.34799934, 36.052425 ], [ 138.347842940000021, 36.05453389 ], [ 138.347319880000015, 36.056415 ], [ 138.346147980000012, 36.05979417 ], [ 138.34562852000002, 36.06107361 ], [ 138.34517964, 36.06159917 ], [ 138.342586860000011, 36.06214417 ], [ 138.34243852, 36.06227389 ], [ 138.341708250000011, 36.06469305 ], [ 138.341157720000012, 36.06549444 ], [ 138.33995883, 36.06630528 ], [ 138.33894328, 36.066815 ], [ 138.33547966, 36.06827777 ], [ 138.33440217, 36.06853444 ], [ 138.334062440000025, 36.06974417 ], [ 138.333648, 36.07323723 ], [ 138.3336208, 36.07447861 ], [ 138.33334747, 36.07488084 ], [ 138.332441360000018, 36.07489667 ], [ 138.33238691, 36.07542861 ], [ 138.332948860000016, 36.07711639 ], [ 138.333179140000027, 36.07859889 ], [ 138.333120800000017, 36.08112889 ], [ 138.332995840000024, 36.08195556 ], [ 138.333304160000012, 36.08317472 ], [ 138.33420611, 36.08480887 ], [ 138.33394056, 36.08543859 ], [ 138.33321805, 36.08600553 ], [ 138.33224973, 36.08646803 ], [ 138.33105472, 36.08671608 ], [ 138.32882834000003, 36.08608775 ], [ 138.327239170000013, 36.08552331 ], [ 138.326386110000016, 36.08551331 ], [ 138.324748340000014, 36.08491303 ], [ 138.32338472, 36.08488025 ], [ 138.321515550000015, 36.08530441 ], [ 138.3199525, 36.08596831 ], [ 138.319491390000024, 36.08636969 ], [ 138.320067780000016, 36.0874358 ], [ 138.321173610000017, 36.08773831 ], [ 138.32186944, 36.08815497 ], [ 138.322803060000012, 36.08786525 ], [ 138.32348306, 36.0885008 ], [ 138.325761950000015, 36.09015608 ], [ 138.32798698000002, 36.09146192 ], [ 138.327339750000021, 36.09296913 ], [ 138.326832240000016, 36.09371887 ], [ 138.326381970000028, 36.09476386 ], [ 138.32633365, 36.0959708 ], [ 138.32587003, 36.09740692 ], [ 138.325478080000011, 36.09780831 ], [ 138.32504895, 36.0987308 ], [ 138.324657, 36.10092108 ], [ 138.32484811, 36.10398469 ], [ 138.325108110000031, 36.10459192 ], [ 138.325913110000016, 36.10532664 ], [ 138.327451750000023, 36.10709303 ], [ 138.325647590000017, 36.10815664 ], [ 138.323788690000015, 36.10978469 ], [ 138.320761480000016, 36.11165775 ], [ 138.319478420000024, 36.1121422 ], [ 138.317850920000012, 36.11244747 ], [ 138.317094250000025, 36.11212053 ], [ 138.315421750000013, 36.11182136 ], [ 138.31476759, 36.11144192 ], [ 138.31414786000002, 36.11150997 ], [ 138.312973410000012, 36.1119972 ], [ 138.31160064, 36.11117053 ], [ 138.30963895, 36.10957331 ], [ 138.30874173, 36.10955775 ], [ 138.30771895, 36.10993108 ], [ 138.30691672, 36.10996803 ], [ 138.306110610000019, 36.11035969 ], [ 138.304468390000011, 36.11162413 ], [ 138.30346839, 36.11165497 ], [ 138.302270610000022, 36.11134025 ], [ 138.301704230000013, 36.11091469 ], [ 138.29950394, 36.10866497 ], [ 138.29861506, 36.1075808 ], [ 138.29566975, 36.10521608 ], [ 138.295285300000018, 36.10411969 ], [ 138.2946517, 36.10307553 ], [ 138.293725310000013, 36.10210775 ], [ 138.292882530000014, 36.10100359 ], [ 138.29250167, 36.10000553 ], [ 138.29135611, 36.09804553 ], [ 138.29036222, 36.09705053 ], [ 138.290136390000015, 36.09664331 ], [ 138.290200270000014, 36.0959022 ], [ 138.29067889, 36.09449441 ], [ 138.29046997, 36.0935458 ], [ 138.28878497, 36.09190303 ], [ 138.287632750000029, 36.0909872 ], [ 138.286655250000024, 36.08989914 ], [ 138.28504328, 36.08915359 ], [ 138.28302939, 36.08844469 ], [ 138.279558560000027, 36.08794969 ], [ 138.278004940000017, 36.08765441 ], [ 138.275783280000013, 36.08637303 ], [ 138.275400220000023, 36.08634664 ], [ 138.274328, 36.08739553 ], [ 138.273428560000013, 36.08799608 ], [ 138.27221689000001, 36.08851108 ], [ 138.271013550000021, 36.08884164 ], [ 138.269585230000018, 36.08963331 ], [ 138.26902438, 36.09010969 ], [ 138.267254940000015, 36.09121887 ], [ 138.266484940000026, 36.09140108 ], [ 138.264683800000029, 36.09139247 ], [ 138.262512140000013, 36.09097636 ], [ 138.260988520000012, 36.09099747 ], [ 138.259425470000025, 36.09163053 ], [ 138.25803686, 36.09196831 ], [ 138.256047420000016, 36.09221164 ], [ 138.254322700000017, 36.09252941 ], [ 138.25355131, 36.09251053 ], [ 138.252243800000031, 36.09274803 ], [ 138.250804640000013, 36.09348831 ], [ 138.24720492000003, 36.0948422 ], [ 138.246631850000028, 36.09495414 ], [ 138.24754411, 36.10083995 ], [ 138.24659689, 36.101918 ], [ 138.245169660000016, 36.10333133 ], [ 138.24420161, 36.10448244 ], [ 138.24335467, 36.10570605 ], [ 138.24237856000002, 36.1059805 ], [ 138.23696689, 36.10726911 ], [ 138.23403883, 36.10800189 ], [ 138.233885500000014, 36.10818522 ], [ 138.234736060000017, 36.11048411 ], [ 138.235222720000024, 36.11087522 ], [ 138.238209110000014, 36.11246577 ], [ 138.23880828, 36.11329744 ], [ 138.238845810000015, 36.11441384 ], [ 138.24179025, 36.11582244 ], [ 138.24307275000001, 36.11652495 ], [ 138.24391997, 36.11721605 ], [ 138.24433192, 36.11799467 ], [ 138.24543664, 36.11892856 ], [ 138.24799834, 36.12008522 ], [ 138.24942027000003, 36.12088078 ], [ 138.25071250000002, 36.12175495 ], [ 138.255026980000025, 36.12533717 ], [ 138.25642141000003, 36.12689939 ], [ 138.257761140000014, 36.12804605 ], [ 138.259308080000011, 36.12953411 ], [ 138.26097228, 36.13150995 ], [ 138.26153616000002, 36.13265856 ], [ 138.263039780000014, 36.13536105 ], [ 138.263644230000011, 36.1359605 ], [ 138.265610080000016, 36.13838825 ], [ 138.26662564, 36.13987075 ], [ 138.26707703, 36.14031964 ], [ 138.269265110000021, 36.14346214 ], [ 138.27068484, 36.1454052 ], [ 138.27245317, 36.14705353 ], [ 138.2751082, 36.15051159 ], [ 138.275528470000012, 36.15149714 ], [ 138.276225690000018, 36.15463769 ], [ 138.27657514, 36.15679964 ], [ 138.27654236, 36.15893492 ], [ 138.276647670000017, 36.16035825 ], [ 138.276480170000013, 36.16093131 ], [ 138.276844330000017, 36.16231325 ], [ 138.27680795, 36.1640502 ], [ 138.27771433, 36.16670186 ], [ 138.278424360000031, 36.16803714 ], [ 138.278384640000013, 36.16838047 ], [ 138.27905881, 36.17029436 ], [ 138.28037659, 36.17434187 ], [ 138.28050798000001, 36.17584686 ], [ 138.28099022, 36.17752603 ], [ 138.281687440000013, 36.17903659 ], [ 138.28242606, 36.18025464 ], [ 138.282741610000016, 36.18119103 ], [ 138.283129950000017, 36.18308131 ], [ 138.283324140000019, 36.18455825 ], [ 138.28289053, 36.18665351 ], [ 138.28296358, 36.18731433 ], [ 138.28283163, 36.1886335 ], [ 138.283202750000015, 36.18928905 ], [ 138.283154140000022, 36.19024544 ], [ 138.28402136, 36.191936 ], [ 138.284454720000014, 36.19368823 ], [ 138.28426056, 36.19568517 ], [ 138.283480270000013, 36.19747989 ], [ 138.28359472, 36.19977795 ], [ 138.284035010000025, 36.20072295 ], [ 138.28379917, 36.20224184 ], [ 138.284101140000018, 36.203021 ], [ 138.28401781, 36.203921 ], [ 138.284381970000027, 36.20573822 ], [ 138.28379586, 36.20649489 ], [ 138.283390030000021, 36.2094935 ], [ 138.282737810000015, 36.21077295 ], [ 138.283029200000016, 36.21188711 ], [ 138.282790050000017, 36.21316128 ], [ 138.28294949, 36.21472795 ], [ 138.283341170000028, 36.21525405 ], [ 138.283525060000017, 36.21599656 ], [ 138.283310050000011, 36.21642684 ], [ 138.283486720000013, 36.21704572 ], [ 138.28315394, 36.21832267 ], [ 138.28333423, 36.21879544 ], [ 138.28284506, 36.22038184 ], [ 138.28305314, 36.22095267 ], [ 138.284142310000021, 36.22247184 ], [ 138.284482310000016, 36.22371211 ], [ 138.28517231, 36.22434239 ], [ 138.286261190000033, 36.2249585 ], [ 138.28690287, 36.22566461 ], [ 138.286843990000023, 36.22738877 ], [ 138.28780122, 36.22799628 ], [ 138.287877330000015, 36.22888489 ], [ 138.287502610000018, 36.23028877 ], [ 138.2880265, 36.23109017 ], [ 138.288931500000018, 36.23210017 ], [ 138.289410120000014, 36.23311544 ], [ 138.289430700000025, 36.233906 ], [ 138.290283750000015, 36.23413656 ], [ 138.29121319, 36.23543044 ], [ 138.29190319, 36.23684795 ], [ 138.29265236, 36.236966 ], [ 138.29375156, 36.23871851 ], [ 138.29383489, 36.23976489 ], [ 138.294632670000027, 36.23958211 ], [ 138.295863770000011, 36.23987461 ], [ 138.29641878000001, 36.23982684 ], [ 138.29756655, 36.24078572 ], [ 138.29756294, 36.24160711 ], [ 138.298086830000017, 36.24187433 ], [ 138.298066010000014, 36.24253239 ], [ 138.298457660000025, 36.24307544 ], [ 138.29843686000001, 36.24369433 ], [ 138.29927964, 36.24518767 ], [ 138.29928992, 36.24622572 ], [ 138.298152140000013, 36.24788239 ], [ 138.29727492, 36.24835517 ], [ 138.29625825, 36.25088656 ], [ 138.296362410000029, 36.25186267 ], [ 138.29595659, 36.25271211 ], [ 138.29476686000001, 36.2530132 ], [ 138.29395409, 36.25382153 ], [ 138.29260409, 36.25461347 ], [ 138.29160131, 36.25552653 ], [ 138.290832970000025, 36.25572708 ], [ 138.290493, 36.25706903 ], [ 138.288993, 36.25750264 ], [ 138.28777908, 36.2575918 ], [ 138.28700686000002, 36.25838347 ], [ 138.286294920000017, 36.25835736 ], [ 138.286329920000014, 36.25887069 ], [ 138.28736856, 36.25973041 ], [ 138.287433, 36.26104487 ], [ 138.28770689000001, 36.2622382 ], [ 138.287521610000027, 36.26256514 ], [ 138.28746745, 36.26376708 ], [ 138.28818689, 36.26477708 ], [ 138.287926610000028, 36.26538403 ], [ 138.287891630000018, 36.26616736 ], [ 138.288407200000023, 36.26705292 ], [ 138.286725530000012, 36.26833903 ], [ 138.285357200000021, 36.26991097 ], [ 138.284543860000014, 36.27067208 ], [ 138.28438136, 36.2710468 ], [ 138.285075810000023, 36.27212931 ], [ 138.28512608, 36.27298125 ], [ 138.28545581, 36.27382344 ], [ 138.285260530000016, 36.27449372 ], [ 138.28541278000003, 36.27528233 ], [ 138.284730830000029, 36.27665539 ], [ 138.28513917, 36.27754956 ], [ 138.285103330000027, 36.27799705 ], [ 138.28460694, 36.27859289 ], [ 138.283576110000013, 36.27882261 ], [ 138.28321112, 36.27948456 ], [ 138.28249861, 36.27957317 ], [ 138.281391950000028, 36.28027039 ], [ 138.280996390000013, 36.2814415 ], [ 138.281378610000019, 36.28256456 ], [ 138.282201110000017, 36.28315067 ], [ 138.28189973, 36.28427733 ], [ 138.28242781, 36.28485484 ], [ 138.282374480000016, 36.28552622 ], [ 138.283328080000018, 36.2867065 ], [ 138.283189470000025, 36.28736205 ], [ 138.28340531, 36.28852789 ], [ 138.283725030000028, 36.28888623 ], [ 138.284696420000017, 36.28900677 ], [ 138.285597560000014, 36.28960817 ], [ 138.28569117, 36.290159 ], [ 138.285342830000019, 36.29110289 ], [ 138.285537, 36.29188233 ], [ 138.285277, 36.29220095 ], [ 138.285279780000025, 36.29352761 ], [ 138.28493728, 36.29438123 ], [ 138.284215330000023, 36.29558039 ], [ 138.28440949, 36.29623178 ], [ 138.284309800000017, 36.2968698 ], [ 138.28513759, 36.29792341 ], [ 138.28516314, 36.29867536 ], [ 138.285531190000029, 36.29965286 ], [ 138.28537119, 36.30107647 ], [ 138.28483122, 36.30376231 ], [ 138.28357817, 36.30585814 ], [ 138.283452610000012, 36.30693953 ], [ 138.283929270000016, 36.30784397 ], [ 138.28509678, 36.30946814 ], [ 138.28490514, 36.3106848 ], [ 138.28571542, 36.3120548 ], [ 138.2864007, 36.31264203 ], [ 138.28694542, 36.31362564 ], [ 138.287005140000019, 36.31439175 ], [ 138.287496280000028, 36.31558092 ], [ 138.287776010000016, 36.31670786 ], [ 138.288891830000011, 36.31774811 ], [ 138.289108490000018, 36.31867033 ], [ 138.289424890000021, 36.31894672 ], [ 138.28976158, 36.31989533 ], [ 138.290794920000025, 36.32089839 ], [ 138.29070353, 36.32255839 ], [ 138.29110881, 36.3233345 ], [ 138.29225603, 36.32200617 ], [ 138.292844090000017, 36.32087005 ], [ 138.293383800000015, 36.319217 ], [ 138.294156300000026, 36.31888533 ], [ 138.29488742, 36.31883672 ], [ 138.295484360000017, 36.31847731 ], [ 138.29650464, 36.31826703 ], [ 138.29766908000002, 36.31895675 ], [ 138.29875881000001, 36.31919313 ], [ 138.29884881000001, 36.3184148 ], [ 138.298206860000022, 36.31706036 ], [ 138.29834075, 36.3160748 ], [ 138.297866030000023, 36.31504008 ], [ 138.296572390000023, 36.31402508 ], [ 138.296201, 36.31358036 ], [ 138.29531516000003, 36.31310369 ], [ 138.295184620000015, 36.31258759 ], [ 138.295556010000013, 36.31188869 ], [ 138.294606, 36.30969287 ], [ 138.295050440000011, 36.30958925 ], [ 138.294700700000021, 36.30890508 ], [ 138.295227080000018, 36.30861869 ], [ 138.29617708, 36.30765787 ], [ 138.29696847, 36.3071962 ], [ 138.29780267000001, 36.30746313 ], [ 138.298867950000016, 36.3069098 ], [ 138.29968073, 36.30702592 ], [ 138.300207390000025, 36.30801369 ], [ 138.30129073, 36.30794453 ], [ 138.301774890000019, 36.30747036 ], [ 138.303245160000017, 36.30761397 ], [ 138.303777950000011, 36.30788313 ], [ 138.305302940000018, 36.30801175 ], [ 138.306952700000011, 36.30790536 ], [ 138.307546300000013, 36.3082462 ], [ 138.308681850000028, 36.30823647 ], [ 138.3097927, 36.30790036 ], [ 138.309981310000012, 36.30758453 ], [ 138.31086713000002, 36.30747567 ], [ 138.31098603, 36.30797203 ], [ 138.31164659, 36.307604 ], [ 138.314039080000015, 36.307404 ], [ 138.315119920000029, 36.30722651 ], [ 138.31558852, 36.30667817 ], [ 138.31539992, 36.30754511 ], [ 138.31508936000003, 36.30801151 ], [ 138.31495856, 36.3088515 ], [ 138.315143840000019, 36.31091341 ], [ 138.315585500000026, 36.31236564 ], [ 138.31617577, 36.31276341 ], [ 138.315868560000013, 36.31223759 ], [ 138.315691890000011, 36.31119036 ], [ 138.31546051, 36.3109012 ], [ 138.31546078, 36.30836984 ], [ 138.316303800000014, 36.30716233 ], [ 138.31718075, 36.30631761 ], [ 138.31923995, 36.30633956 ], [ 138.320903550000025, 36.30696011 ], [ 138.320931050000013, 36.306624 ], [ 138.32196883, 36.30708095 ], [ 138.322553280000022, 36.30695261 ], [ 138.32468438, 36.30712317 ], [ 138.324836620000013, 36.30755789 ], [ 138.32440689, 36.30838261 ], [ 138.325347760000028, 36.30874817 ], [ 138.32609358, 36.30934844 ], [ 138.32661997, 36.31076595 ], [ 138.32578608, 36.31035595 ], [ 138.32522302000001, 36.31089705 ], [ 138.32621803, 36.31181095 ], [ 138.32682997, 36.31180095 ], [ 138.32704302, 36.31234178 ], [ 138.3277525, 36.31286761 ], [ 138.32745112, 36.31312456 ], [ 138.328762780000034, 36.31441151 ], [ 138.32808112, 36.31472761 ], [ 138.327499440000025, 36.31526344 ], [ 138.32739611, 36.31604869 ], [ 138.327551390000025, 36.31681925 ], [ 138.32695472, 36.31723175 ], [ 138.327170830000028, 36.31772564 ], [ 138.328160270000012, 36.31817036 ], [ 138.329161410000012, 36.31828397 ], [ 138.330293920000031, 36.31958036 ], [ 138.330656130000023, 36.32059564 ], [ 138.3320228, 36.32043259 ], [ 138.332656140000012, 36.32070175 ], [ 138.333198110000012, 36.32122036 ], [ 138.334025890000021, 36.32165036 ], [ 138.335091440000014, 36.32332453 ], [ 138.33426922000001, 36.32365814 ], [ 138.334698660000015, 36.32421592 ], [ 138.335696720000016, 36.32436425 ], [ 138.33807453, 36.32372231 ], [ 138.33958202, 36.32292147 ], [ 138.340311750000012, 36.32267039 ], [ 138.339246450000019, 36.32214425 ], [ 138.338418390000015, 36.32207259 ], [ 138.337882550000018, 36.32174425 ], [ 138.33769394, 36.32088984 ], [ 138.33780672, 36.31980539 ], [ 138.338872, 36.31908456 ], [ 138.339487, 36.31822011 ], [ 138.338650030000025, 36.31744205 ], [ 138.33868336, 36.31717539 ], [ 138.34017781, 36.31687178 ], [ 138.34036058, 36.31653817 ], [ 138.340954190000019, 36.31649372 ], [ 138.34066837, 36.31508372 ], [ 138.339478910000025, 36.31271733 ], [ 138.33935112, 36.31172567 ], [ 138.33865416, 36.31008567 ], [ 138.338568880000025, 36.30851736 ], [ 138.33821, 36.30831987 ], [ 138.33736973, 36.30844317 ], [ 138.33722667, 36.30747487 ], [ 138.33774112, 36.30753931 ], [ 138.337932750000022, 36.30642875 ], [ 138.33856608, 36.30621625 ], [ 138.339214420000019, 36.30495403 ], [ 138.340115520000012, 36.30463792 ], [ 138.34056302, 36.30480847 ], [ 138.340548860000013, 36.30562792 ], [ 138.341048590000014, 36.3051668 ], [ 138.34079219000003, 36.3043768 ], [ 138.33928219, 36.30382236 ], [ 138.340429140000026, 36.30368708 ], [ 138.341368860000017, 36.30320541 ], [ 138.34028387, 36.30199569 ], [ 138.34063859, 36.30147431 ], [ 138.340794690000024, 36.30046903 ], [ 138.340354670000011, 36.30004264 ], [ 138.340993280000021, 36.29930986 ], [ 138.34096134, 36.29904292 ], [ 138.34241745, 36.29806292 ], [ 138.342120510000029, 36.29762986 ], [ 138.34237883, 36.29719156 ], [ 138.34150105, 36.29687795 ], [ 138.342321340000012, 36.29671851 ], [ 138.342671610000025, 36.29620405 ], [ 138.342620510000017, 36.29563905 ], [ 138.34190494, 36.29530128 ], [ 138.341894380000014, 36.29496489 ], [ 138.341302720000016, 36.29410544 ], [ 138.341366860000022, 36.29322544 ], [ 138.342090750000011, 36.29232628 ], [ 138.342150190000012, 36.29317628 ], [ 138.342724940000011, 36.29420322 ], [ 138.343224670000012, 36.29445128 ], [ 138.344582440000011, 36.29370877 ], [ 138.34568134, 36.29350544 ], [ 138.346284940000032, 36.29370544 ], [ 138.346874110000016, 36.29358156 ], [ 138.34713689, 36.29450961 ], [ 138.348036060000027, 36.29507517 ], [ 138.347599660000014, 36.295611 ], [ 138.348193, 36.29562905 ], [ 138.34889053, 36.29640017 ], [ 138.34970608, 36.29623461 ], [ 138.35043553, 36.29640184 ], [ 138.35123275, 36.29624128 ], [ 138.352015810000012, 36.29644295 ], [ 138.352411360000019, 36.29678211 ], [ 138.354174700000016, 36.29744877 ], [ 138.355642750000015, 36.29788239 ], [ 138.35636248, 36.29825295 ], [ 138.357090560000017, 36.29814684 ], [ 138.35802805, 36.29865323 ], [ 138.358855840000018, 36.29847128 ], [ 138.36068083, 36.29850433 ], [ 138.36089694, 36.29823128 ], [ 138.362150830000019, 36.29779322 ], [ 138.363895840000026, 36.29792377 ], [ 138.36437306000002, 36.29823156 ], [ 138.365498340000016, 36.29841684 ], [ 138.36836086, 36.29955131 ], [ 138.368817520000022, 36.29956131 ], [ 138.369616420000028, 36.29901269 ], [ 138.370470860000012, 36.2986738 ], [ 138.37121503000003, 36.2980152 ], [ 138.37170642000001, 36.29802547 ], [ 138.371665550000017, 36.2972752 ], [ 138.373153890000026, 36.29604687 ], [ 138.374082500000014, 36.29545408 ], [ 138.375087220000012, 36.29512353 ], [ 138.375120270000025, 36.29315269 ], [ 138.37451442, 36.2890602 ], [ 138.37453997, 36.28715356 ], [ 138.37477302, 36.28590161 ], [ 138.37569636, 36.28597161 ], [ 138.37587553, 36.28797439 ], [ 138.376222750000011, 36.28974853 ], [ 138.37934389000003, 36.29138075 ], [ 138.380714450000028, 36.29248159 ], [ 138.3816075, 36.29339269 ], [ 138.38131365000001, 36.29391103 ], [ 138.3816328, 36.29554686 ], [ 138.38190086, 36.29611047 ], [ 138.38225058, 36.29495464 ], [ 138.382339200000018, 36.29410575 ], [ 138.383500030000022, 36.29475047 ], [ 138.384241410000016, 36.29490936 ], [ 138.38498698, 36.29552797 ], [ 138.38630562000003, 36.29756603 ], [ 138.385540610000021, 36.29867713 ], [ 138.38494922000001, 36.29978186 ], [ 138.38421589, 36.3001788 ], [ 138.383744770000021, 36.3013488 ], [ 138.383569490000014, 36.30228714 ], [ 138.3835745, 36.3032938 ], [ 138.38055728, 36.30327131 ], [ 138.379668660000021, 36.3028738 ], [ 138.37814477, 36.30333464 ], [ 138.377574230000022, 36.30371297 ], [ 138.376498110000028, 36.30505103 ], [ 138.37633394, 36.30591767 ], [ 138.37664647, 36.30717933 ], [ 138.37502314, 36.31011544 ], [ 138.37457759, 36.31176823 ], [ 138.37387956, 36.31253156 ], [ 138.37381428, 36.31404044 ], [ 138.37322817, 36.31505461 ], [ 138.37326983, 36.31592322 ], [ 138.372860660000015, 36.31627628 ], [ 138.37307927, 36.31687044 ], [ 138.37275372000002, 36.31718323 ], [ 138.371877610000013, 36.31722239 ], [ 138.37074733, 36.31764875 ], [ 138.36992706, 36.31752292 ], [ 138.369273990000011, 36.31805487 ], [ 138.36847455, 36.31820875 ], [ 138.36811789, 36.31872569 ], [ 138.366897060000014, 36.31930625 ], [ 138.36600733, 36.32034569 ], [ 138.36583597, 36.32111987 ], [ 138.365131530000014, 36.32124208 ], [ 138.36508292, 36.32158792 ], [ 138.36562514000002, 36.3224582 ], [ 138.365050700000012, 36.3227118 ], [ 138.36473319000001, 36.32333013 ], [ 138.364137910000011, 36.32364013 ], [ 138.36450847, 36.32404236 ], [ 138.36403986000002, 36.32449236 ], [ 138.36415876, 36.32489375 ], [ 138.36339652, 36.32573567 ], [ 138.364228200000014, 36.32654205 ], [ 138.36427433, 36.327679 ], [ 138.36405739, 36.32843956 ], [ 138.365339880000022, 36.32913567 ], [ 138.365810170000032, 36.32988372 ], [ 138.366284920000027, 36.33113344 ], [ 138.366463260000017, 36.33262205 ], [ 138.366810750000013, 36.33313123 ], [ 138.367735190000019, 36.33318205 ], [ 138.369043800000014, 36.33289844 ], [ 138.36999742, 36.33287761 ], [ 138.372396060000028, 36.33348817 ], [ 138.373336060000014, 36.33360428 ], [ 138.37429051, 36.33486984 ], [ 138.37577939, 36.33555928 ], [ 138.37765217, 36.33534153 ], [ 138.378733550000021, 36.33504041 ], [ 138.381237450000015, 36.33410736 ], [ 138.383362480000017, 36.33603097 ], [ 138.384072190000012, 36.33538625 ], [ 138.3852808, 36.33466764 ], [ 138.386519690000029, 36.33413541 ], [ 138.386782190000019, 36.33494097 ], [ 138.385751630000016, 36.33683514 ], [ 138.38446302, 36.33784987 ], [ 138.382969140000029, 36.33871792 ], [ 138.38064136, 36.339634 ], [ 138.381036670000015, 36.34043678 ], [ 138.380414160000015, 36.34114095 ], [ 138.379508340000029, 36.34126177 ], [ 138.380625550000019, 36.34214011 ], [ 138.38152195, 36.34317011 ], [ 138.38085611, 36.34350364 ], [ 138.38099739, 36.34389841 ], [ 138.37969302, 36.34412295 ], [ 138.379891, 36.3446588 ], [ 138.381638720000012, 36.34510172 ], [ 138.381789270000013, 36.34532375 ], [ 138.38074577, 36.34532208 ], [ 138.381069560000014, 36.34584625 ], [ 138.38210392000002, 36.34686761 ], [ 138.38199781, 36.34791761 ], [ 138.383018640000017, 36.34841984 ], [ 138.383675330000017, 36.35005817 ], [ 138.38508783, 36.35063372 ], [ 138.386933700000014, 36.35232705 ], [ 138.386202310000016, 36.35266789 ], [ 138.385592280000026, 36.35224372 ], [ 138.38421645, 36.35232456 ], [ 138.38296255000003, 36.35220595 ], [ 138.382455060000012, 36.35136289 ], [ 138.381686450000018, 36.35092372 ], [ 138.38132533000001, 36.35159261 ], [ 138.381446720000014, 36.35208984 ], [ 138.382604500000014, 36.35322289 ], [ 138.384365910000014, 36.35477289 ], [ 138.3845837, 36.35577984 ], [ 138.38502258, 36.35586039 ], [ 138.384938150000011, 36.35680956 ], [ 138.3852962, 36.3572665 ], [ 138.38503484, 36.35795789 ], [ 138.38531789000001, 36.36015622 ], [ 138.387038750000016, 36.36155733 ], [ 138.3872318, 36.36269789 ], [ 138.388912090000019, 36.36406844 ], [ 138.389074060000013, 36.36578484 ], [ 138.38952516, 36.36655456 ], [ 138.39016322, 36.36682456 ], [ 138.390060440000013, 36.36715011 ], [ 138.390530170000034, 36.36767789 ], [ 138.39140183, 36.36816233 ], [ 138.39095655, 36.36838928 ], [ 138.391806300000013, 36.36952011 ], [ 138.39259353, 36.36995177 ], [ 138.392543800000027, 36.370164 ], [ 138.39409326, 36.372839 ], [ 138.39486217000001, 36.37381317 ], [ 138.39497717, 36.37423984 ], [ 138.395584110000016, 36.37392177 ], [ 138.39501769, 36.37218539 ], [ 138.394999080000019, 36.37169095 ], [ 138.39407492, 36.37003261 ], [ 138.39457908, 36.36922233 ], [ 138.395441020000021, 36.36916428 ], [ 138.396804090000018, 36.36975484 ], [ 138.39718686, 36.37044372 ], [ 138.397526060000018, 36.37164289 ], [ 138.39820438000001, 36.37217011 ], [ 138.40180856, 36.37104705 ], [ 138.402645230000019, 36.37167567 ], [ 138.404801920000011, 36.37291733 ], [ 138.406591360000021, 36.37413153 ], [ 138.407590250000027, 36.37463375 ], [ 138.409600830000016, 36.37605736 ], [ 138.40863914000002, 36.37424013 ], [ 138.408480250000025, 36.37374541 ], [ 138.40735387, 36.37264486 ], [ 138.40655109, 36.37231931 ], [ 138.40615577, 36.37184736 ], [ 138.406936910000013, 36.37176153 ], [ 138.407693280000018, 36.37112292 ], [ 138.407099100000011, 36.36960847 ], [ 138.407708830000018, 36.36981292 ], [ 138.408147720000017, 36.37029764 ], [ 138.40889772, 36.37070653 ], [ 138.409946640000015, 36.37090347 ], [ 138.41057497, 36.37129236 ], [ 138.411424690000018, 36.37057292 ], [ 138.41222442, 36.37121153 ], [ 138.413350830000013, 36.37385653 ], [ 138.413755550000019, 36.3741618 ], [ 138.414153890000023, 36.37496459 ], [ 138.41460222, 36.37537597 ], [ 138.41659694, 36.37642069 ], [ 138.417626980000023, 36.37672375 ], [ 138.418065840000025, 36.3757318 ], [ 138.418520270000016, 36.37554014 ], [ 138.418791140000025, 36.3765018 ], [ 138.418974750000018, 36.3761382 ], [ 138.419848910000013, 36.37594653 ], [ 138.420614480000012, 36.37639069 ], [ 138.421513920000024, 36.37633014 ], [ 138.42276837, 36.37661544 ], [ 138.42418419, 36.37658267 ], [ 138.42482837, 36.37533851 ], [ 138.425936420000028, 36.37605544 ], [ 138.426711410000024, 36.37676684 ], [ 138.428507, 36.37737517 ], [ 138.429689490000015, 36.37818795 ], [ 138.429870050000034, 36.37847572 ], [ 138.429947560000016, 36.38046461 ], [ 138.43134508, 36.38129017 ], [ 138.43197064, 36.38115377 ], [ 138.432536740000018, 36.38135072 ], [ 138.43360425000003, 36.38218628 ], [ 138.434678140000017, 36.382421 ], [ 138.435571190000019, 36.38156517 ], [ 138.436187300000029, 36.38230739 ], [ 138.43677567, 36.38334461 ], [ 138.437515940000026, 36.38377128 ], [ 138.438014, 36.38462933 ], [ 138.438150950000022, 36.38583072 ], [ 138.437696520000031, 36.38742072 ], [ 138.437679590000016, 36.38837044 ], [ 138.43804791, 36.38971489 ], [ 138.438023190000024, 36.39025989 ], [ 138.438446280000022, 36.39067905 ], [ 138.439099880000015, 36.39052489 ], [ 138.440403770000017, 36.39120656 ], [ 138.44054073, 36.39174156 ], [ 138.44109795, 36.39198905 ], [ 138.441439880000019, 36.39313239 ], [ 138.44314519, 36.39558822 ], [ 138.44355908, 36.39717072 ], [ 138.443982170000027, 36.39817017 ], [ 138.445211340000014, 36.39882128 ], [ 138.44576523, 36.39963433 ], [ 138.446695500000033, 36.40036877 ], [ 138.447140530000013, 36.40038128 ], [ 138.44745803, 36.40082572 ], [ 138.44851942, 36.40101239 ], [ 138.44920997, 36.40131295 ], [ 138.449272190000016, 36.40264795 ], [ 138.45035834, 36.40396822 ], [ 138.450470270000011, 36.40456877 ], [ 138.45140361, 36.40542933 ], [ 138.451792780000034, 36.40668405 ], [ 138.452607810000018, 36.40788295 ], [ 138.45370309, 36.40899377 ], [ 138.455508080000016, 36.4105635 ], [ 138.457715300000018, 36.41157433 ], [ 138.45918531, 36.41053267 ], [ 138.45946837, 36.40991877 ], [ 138.46047973, 36.40887739 ], [ 138.461173060000021, 36.40774072 ], [ 138.45978639, 36.406806 ], [ 138.46003056, 36.40569684 ], [ 138.45965, 36.40475044 ], [ 138.461241630000018, 36.40448128 ], [ 138.4646108, 36.40442572 ], [ 138.46559248, 36.40425156 ], [ 138.47292163000003, 36.40487767 ], [ 138.474830780000019, 36.40404989 ], [ 138.475553550000029, 36.40396267 ], [ 138.477042720000014, 36.40444184 ], [ 138.47805827000002, 36.40440628 ], [ 138.479166890000016, 36.40374128 ], [ 138.47959189, 36.40382433 ], [ 138.48132995, 36.40315489 ], [ 138.482902440000032, 36.40271128 ], [ 138.48419131, 36.40205822 ], [ 138.486217980000021, 36.40148767 ], [ 138.487882970000015, 36.40121877 ], [ 138.48895742000002, 36.4009335 ], [ 138.489826300000033, 36.40146044 ], [ 138.48984575, 36.40207822 ], [ 138.489113260000011, 36.40322656 ], [ 138.488732410000011, 36.40347989 ], [ 138.48856633, 36.40448961 ], [ 138.488556610000018, 36.40575711 ], [ 138.48836606, 36.40631961 ], [ 138.488517449999989, 36.40732128 ], [ 138.48881022, 36.408046 ], [ 138.488824940000029, 36.40891739 ], [ 138.489938, 36.409931 ], [ 138.49046051000002, 36.41017656 ], [ 138.49095384, 36.41087767 ], [ 138.491041610000025, 36.41158656 ], [ 138.49155414, 36.41268739 ], [ 138.4920572, 36.41325764 ], [ 138.493595250000027, 36.41348736 ], [ 138.495172170000018, 36.41399847 ], [ 138.49643217000002, 36.41418459 ], [ 138.49896328, 36.41399625 ], [ 138.50268828, 36.41386959 ], [ 138.50377384, 36.4145968 ], [ 138.504752170000017, 36.41490375 ], [ 138.50543467, 36.41477041 ], [ 138.50679022, 36.41393041 ], [ 138.516601830000013, 36.40783905 ], [ 138.51775294, 36.40729851 ], [ 138.519883220000025, 36.40673989 ], [ 138.52306489, 36.40590433 ], [ 138.525819340000027, 36.4045835 ], [ 138.529346810000021, 36.40304267 ], [ 138.53193708, 36.40238211 ], [ 138.53386097, 36.40220877 ], [ 138.53576014, 36.40226211 ], [ 138.53892597, 36.40250239 ], [ 138.54061153, 36.40284933 ], [ 138.54192681, 36.40409044 ], [ 138.543760420000012, 36.40529128 ], [ 138.545898220000026, 36.40741292 ], [ 138.54656406, 36.40822013 ], [ 138.5470985, 36.40917431 ], [ 138.549236010000016, 36.41238987 ], [ 138.549630730000018, 36.41334403 ], [ 138.55049377, 36.41396431 ], [ 138.55183433000002, 36.41446459 ], [ 138.552081, 36.41471153 ], [ 138.55257409, 36.41615931 ], [ 138.55310047, 36.41660653 ], [ 138.555007980000028, 36.41777375 ], [ 138.556241020000016, 36.41820069 ], [ 138.55868326, 36.41854097 ], [ 138.56026214000002, 36.41892125 ], [ 138.56297297, 36.41978789 ], [ 138.56371630000001, 36.420119 ], [ 138.564506860000023, 36.42021678 ], [ 138.56689409, 36.4197232 ], [ 138.56970852, 36.41953264 ], [ 138.571399360000015, 36.41957569 ], [ 138.573129640000019, 36.41919514 ], [ 138.574775750000015, 36.41965486 ], [ 138.575811580000021, 36.420304 ], [ 138.57986630000002, 36.42142372 ], [ 138.58201022, 36.42174233 ], [ 138.583842170000025, 36.42254511 ], [ 138.58504467, 36.42216067 ], [ 138.586508, 36.42037292 ], [ 138.588067170000016, 36.42067236 ], [ 138.58895772, 36.42098372 ], [ 138.58947022000001, 36.421514 ], [ 138.58968328, 36.42282484 ], [ 138.590196060000011, 36.42389039 ], [ 138.590630510000011, 36.42407761 ], [ 138.59239689, 36.42439151 ], [ 138.59520355, 36.42432817 ], [ 138.599221340000014, 36.42416289 ], [ 138.59978523, 36.42406317 ], [ 138.600351890000013, 36.42264039 ], [ 138.60173745, 36.42228511 ], [ 138.603158560000026, 36.42227317 ], [ 138.603827170000017, 36.42199844 ], [ 138.604718030000015, 36.42253123 ], [ 138.60590525, 36.42300539 ], [ 138.60786636, 36.42318789 ], [ 138.609191630000026, 36.42293011 ], [ 138.61262192, 36.42272095 ], [ 138.61676302, 36.420734 ], [ 138.617320800000016, 36.420549 ], [ 138.61833442, 36.42067067 ], [ 138.618913310000011, 36.42022789 ], [ 138.619124140000025, 36.41937067 ], [ 138.620894690000029, 36.41681792 ], [ 138.62123886, 36.41646903 ], [ 138.62475163000002, 36.41571569 ], [ 138.626634420000016, 36.41550403 ], [ 138.628237760000019, 36.41603456 ], [ 138.630169170000016, 36.41703484 ], [ 138.632320830000026, 36.41784956 ], [ 138.63354611, 36.41784984 ], [ 138.637151390000014, 36.41721622 ], [ 138.637751110000011, 36.41651872 ], [ 138.63860222, 36.41590428 ], [ 138.63951555, 36.41559623 ], [ 138.640294450000027, 36.41502928 ], [ 138.64180973, 36.41422261 ], [ 138.642780270000031, 36.41226733 ], [ 138.64363416, 36.41158761 ], [ 138.64418973, 36.4115565 ], [ 138.64532528, 36.41088428 ], [ 138.646630270000031, 36.41077261 ], [ 138.64688805, 36.410204 ], [ 138.647835840000027, 36.40928205 ], [ 138.647805010000013, 36.408689 ], [ 138.648387470000017, 36.40746761 ], [ 138.64815192, 36.40621484 ], [ 138.648316640000019, 36.40496456 ], [ 138.648107470000014, 36.40392705 ], [ 138.648472750000025, 36.40268123 ], [ 138.648557200000027, 36.40072317 ], [ 138.64846384, 36.39979928 ], [ 138.64945689000001, 36.39817344 ], [ 138.650488270000011, 36.39766705 ], [ 138.65124939, 36.39643733 ], [ 138.65198745, 36.39613511 ], [ 138.65216966, 36.39506928 ], [ 138.651658270000013, 36.39408484 ], [ 138.65173438, 36.39234539 ], [ 138.65218411, 36.39058123 ], [ 138.651637130000012, 36.38732014 ], [ 138.65209103, 36.38599347 ], [ 138.65215769, 36.3853718 ], [ 138.651530190000017, 36.3840882 ], [ 138.651334330000026, 36.38301597 ], [ 138.65034183, 36.38184931 ], [ 138.65003961, 36.38052125 ], [ 138.64965239, 36.37995041 ], [ 138.64963878, 36.37894431 ], [ 138.65004350000001, 36.37802069 ], [ 138.650858780000021, 36.37673236 ], [ 138.65104545, 36.3761682 ], [ 138.651321240000016, 36.37366295 ], [ 138.65165486, 36.37281711 ], [ 138.653670700000021, 36.3722468 ], [ 138.65522847, 36.37041847 ], [ 138.65716348, 36.36890153 ], [ 138.65698597, 36.36821041 ], [ 138.6563682, 36.3674018 ], [ 138.655958200000015, 36.36716847 ], [ 138.65580234, 36.36657347 ], [ 138.65505983, 36.36604489 ], [ 138.65419205, 36.36511823 ], [ 138.65336872, 36.36368517 ], [ 138.652389560000017, 36.36263405 ], [ 138.652131500000024, 36.36158017 ], [ 138.652180640000012, 36.359476 ], [ 138.652865640000016, 36.35866128 ], [ 138.653956740000012, 36.358126 ], [ 138.653983410000023, 36.35709322 ], [ 138.65248064, 36.35595936 ], [ 138.65106978, 36.35474908 ], [ 138.65045061, 36.35305853 ], [ 138.650080610000032, 36.35248325 ], [ 138.650214230000017, 36.35116241 ], [ 138.650944230000022, 36.35042713 ], [ 138.651278390000016, 36.34964825 ], [ 138.650793110000023, 36.34854936 ], [ 138.650584190000018, 36.34765047 ], [ 138.65025947, 36.3471352 ], [ 138.65008586, 36.34599103 ], [ 138.65100669, 36.34360575 ], [ 138.650468640000014, 36.3429152 ], [ 138.6504817, 36.34238436 ], [ 138.6497392, 36.34159269 ], [ 138.649725840000031, 36.34035353 ], [ 138.64994389, 36.33951186 ], [ 138.649650270000024, 36.33844269 ], [ 138.650295280000023, 36.33680631 ], [ 138.650482780000033, 36.33581408 ], [ 138.65117834000003, 36.33516075 ], [ 138.65042528, 36.33405769 ], [ 138.65054025, 36.33212992 ], [ 138.651324970000019, 36.33152853 ], [ 138.651473580000015, 36.33066213 ], [ 138.652901630000031, 36.33036936 ], [ 138.65317886, 36.32962186 ], [ 138.652556080000011, 36.32827936 ], [ 138.651551630000029, 36.32731741 ], [ 138.651645810000019, 36.32706131 ], [ 138.652760250000028, 36.32640297 ], [ 138.653033860000022, 36.32599544 ], [ 138.65292384, 36.32513823 ], [ 138.65330577, 36.32436989 ], [ 138.652556060000023, 36.322866 ], [ 138.651918, 36.32222325 ], [ 138.651868830000012, 36.32123631 ], [ 138.65115717, 36.32004436 ], [ 138.650534670000013, 36.32004436 ], [ 138.6496927, 36.31955297 ], [ 138.648807690000012, 36.31749492 ], [ 138.64821075, 36.31665908 ], [ 138.64782881, 36.31557713 ], [ 138.64789214000001, 36.31447575 ], [ 138.64884964, 36.31337797 ], [ 138.64948798, 36.31242686 ], [ 138.650242390000017, 36.31196267 ], [ 138.650583770000026, 36.309826 ], [ 138.65115377, 36.30863405 ], [ 138.65130044, 36.3079235 ], [ 138.65239628, 36.30768017 ], [ 138.65317044, 36.30787877 ], [ 138.653787670000014, 36.30693295 ], [ 138.65302377, 36.30612433 ], [ 138.653280170000016, 36.30537684 ], [ 138.652966280000015, 36.30480711 ], [ 138.6535307, 36.30311489 ], [ 138.652759030000027, 36.30263544 ], [ 138.651937910000015, 36.30250461 ], [ 138.650122630000027, 36.30148017 ], [ 138.6500182, 36.30073295 ], [ 138.651169580000015, 36.29935322 ], [ 138.6512218, 36.29909711 ], [ 138.64999764, 36.29853267 ], [ 138.648074, 36.29845295 ], [ 138.647027890000032, 36.29764823 ], [ 138.646409, 36.29757711 ], [ 138.64627844, 36.29699156 ], [ 138.645493720000019, 36.29590961 ], [ 138.64545623, 36.29526795 ], [ 138.64488623, 36.29453656 ], [ 138.64490706, 36.29353267 ], [ 138.644373450000018, 36.29320351 ], [ 138.643735110000023, 36.29367908 ], [ 138.642617300000012, 36.29358741 ], [ 138.641722870000024, 36.29287131 ], [ 138.640767300000022, 36.2927688 ], [ 138.639998690000027, 36.2935738 ], [ 138.638847590000012, 36.29355269 ], [ 138.63827759, 36.29328103 ], [ 138.637435360000012, 36.29342714 ], [ 138.63686202, 36.29279659 ], [ 138.636150640000011, 36.29254047 ], [ 138.63580008, 36.29199159 ], [ 138.63428148, 36.29174964 ], [ 138.633958690000014, 36.29125436 ], [ 138.63293202, 36.29083992 ], [ 138.63276367, 36.29034187 ], [ 138.631898660000019, 36.28913187 ], [ 138.630583380000019, 36.28845631 ], [ 138.628935620000021, 36.28836214 ], [ 138.62683589, 36.28877741 ], [ 138.626092, 36.28814159 ], [ 138.6245509, 36.28815328 ], [ 138.62351756000001, 36.28751884 ], [ 138.622649470000027, 36.28728633 ], [ 138.62092530000001, 36.28656105 ], [ 138.61962920000002, 36.28683105 ], [ 138.61929669, 36.28661717 ], [ 138.616933640000013, 36.28622605 ], [ 138.61633752, 36.28590967 ], [ 138.615167520000028, 36.28603995 ], [ 138.614777520000018, 36.285598 ], [ 138.61235725, 36.28559328 ], [ 138.612506390000021, 36.28428105 ], [ 138.61237445, 36.28383884 ], [ 138.61145722, 36.28337356 ], [ 138.61116472, 36.28208022 ], [ 138.610040560000016, 36.28178689 ], [ 138.608836390000022, 36.28082384 ], [ 138.60759747, 36.28013495 ], [ 138.60717886, 36.27959551 ], [ 138.605458590000012, 36.27936272 ], [ 138.60482192, 36.27905105 ], [ 138.602550800000017, 36.27881356 ], [ 138.600335520000016, 36.27839995 ], [ 138.60072163000001, 36.27762244 ], [ 138.601363860000021, 36.27684523 ], [ 138.602631090000017, 36.27584495 ], [ 138.603560250000015, 36.27494661 ], [ 138.60349105, 36.27407023 ], [ 138.603078830000015, 36.27329522 ], [ 138.60339438, 36.27260633 ], [ 138.604541050000023, 36.27188522 ], [ 138.604008, 36.27098717 ], [ 138.603813, 36.26954939 ], [ 138.60503467, 36.26779522 ], [ 138.605952170000023, 36.26679467 ], [ 138.605642440000025, 36.26603633 ], [ 138.604977420000012, 36.26533356 ], [ 138.60407713, 36.26394244 ], [ 138.60373297000001, 36.26283022 ], [ 138.603939360000027, 36.26205772 ], [ 138.60435798, 36.26151356 ], [ 138.60430686, 36.25993133 ], [ 138.60487464000002, 36.25935911 ], [ 138.60497214, 36.2586055 ], [ 138.604771280000023, 36.25746077 ], [ 138.60501211, 36.2567905 ], [ 138.604616280000016, 36.2556738 ], [ 138.604837660000015, 36.2547338 ], [ 138.60475433000002, 36.25412908 ], [ 138.604117660000014, 36.25354741 ], [ 138.603063500000019, 36.25178186 ], [ 138.60304708000001, 36.25060269 ], [ 138.60217764, 36.24950047 ], [ 138.60211847, 36.24905297 ], [ 138.602479580000022, 36.24824659 ], [ 138.60335569, 36.24764214 ], [ 138.60730597, 36.24627659 ], [ 138.60747681, 36.24500936 ], [ 138.60766375, 36.24475659 ], [ 138.610239300000018, 36.24404325 ], [ 138.611318760000017, 36.24273103 ], [ 138.611299300000013, 36.24204131 ], [ 138.61166348, 36.2415088 ], [ 138.61249681000001, 36.24091797 ], [ 138.612523190000019, 36.23963492 ], [ 138.612093190000024, 36.23790464 ], [ 138.612169, 36.23208769 ], [ 138.612047610000019, 36.23081797 ], [ 138.61170956, 36.2298702 ], [ 138.61187039, 36.22939131 ], [ 138.612680950000026, 36.22890656 ], [ 138.614518440000012, 36.22806823 ], [ 138.61463314, 36.22643351 ], [ 138.61498425000002, 36.22551267 ], [ 138.614580640000014, 36.22467656 ], [ 138.61473508, 36.22422405 ], [ 138.61576869000001, 36.22311933 ], [ 138.61697953, 36.22233656 ], [ 138.617527030000019, 36.22178544 ], [ 138.617648980000013, 36.22034017 ], [ 138.617875360000028, 36.21936572 ], [ 138.61940397, 36.21815711 ], [ 138.62041148, 36.21691405 ], [ 138.620867590000017, 36.21677572 ], [ 138.62113341, 36.21581184 ], [ 138.622244530000017, 36.21458572 ], [ 138.623174810000023, 36.21443072 ], [ 138.62510536000002, 36.21496405 ], [ 138.62648092, 36.21582628 ], [ 138.627681190000033, 36.21608044 ], [ 138.628816740000019, 36.21581044 ], [ 138.63000148, 36.21663267 ], [ 138.63144202, 36.21730267 ], [ 138.63303092000001, 36.21631572 ], [ 138.633209810000011, 36.21608933 ], [ 138.633663410000025, 36.21435403 ], [ 138.634661190000031, 36.21367487 ], [ 138.634585640000012, 36.21273041 ], [ 138.63502703, 36.21180486 ], [ 138.634443410000017, 36.2087132 ], [ 138.634884530000022, 36.20783931 ], [ 138.636047, 36.20667625 ], [ 138.635721170000011, 36.20615986 ], [ 138.636707, 36.20427041 ], [ 138.634802830000012, 36.20559708 ], [ 138.63313949, 36.20455541 ], [ 138.63221117, 36.20383459 ], [ 138.63153144, 36.20392597 ], [ 138.630297830000018, 36.20343292 ], [ 138.62933228, 36.20273792 ], [ 138.62909645000002, 36.20187403 ], [ 138.628166130000011, 36.20138931 ], [ 138.627082530000024, 36.2011332 ], [ 138.625451140000024, 36.19973292 ], [ 138.62466003000003, 36.19883903 ], [ 138.624008370000013, 36.19837431 ], [ 138.623374470000016, 36.19736736 ], [ 138.622797250000019, 36.19692792 ], [ 138.623310030000027, 36.19616125 ], [ 138.624193330000026, 36.19416903 ], [ 138.625971390000018, 36.19289097 ], [ 138.626955010000017, 36.19193459 ], [ 138.62726501, 36.19142208 ], [ 138.62733667, 36.19048487 ], [ 138.627857780000028, 36.18882903 ], [ 138.62864195, 36.18717347 ], [ 138.62947445, 36.18632097 ], [ 138.62985167, 36.18490792 ], [ 138.629418610000016, 36.18346625 ], [ 138.62966112, 36.18320403 ], [ 138.63106167, 36.1826732 ], [ 138.631514690000017, 36.18156486 ], [ 138.632614140000015, 36.18029708 ], [ 138.634283860000011, 36.17913708 ], [ 138.63473302, 36.17842208 ], [ 138.635533870000017, 36.1777682 ], [ 138.63598386000001, 36.17692261 ], [ 138.636115250000017, 36.17571511 ], [ 138.63710497, 36.17488484 ], [ 138.636994970000018, 36.17438456 ], [ 138.636347200000017, 36.17312567 ], [ 138.636342750000011, 36.17206677 ], [ 138.63590136000002, 36.17093261 ], [ 138.634788300000025, 36.17116289 ], [ 138.63428969, 36.17167623 ], [ 138.632544420000016, 36.17234761 ], [ 138.631679420000012, 36.17234095 ], [ 138.630908300000016, 36.17278177 ], [ 138.630367440000015, 36.17234872 ], [ 138.629411340000019, 36.17214539 ], [ 138.628397440000015, 36.17169233 ], [ 138.627757440000011, 36.17121567 ], [ 138.626268830000015, 36.17120317 ], [ 138.62501051000001, 36.17062928 ], [ 138.623746330000017, 36.17081208 ], [ 138.62285995, 36.17029541 ], [ 138.62247022, 36.17037097 ], [ 138.621859950000015, 36.17122236 ], [ 138.62144078, 36.17122959 ], [ 138.61877189, 36.17039875 ], [ 138.618018560000024, 36.1700068 ], [ 138.617266590000014, 36.16934708 ], [ 138.61594241, 36.16905513 ], [ 138.61352936000003, 36.16883764 ], [ 138.612787130000015, 36.16856431 ], [ 138.61141742, 36.16743403 ], [ 138.609939640000022, 36.1659568 ], [ 138.60847825, 36.16541541 ], [ 138.608752970000012, 36.16474956 ], [ 138.608497660000012, 36.16420039 ], [ 138.608572940000016, 36.16365123 ], [ 138.60966516000002, 36.16142011 ], [ 138.60834073, 36.16174928 ], [ 138.60780462, 36.16165095 ], [ 138.606794330000014, 36.16253984 ], [ 138.606156840000011, 36.16291123 ], [ 138.60581044, 36.16349205 ], [ 138.604839340000012, 36.16419764 ], [ 138.603318780000023, 36.16452931 ], [ 138.602792390000019, 36.16484736 ], [ 138.602017390000015, 36.16479959 ], [ 138.600742390000022, 36.16522959 ], [ 138.598832940000023, 36.16568847 ], [ 138.5972735, 36.1654868 ], [ 138.596750440000022, 36.16589513 ], [ 138.59610294, 36.16590041 ], [ 138.594566, 36.16560597 ], [ 138.59377183, 36.16619764 ], [ 138.593503770000012, 36.16672013 ], [ 138.592728780000016, 36.16694041 ], [ 138.591734620000011, 36.16799069 ], [ 138.59142406, 36.16877597 ], [ 138.59015211, 36.16928292 ], [ 138.5896635, 36.16967736 ], [ 138.589467110000015, 36.17033987 ], [ 138.58903322, 36.17054292 ], [ 138.588652670000016, 36.17198875 ], [ 138.58834239, 36.17251153 ], [ 138.58820878, 36.17365153 ], [ 138.58882961, 36.17477792 ], [ 138.588776280000019, 36.17524653 ], [ 138.58962713, 36.17678708 ], [ 138.590651850000029, 36.17770513 ], [ 138.59058158000002, 36.17793792 ], [ 138.589313260000011, 36.17900208 ], [ 138.588502700000021, 36.17905625 ], [ 138.588011850000015, 36.17886375 ], [ 138.58788852, 36.17773208 ], [ 138.587337660000031, 36.17688736 ], [ 138.58584934000001, 36.17711487 ], [ 138.58404711, 36.17720125 ], [ 138.583713500000016, 36.17744792 ], [ 138.583559880000024, 36.17867156 ], [ 138.58297601000001, 36.17866628 ], [ 138.58154406, 36.17771572 ], [ 138.581330440000016, 36.17743933 ], [ 138.581594060000015, 36.17606125 ], [ 138.580583220000022, 36.1757418 ], [ 138.58062988, 36.17447736 ], [ 138.579895720000025, 36.17332625 ], [ 138.579335140000012, 36.17130903 ], [ 138.5793218, 36.1703182 ], [ 138.57841319000002, 36.16960347 ], [ 138.577274860000017, 36.1680732 ], [ 138.57892042, 36.16751236 ], [ 138.57947375, 36.16679403 ], [ 138.58014236, 36.16661069 ], [ 138.580340700000022, 36.16540987 ], [ 138.58085236, 36.16489013 ], [ 138.580068470000015, 36.1637268 ], [ 138.580059300000016, 36.16287375 ], [ 138.580266810000012, 36.16239875 ], [ 138.5809907, 36.16177041 ], [ 138.582507640000017, 36.16153847 ], [ 138.583254580000016, 36.16064792 ], [ 138.583936810000012, 36.16034903 ], [ 138.584891240000019, 36.16050987 ], [ 138.58588236, 36.16088013 ], [ 138.587076250000024, 36.16099625 ], [ 138.58768486, 36.16061847 ], [ 138.58768042, 36.15920041 ], [ 138.589755140000022, 36.15755847 ], [ 138.590622090000011, 36.15575541 ], [ 138.59076042, 36.15466317 ], [ 138.59268764, 36.15361956 ], [ 138.59330097, 36.15306956 ], [ 138.59312567, 36.15095984 ], [ 138.593300950000014, 36.14991233 ], [ 138.59391872, 36.14911956 ], [ 138.59479927000001, 36.14851344 ], [ 138.59510372, 36.14799733 ], [ 138.595075940000015, 36.147264 ], [ 138.59544678, 36.14665039 ], [ 138.59546678000001, 36.1452615 ], [ 138.59530122000001, 36.14488678 ], [ 138.59430261, 36.14425539 ], [ 138.59497983, 36.14308289 ], [ 138.595717890000032, 36.14228456 ], [ 138.595723170000014, 36.14124623 ], [ 138.597328980000015, 36.13942984 ], [ 138.598011750000012, 36.13814289 ], [ 138.599151190000015, 36.1375565 ], [ 138.600295640000013, 36.13634317 ], [ 138.60076759, 36.13551233 ], [ 138.60139508, 36.13555289 ], [ 138.60356314, 36.13608233 ], [ 138.60527983, 36.13629428 ], [ 138.606263720000015, 36.1362615 ], [ 138.60843205, 36.13579761 ], [ 138.610113450000028, 36.1350848 ], [ 138.61157927, 36.13402592 ], [ 138.612216780000011, 36.13342341 ], [ 138.61269372000001, 36.13352508 ], [ 138.613737610000015, 36.13427841 ], [ 138.614927060000014, 36.13420092 ], [ 138.61634261, 36.13315869 ], [ 138.616759270000017, 36.13311787 ], [ 138.617903720000015, 36.13350092 ], [ 138.620172340000011, 36.13403036 ], [ 138.620955380000026, 36.13381841 ], [ 138.621527610000015, 36.13248675 ], [ 138.62216122000001, 36.13195508 ], [ 138.62467956, 36.13188564 ], [ 138.626258440000015, 36.13277092 ], [ 138.62737428, 36.13271675 ], [ 138.62835066, 36.13311925 ], [ 138.63001678, 36.13335175 ], [ 138.63107066, 36.13255425 ], [ 138.632309, 36.13320369 ], [ 138.634091500000011, 36.13397008 ], [ 138.634618440000025, 36.13372259 ], [ 138.63557927, 36.13229008 ], [ 138.636511500000012, 36.13110675 ], [ 138.63667455, 36.12977508 ], [ 138.63708538000003, 36.12862175 ], [ 138.637635940000024, 36.12754675 ], [ 138.63736484, 36.12705175 ], [ 138.637411220000018, 36.12594453 ], [ 138.63771345, 36.12534841 ], [ 138.6373362, 36.12434397 ], [ 138.637932870000014, 36.12350008 ], [ 138.63861481, 36.12384841 ], [ 138.63980036000001, 36.12358536 ], [ 138.639939810000016, 36.12275675 ], [ 138.64061397, 36.12264841 ], [ 138.64121064, 36.12202925 ], [ 138.640931750000021, 36.12153397 ], [ 138.642791190000025, 36.12147203 ], [ 138.64307815, 36.1212862 ], [ 138.644330920000016, 36.12138147 ], [ 138.64470287, 36.12123425 ], [ 138.64537703000002, 36.12019675 ], [ 138.645098140000016, 36.11963203 ], [ 138.644214810000022, 36.11954675 ], [ 138.641281190000029, 36.11766703 ], [ 138.64018092, 36.1173498 ], [ 138.640273940000014, 36.11697813 ], [ 138.64098672, 36.11623508 ], [ 138.641498110000015, 36.1161498 ], [ 138.64200283, 36.11539259 ], [ 138.64204978, 36.11446397 ], [ 138.642584230000011, 36.11400703 ], [ 138.64279339, 36.11333341 ], [ 138.642215890000017, 36.11215036 ], [ 138.642448110000032, 36.1118562 ], [ 138.643285060000011, 36.11159286 ], [ 138.644091170000024, 36.11092731 ], [ 138.645377, 36.1105248 ], [ 138.646407830000015, 36.10957231 ], [ 138.646231410000013, 36.10841313 ], [ 138.64640975, 36.10740675 ], [ 138.64756419, 36.10664064 ], [ 138.647548640000025, 36.10592064 ], [ 138.646708910000029, 36.10503064 ], [ 138.645864470000021, 36.1045198 ], [ 138.64498114, 36.10341259 ], [ 138.644973330000028, 36.10256869 ], [ 138.64546973, 36.1005948 ], [ 138.645183060000022, 36.09880675 ], [ 138.643067780000024, 36.09799369 ], [ 138.641381390000021, 36.09769369 ], [ 138.638669690000029, 36.0961998 ], [ 138.63747611, 36.09707453 ], [ 138.636627200000021, 36.09601675 ], [ 138.6358683, 36.09556759 ], [ 138.635496350000011, 36.09477786 ], [ 138.63489192, 36.09432925 ], [ 138.63520942, 36.0927962 ], [ 138.634953860000024, 36.09247092 ], [ 138.633624700000013, 36.09204008 ], [ 138.632136910000014, 36.09201675 ], [ 138.630739140000031, 36.09137703 ], [ 138.63053302, 36.09118092 ], [ 138.630881610000017, 36.08994231 ], [ 138.630656890000012, 36.08872787 ], [ 138.630465500000014, 36.08605841 ], [ 138.631400470000017, 36.08519036 ], [ 138.63226936, 36.08467369 ], [ 138.632667130000016, 36.08375286 ], [ 138.63270742, 36.08280761 ], [ 138.633118520000011, 36.08189344 ], [ 138.633211580000022, 36.080874 ], [ 138.632939920000013, 36.08004595 ], [ 138.634557950000016, 36.07981428 ], [ 138.63547294, 36.07906539 ], [ 138.63588406, 36.078469 ], [ 138.63736655, 36.07688677 ], [ 138.63918601, 36.07528511 ], [ 138.64037958000003, 36.07477484 ], [ 138.64067153000002, 36.07281372 ], [ 138.640539860000018, 36.07107344 ], [ 138.641017080000012, 36.07026484 ], [ 138.642165380000023, 36.06964344 ], [ 138.64281538000003, 36.06874233 ], [ 138.643056230000013, 36.06726817 ], [ 138.64275122, 36.06668511 ], [ 138.642777890000019, 36.06600931 ], [ 138.642485110000024, 36.06534069 ], [ 138.64250508, 36.0621618 ], [ 138.642816740000029, 36.0611282 ], [ 138.64273036, 36.06080347 ], [ 138.64179533, 36.05967069 ], [ 138.641861730000016, 36.05931403 ], [ 138.642856450000011, 36.0575982 ], [ 138.642982830000022, 36.05592903 ], [ 138.642306420000011, 36.05529292 ], [ 138.6423728, 36.05376264 ], [ 138.64283058, 36.05268347 ], [ 138.643069170000018, 36.05147736 ], [ 138.643772220000017, 36.05079487 ], [ 138.64417112000001, 36.04957017 ], [ 138.64324944, 36.04898711 ], [ 138.642646110000015, 36.04825156 ], [ 138.64210917, 36.04719156 ], [ 138.641955810000013, 36.04565517 ], [ 138.64131914, 36.04452211 ], [ 138.639373310000025, 36.04327795 ], [ 138.638690250000025, 36.04262877 ], [ 138.63816467, 36.04117377 ], [ 138.638356890000011, 36.04010044 ], [ 138.63722214, 36.03800767 ], [ 138.637049640000015, 36.03733211 ], [ 138.63561103, 36.03683517 ], [ 138.6355227, 36.03569072 ], [ 138.635270750000018, 36.03480297 ], [ 138.63474713, 36.03412741 ], [ 138.634553770000025, 36.03335297 ], [ 138.633234330000022, 36.03168992 ], [ 138.632223770000024, 36.0293988 ], [ 138.63148791, 36.0282788 ], [ 138.631852360000011, 36.02721297 ], [ 138.63258847, 36.02694769 ], [ 138.634670700000015, 36.0276038 ], [ 138.63613375, 36.02769908 ], [ 138.637314030000027, 36.02728214 ], [ 138.63938042, 36.02615131 ], [ 138.64189348, 36.02584686 ], [ 138.64316678, 36.02483325 ], [ 138.64368927000001, 36.02412131 ], [ 138.644862890000013, 36.02413436 ], [ 138.645234280000011, 36.02371686 ], [ 138.64544650000002, 36.02278936 ], [ 138.64595706, 36.02193492 ], [ 138.646223140000018, 36.02104103 ], [ 138.64601092, 36.02002741 ], [ 138.646932870000029, 36.01994769 ], [ 138.6486037, 36.01946436 ], [ 138.65019953, 36.01853103 ], [ 138.65219564, 36.01856436 ], [ 138.653501750000032, 36.01882297 ], [ 138.655629780000027, 36.01788992 ], [ 138.656319490000016, 36.01704853 ], [ 138.656803670000016, 36.0167438 ], [ 138.658136160000026, 36.0164988 ], [ 138.66078144, 36.01650603 ], [ 138.661424770000025, 36.01636714 ], [ 138.6614317, 36.01507522 ], [ 138.66200864000001, 36.01425356 ], [ 138.661696420000027, 36.01201467 ], [ 138.66217389000002, 36.01146467 ], [ 138.664023610000015, 36.01178939 ], [ 138.66565416, 36.01142244 ], [ 138.66903611, 36.01158133 ], [ 138.669963060000015, 36.01213939 ], [ 138.67150805, 36.0122055 ], [ 138.67274805, 36.01190105 ], [ 138.674332780000015, 36.01176189 ], [ 138.67499584, 36.011563 ], [ 138.67630778000003, 36.01148244 ], [ 138.678137780000014, 36.01181384 ], [ 138.679749440000023, 36.01161495 ], [ 138.680861670000013, 36.01066633 ], [ 138.680305010000012, 36.01022272 ], [ 138.679854140000032, 36.00910939 ], [ 138.68047747, 36.00791133 ], [ 138.68127328, 36.00584411 ], [ 138.681054110000019, 36.00430161 ], [ 138.681524940000031, 36.00389078 ], [ 138.684863260000014, 36.00216328 ], [ 138.68558769, 36.00144772 ], [ 138.68570881, 36.00093884 ], [ 138.686441850000023, 36.00055078 ], [ 138.687166860000019, 35.99981828 ], [ 138.68699433, 35.99865772 ], [ 138.686511280000019, 35.99780411 ], [ 138.687029030000019, 35.99632105 ], [ 138.686987080000023, 35.995593 ], [ 138.686426250000011, 35.994903 ], [ 138.687436250000019, 35.99343495 ], [ 138.68783317, 35.99306439 ], [ 138.688695380000013, 35.99177467 ], [ 138.689336500000024, 35.99161244 ], [ 138.69080345, 35.99080189 ], [ 138.69331428000001, 35.99121578 ], [ 138.69467484, 35.99087661 ], [ 138.69561511, 35.99124744 ], [ 138.697030120000022, 35.99117856 ], [ 138.697323450000027, 35.99103189 ], [ 138.697711750000025, 35.99008356 ], [ 138.69822953000002, 35.98963522 ], [ 138.699057860000011, 35.989273 ], [ 138.69994202, 35.98856244 ], [ 138.701167030000022, 35.9880105 ], [ 138.70372119000001, 35.98770022 ], [ 138.706830920000016, 35.987033 ], [ 138.70770228, 35.98644661 ], [ 138.70919895, 35.98622995 ], [ 138.711727, 35.98562661 ], [ 138.712550050000033, 35.985333 ], [ 138.713188660000014, 35.98434133 ], [ 138.713128110000014, 35.98356522 ], [ 138.71265336, 35.98207775 ], [ 138.71268778000001, 35.9804222 ], [ 138.71248112, 35.97981497 ], [ 138.711911390000012, 35.97916831 ], [ 138.712023610000017, 35.97827997 ], [ 138.71183358, 35.9765508 ], [ 138.71192883, 35.97549025 ], [ 138.712420510000015, 35.9748522 ], [ 138.71219772, 35.9737522 ], [ 138.711421020000017, 35.97276913 ], [ 138.711446860000024, 35.97128164 ], [ 138.71179214, 35.97097997 ], [ 138.71185241, 35.97032469 ], [ 138.712508220000018, 35.96900553 ], [ 138.71293183, 35.96773441 ], [ 138.713993750000014, 35.96636859 ], [ 138.714183750000018, 35.96551525 ], [ 138.71613567, 35.96429692 ], [ 138.71799956000001, 35.96382275 ], [ 138.71947789, 35.9628872 ], [ 138.71969372, 35.96228387 ], [ 138.71971953000002, 35.96118861 ], [ 138.72039258, 35.96055084 ], [ 138.721041190000022, 35.95909 ], [ 138.721369220000014, 35.95887444 ], [ 138.722905060000016, 35.95847777 ], [ 138.72337117, 35.95803805 ], [ 138.72412144, 35.95815889 ], [ 138.72559978000001, 35.95761111 ], [ 138.725910610000028, 35.95718861 ], [ 138.726764770000017, 35.95670611 ], [ 138.727256690000019, 35.95534361 ], [ 138.72818197, 35.95426277 ], [ 138.72905445, 35.95130111 ], [ 138.73046944, 35.95030111 ], [ 138.730487200000027, 35.94920167 ], [ 138.731428860000022, 35.94738695 ], [ 138.731437450000016, 35.94668861 ], [ 138.731066610000028, 35.94569695 ], [ 138.731135500000022, 35.94514528 ], [ 138.73279492, 35.94425417 ], [ 138.73315713, 35.94381444 ], [ 138.734727420000013, 35.94297833 ], [ 138.736024360000016, 35.94142222 ], [ 138.73756881, 35.94055167 ], [ 138.739254330000023, 35.93910805 ], [ 138.73874516, 35.93853917 ], [ 138.738460170000025, 35.93758639 ], [ 138.737554030000013, 35.9368878 ], [ 138.737459590000014, 35.9357928 ], [ 138.738193450000011, 35.9345478 ], [ 138.739170660000013, 35.93325975 ], [ 138.73894647, 35.93129392 ], [ 138.738265080000019, 35.92984225 ], [ 138.738507, 35.9290192 ], [ 138.73758423000001, 35.92804475 ], [ 138.73762725, 35.92729447 ], [ 138.736280030000017, 35.92637725 ], [ 138.73611528, 35.92490753 ], [ 138.735209170000019, 35.92377836 ], [ 138.73377525, 35.92317113 ], [ 138.73322302, 35.92202447 ], [ 138.732566610000021, 35.92033113 ], [ 138.732393550000012, 35.91955784 ], [ 138.729988220000024, 35.9181095 ], [ 138.72912073, 35.91779672 ], [ 138.72810628000002, 35.91783228 ], [ 138.729106840000014, 35.91722811 ], [ 138.73013377, 35.91634061 ], [ 138.7305335, 35.91539923 ], [ 138.730618780000015, 35.91463228 ], [ 138.730271830000021, 35.91396005 ], [ 138.729455450000017, 35.91312533 ], [ 138.72925711, 35.91269784 ], [ 138.72888878, 35.909727 ], [ 138.72901128, 35.90922061 ], [ 138.72785239000001, 35.90928756 ], [ 138.72685322000001, 35.90908005 ], [ 138.72506180000002, 35.90823339 ], [ 138.724105970000011, 35.90798505 ], [ 138.722310420000014, 35.90807728 ], [ 138.72171211, 35.90794477 ], [ 138.72082655, 35.90809784 ], [ 138.71933489, 35.90812477 ], [ 138.717968220000017, 35.90893339 ], [ 138.716863220000022, 35.90937672 ], [ 138.715983500000021, 35.90934505 ], [ 138.71364961, 35.908732 ], [ 138.713337390000021, 35.90873339 ], [ 138.71236547, 35.90936978 ], [ 138.7118963, 35.90947144 ], [ 138.71025713, 35.90934256 ], [ 138.7079702, 35.90963644 ], [ 138.707631030000016, 35.90861339 ], [ 138.706643550000024, 35.90744895 ], [ 138.70620384, 35.90655784 ], [ 138.70568438, 35.90595061 ], [ 138.70424384, 35.90510756 ], [ 138.70279384, 35.90457422 ], [ 138.70193022, 35.9035645 ], [ 138.700161630000025, 35.90306284 ], [ 138.69962275, 35.90145617 ], [ 138.699214690000019, 35.90093977 ], [ 138.698439140000033, 35.90049089 ], [ 138.69688358, 35.89906867 ], [ 138.69532136, 35.89902395 ], [ 138.69382306, 35.89936228 ], [ 138.693425280000014, 35.89925033 ], [ 138.693232780000017, 35.89823284 ], [ 138.691932220000012, 35.89584978 ], [ 138.689863890000026, 35.89519951 ], [ 138.688899470000024, 35.89423228 ], [ 138.68683336, 35.89388839 ], [ 138.68584558, 35.89386561 ], [ 138.685233090000025, 35.89217395 ], [ 138.68553141000001, 35.89117728 ], [ 138.685344470000018, 35.89071672 ], [ 138.6856228, 35.8897295 ], [ 138.683611970000015, 35.8883145 ], [ 138.683883650000013, 35.8872945 ], [ 138.683926690000021, 35.88586561 ], [ 138.682852530000019, 35.88358141 ], [ 138.683039470000011, 35.88307392 ], [ 138.68270533, 35.8825728 ], [ 138.68267756, 35.88146114 ], [ 138.68087394, 35.87934392 ], [ 138.68038672, 35.87842197 ], [ 138.680371440000016, 35.87801836 ], [ 138.679896160000027, 35.8772942 ], [ 138.67990839, 35.87669113 ], [ 138.679203380000018, 35.8748378 ], [ 138.678303380000017, 35.87379559 ], [ 138.67731616, 35.87228113 ], [ 138.6770745, 35.87125141 ], [ 138.676555330000014, 35.87063559 ], [ 138.67617647, 35.86980141 ], [ 138.67381703, 35.87061113 ], [ 138.672721190000033, 35.87076059 ], [ 138.67064425, 35.87086031 ], [ 138.66907980000002, 35.87142864 ], [ 138.668024550000013, 35.87238253 ], [ 138.665899270000011, 35.87376531 ], [ 138.66503122, 35.8738142 ], [ 138.66345983, 35.87312864 ], [ 138.66245122, 35.8732392 ], [ 138.660920410000017, 35.87389531 ], [ 138.66007737000001, 35.87392087 ], [ 138.65932903, 35.87502531 ], [ 138.658228200000025, 35.87578613 ], [ 138.655930700000027, 35.87586753 ], [ 138.65342655, 35.87486336 ], [ 138.653054890000021, 35.87449697 ], [ 138.651956830000017, 35.87395447 ], [ 138.64938433, 35.87345253 ], [ 138.647268220000029, 35.87368475 ], [ 138.646047420000031, 35.87372031 ], [ 138.644057420000024, 35.8744828 ], [ 138.642523260000019, 35.87477225 ], [ 138.64185326, 35.87434531 ], [ 138.64061992, 35.87320836 ], [ 138.63981075, 35.87279169 ], [ 138.63757411, 35.87205641 ], [ 138.63704051000002, 35.87202475 ], [ 138.63560272, 35.87152892 ], [ 138.634234110000023, 35.87005308 ], [ 138.63280078, 35.87073641 ], [ 138.63120995, 35.87135613 ], [ 138.628339690000018, 35.87332669 ], [ 138.62803302, 35.87335975 ], [ 138.62661136, 35.87236725 ], [ 138.6252508, 35.87171697 ], [ 138.624393020000014, 35.87112864 ], [ 138.622026910000017, 35.87044836 ], [ 138.620290830000016, 35.87067613 ], [ 138.61949861, 35.87092308 ], [ 138.61785083, 35.87104641 ], [ 138.61593861, 35.87181447 ], [ 138.614700560000017, 35.87248503 ], [ 138.614030860000014, 35.87267669 ], [ 138.61270253, 35.87271336 ], [ 138.61075614, 35.87368947 ], [ 138.610523090000015, 35.87474669 ], [ 138.609283920000024, 35.87582225 ], [ 138.60882224, 35.87646669 ], [ 138.607565060000013, 35.87742447 ], [ 138.607377, 35.87790503 ], [ 138.60676061, 35.87845586 ], [ 138.606981170000012, 35.87933614 ], [ 138.606573670000017, 35.87981141 ], [ 138.606663110000028, 35.88099753 ], [ 138.606161720000017, 35.88219086 ], [ 138.60658283, 35.88341169 ], [ 138.60604533, 35.88458503 ], [ 138.606138110000018, 35.88556114 ], [ 138.606005620000019, 35.88641392 ], [ 138.60621839, 35.88807141 ], [ 138.60611759, 35.8894692 ], [ 138.605937860000012, 35.89004947 ], [ 138.606045360000024, 35.8918542 ], [ 138.60585397, 35.89237559 ], [ 138.60513536000002, 35.89335336 ], [ 138.604992870000018, 35.89382669 ], [ 138.60573869000001, 35.89461864 ], [ 138.60766092, 35.89602559 ], [ 138.60699008, 35.89705697 ], [ 138.607122310000022, 35.89808808 ], [ 138.607461750000027, 35.89842336 ], [ 138.607112020000017, 35.89907169 ], [ 138.607229800000027, 35.89968308 ], [ 138.60805008, 35.90030003 ], [ 138.608141750000016, 35.90136808 ], [ 138.608953140000011, 35.90223392 ], [ 138.608901190000012, 35.90290253 ], [ 138.609406740000026, 35.90384169 ], [ 138.610017860000028, 35.90429475 ], [ 138.61063564, 35.90433531 ], [ 138.61075564, 35.90496531 ], [ 138.611898170000018, 35.90720669 ], [ 138.61231706, 35.90866892 ], [ 138.612072610000013, 35.90938003 ], [ 138.610699, 35.90891031 ], [ 138.609508440000013, 35.90884559 ], [ 138.60850484, 35.90859697 ], [ 138.60776733, 35.90820836 ], [ 138.604910390000015, 35.90875141 ], [ 138.602538470000013, 35.90984392 ], [ 138.602090410000017, 35.91017503 ], [ 138.60114569000001, 35.91132808 ], [ 138.601357080000014, 35.91260613 ], [ 138.601083190000026, 35.91332836 ], [ 138.60051655, 35.91380169 ], [ 138.599154060000018, 35.91405197 ], [ 138.597769050000011, 35.91477947 ], [ 138.597179340000025, 35.91543144 ], [ 138.596777660000015, 35.91689005 ], [ 138.59546183, 35.91737284 ], [ 138.594263500000011, 35.91739089 ], [ 138.59242964, 35.91827672 ], [ 138.59115075, 35.91972256 ], [ 138.590388250000018, 35.91944977 ], [ 138.589709360000029, 35.91827284 ], [ 138.588964920000024, 35.91778867 ], [ 138.587316300000026, 35.91783256 ], [ 138.58583409000002, 35.91838339 ], [ 138.58523409, 35.91839617 ], [ 138.58408241, 35.91797256 ], [ 138.58303908000002, 35.91802423 ], [ 138.582052410000017, 35.91741477 ], [ 138.580981850000029, 35.91705005 ], [ 138.58035297, 35.91480505 ], [ 138.579252970000027, 35.91343672 ], [ 138.579153530000013, 35.91300395 ], [ 138.577691860000016, 35.91235172 ], [ 138.57666659, 35.91144395 ], [ 138.575614090000016, 35.91173311 ], [ 138.574331850000021, 35.91230061 ], [ 138.573387420000017, 35.91203339 ], [ 138.572352970000026, 35.91211617 ], [ 138.57053353, 35.91323422 ], [ 138.56893326, 35.914052 ], [ 138.569055500000019, 35.9147795 ], [ 138.567949950000013, 35.91536867 ], [ 138.56644939, 35.91644451 ], [ 138.565327170000018, 35.91655672 ], [ 138.56441523, 35.91733395 ], [ 138.562948560000024, 35.91688089 ], [ 138.561584110000013, 35.91679422 ], [ 138.55910828, 35.91648311 ], [ 138.55803355, 35.91600423 ], [ 138.55621384, 35.91631533 ], [ 138.55691189, 35.91716644 ], [ 138.55696078, 35.91818839 ], [ 138.555478280000017, 35.91912978 ], [ 138.553844110000028, 35.91899339 ], [ 138.5525455, 35.91761561 ], [ 138.550056060000031, 35.91640005 ], [ 138.548773, 35.91641672 ], [ 138.547623550000026, 35.91619951 ], [ 138.546985230000018, 35.916332 ], [ 138.54629717, 35.91598395 ], [ 138.545152170000023, 35.91467784 ], [ 138.54386105, 35.914827 ], [ 138.541853840000016, 35.91462089 ], [ 138.540007170000024, 35.91370339 ], [ 138.539355230000012, 35.91425256 ], [ 138.53756189, 35.914317 ], [ 138.535921050000013, 35.91458367 ], [ 138.53477411, 35.91511423 ], [ 138.53346353, 35.91524672 ], [ 138.530822700000016, 35.915707 ], [ 138.530222970000011, 35.91503311 ], [ 138.529371850000018, 35.91454867 ], [ 138.52868659, 35.91471256 ], [ 138.52745769, 35.91565172 ], [ 138.525697980000018, 35.91636284 ], [ 138.52497630000002, 35.91697395 ], [ 138.52308409, 35.91770533 ], [ 138.52192326, 35.91854311 ], [ 138.521371030000012, 35.91869423 ], [ 138.51959908, 35.91863895 ], [ 138.517969920000013, 35.91897033 ], [ 138.51651547, 35.91989561 ], [ 138.5146402, 35.92001423 ], [ 138.51400075, 35.92034561 ], [ 138.513060200000012, 35.92003117 ], [ 138.5122327, 35.92052089 ], [ 138.511833800000034, 35.92144284 ], [ 138.510649360000031, 35.92234395 ], [ 138.50910769, 35.92175839 ], [ 138.50878628000001, 35.92099867 ], [ 138.506917390000012, 35.9198795 ], [ 138.50567128000003, 35.91886728 ], [ 138.504941, 35.91776311 ], [ 138.50456294, 35.91614811 ], [ 138.50449795, 35.91530061 ], [ 138.503630140000013, 35.91449367 ], [ 138.503389590000012, 35.91314423 ], [ 138.502757910000014, 35.91219505 ], [ 138.501355690000025, 35.911837 ], [ 138.500179300000013, 35.91234867 ], [ 138.499647080000017, 35.91238811 ], [ 138.498509580000018, 35.91193867 ], [ 138.497671530000019, 35.91140617 ], [ 138.494959560000012, 35.91145839 ], [ 138.49464927, 35.91115172 ], [ 138.49515012, 35.91026005 ] ] ] } },
{ "type": "Feature", "properties": { "kouiki": "北アルプス", "area_km2": 1102.64, "chiiki": "中信" }, "geometry": { "type": "Polygon", "coordinates": [ [ [ 137.926880730000022, 36.46934756 ], [ 137.927591830000011, 36.46838925 ], [ 137.928612390000012, 36.46771036 ], [ 137.93032377, 36.46694231 ], [ 137.931243220000027, 36.46750425 ], [ 137.93360128, 36.46797064 ], [ 137.93402988, 36.46784813 ], [ 137.93510791, 36.46700592 ], [ 137.93565737, 36.46679592 ], [ 137.9370193, 36.46704925 ], [ 137.93704986, 36.46541508 ], [ 137.936204310000022, 36.46463259 ], [ 137.934832630000017, 36.46400841 ], [ 137.935119860000015, 36.46341341 ], [ 137.93504569000001, 36.46282675 ], [ 137.934046250000023, 36.46181675 ], [ 137.933665670000011, 36.46077759 ], [ 137.932947610000014, 36.46075759 ], [ 137.93323956, 36.45911259 ], [ 137.933684840000012, 36.45794039 ], [ 137.933333330000011, 36.45753903 ], [ 137.93181428, 36.45664595 ], [ 137.93102678, 36.45593039 ], [ 137.92977148, 36.45454178 ], [ 137.929626470000017, 36.45397428 ], [ 137.92997397000002, 36.45273344 ], [ 137.929780920000013, 36.45180928 ], [ 137.92937953, 36.450879 ], [ 137.928888980000011, 36.45021595 ], [ 137.927316470000022, 36.44984761 ], [ 137.92558481, 36.44960789 ], [ 137.92359202, 36.45000761 ], [ 137.92222953000001, 36.44992317 ], [ 137.921536450000019, 36.44620539 ], [ 137.92112283, 36.44541123 ], [ 137.92055783, 36.44539511 ], [ 137.919517830000018, 36.44484039 ], [ 137.918731440000016, 36.44399484 ], [ 137.917347, 36.44287233 ], [ 137.916168110000029, 36.44264344 ], [ 137.91468672000002, 36.44194789 ], [ 137.913700050000017, 36.44101733 ], [ 137.91248117, 36.44097289 ], [ 137.91045811, 36.44041928 ], [ 137.908340050000021, 36.44084511 ], [ 137.90740922, 36.44156844 ], [ 137.90685922, 36.43977984 ], [ 137.905326450000018, 36.43936095 ], [ 137.905385890000019, 36.43878623 ], [ 137.906475030000024, 36.43681236 ], [ 137.90665725, 36.43556931 ], [ 137.90687531, 36.43527569 ], [ 137.908463650000016, 36.43422069 ], [ 137.90951837, 36.43314541 ], [ 137.910011970000028, 36.43184541 ], [ 137.910624190000021, 36.43180625 ], [ 137.911335580000014, 36.43132208 ], [ 137.91215058, 36.43118041 ], [ 137.91299195000002, 36.43046792 ], [ 137.91369416, 36.43045903 ], [ 137.914382780000011, 36.43010513 ], [ 137.914546390000027, 36.42927736 ], [ 137.916048610000018, 36.42916236 ], [ 137.916519170000015, 36.42882069 ], [ 137.916718340000017, 36.42787459 ], [ 137.918493860000012, 36.425921 ], [ 137.91938331, 36.425171 ], [ 137.91769163, 36.42450767 ], [ 137.915773020000017, 36.42390461 ], [ 137.913337760000019, 36.4229835 ], [ 137.913739140000018, 36.42186433 ], [ 137.91443747, 36.42132989 ], [ 137.915160800000024, 36.42124544 ], [ 137.916291090000016, 36.42029017 ], [ 137.916777760000031, 36.41970656 ], [ 137.91715969, 36.418231 ], [ 137.918735500000025, 36.41712211 ], [ 137.919666060000026, 36.41623017 ], [ 137.921254670000025, 36.41518322 ], [ 137.92206883, 36.4145235 ], [ 137.923682440000022, 36.41369044 ], [ 137.92462769, 36.41285239 ], [ 137.925003800000013, 36.41229072 ], [ 137.9246602, 36.4115185 ], [ 137.923762970000013, 36.41179128 ], [ 137.922575470000027, 36.41156184 ], [ 137.921107980000016, 36.41181156 ], [ 137.919691020000016, 36.411491 ], [ 137.91809939, 36.41203184 ], [ 137.917494940000012, 36.41196323 ], [ 137.916564110000024, 36.41150795 ], [ 137.918381580000016, 36.40950184 ], [ 137.91682158, 36.40808214 ], [ 137.91615131, 36.40787686 ], [ 137.915399080000014, 36.4073502 ], [ 137.91436825, 36.40727714 ], [ 137.9139427, 36.40698464 ], [ 137.912836860000027, 36.40689131 ], [ 137.912216590000014, 36.40576797 ], [ 137.91109825, 36.40407408 ], [ 137.9105063, 36.40357408 ], [ 137.91016464, 36.40288964 ], [ 137.90977326, 36.4027002 ], [ 137.909958250000017, 36.40219214 ], [ 137.909604090000016, 36.40102297 ], [ 137.90966047, 36.4002252 ], [ 137.91035267, 36.39862103 ], [ 137.910481280000027, 36.3979802 ], [ 137.91263294, 36.39596464 ], [ 137.91382961, 36.39450631 ], [ 137.915603480000016, 36.39257297 ], [ 137.915330700000027, 36.39213436 ], [ 137.91406486, 36.39141241 ], [ 137.913710970000011, 36.39106436 ], [ 137.912839580000025, 36.38961631 ], [ 137.912364310000015, 36.38939325 ], [ 137.91046236, 36.38970769 ], [ 137.909951800000016, 36.39071603 ], [ 137.90978569, 36.39163659 ], [ 137.90991739, 36.39236547 ], [ 137.90971044, 36.3926952 ], [ 137.908708220000022, 36.3931702 ], [ 137.907295160000018, 36.39440186 ], [ 137.905384890000022, 36.39461713 ], [ 137.903633220000017, 36.39516297 ], [ 137.902405160000029, 36.39385297 ], [ 137.90182572, 36.3921738 ], [ 137.901785160000031, 36.39128741 ], [ 137.90150294, 36.38995992 ], [ 137.901600170000023, 36.38933908 ], [ 137.90230791, 36.38818103 ], [ 137.903533190000019, 36.38752353 ], [ 137.90409403000001, 36.38661353 ], [ 137.90416263, 36.38596131 ], [ 137.90501791, 36.38472992 ], [ 137.90531569, 36.38407939 ], [ 137.904967910000011, 36.38340939 ], [ 137.905039860000016, 36.38258384 ], [ 137.905676230000012, 36.38156967 ], [ 137.90454484, 36.38066022 ], [ 137.90438205, 36.37976911 ], [ 137.90519372, 36.37911661 ], [ 137.905982890000018, 36.37749884 ], [ 137.90566956, 36.3769605 ], [ 137.905807610000011, 36.37595967 ], [ 137.90629956, 36.37523023 ], [ 137.907843970000016, 36.37419133 ], [ 137.9089937, 36.37264772 ], [ 137.908921750000019, 36.37196384 ], [ 137.908257030000016, 36.37132161 ], [ 137.90864258000002, 36.37096078 ], [ 137.90872425, 36.37028523 ], [ 137.91007036000002, 36.37012772 ], [ 137.910472020000014, 36.36963272 ], [ 137.911800920000019, 36.36877384 ], [ 137.91194453, 36.36819995 ], [ 137.909619780000014, 36.36709772 ], [ 137.90835759, 36.36710495 ], [ 137.90781508, 36.36743105 ], [ 137.907013410000019, 36.36896522 ], [ 137.906885360000018, 36.36988411 ], [ 137.906433970000023, 36.36999105 ], [ 137.904852020000021, 36.36912189 ], [ 137.903054250000025, 36.36894439 ], [ 137.90207258, 36.36861856 ], [ 137.899924250000026, 36.36818717 ], [ 137.897953700000016, 36.36792551 ], [ 137.89689202, 36.36762605 ], [ 137.89587953, 36.36801744 ], [ 137.895801750000032, 36.36731911 ], [ 137.89601148, 36.36672661 ], [ 137.891071190000019, 36.36427772 ], [ 137.889999530000011, 36.36539578 ], [ 137.888514250000014, 36.36388911 ], [ 137.88809064, 36.36399605 ], [ 137.886873410000021, 36.36520661 ], [ 137.884976780000017, 36.36726578 ], [ 137.88274372, 36.36981995 ], [ 137.881725110000019, 36.37179411 ], [ 137.880932890000025, 36.37287522 ], [ 137.87904930000002, 36.37433133 ], [ 137.87774348, 36.37560633 ], [ 137.87708236, 36.37640967 ], [ 137.876330700000011, 36.37768967 ], [ 137.87476737, 36.37822828 ], [ 137.872386280000029, 36.37920884 ], [ 137.87191934, 36.37932105 ], [ 137.871397660000014, 36.38061189 ], [ 137.870990730000017, 36.38085633 ], [ 137.87044044000001, 36.38180384 ], [ 137.87010878000001, 36.38327133 ], [ 137.869121, 36.38390105 ], [ 137.867862410000015, 36.38433522 ], [ 137.86737241, 36.38656633 ], [ 137.86474185000003, 36.38627911 ], [ 137.86343020000001, 36.38711051 ], [ 137.856902440000027, 36.39270439 ], [ 137.85561328, 36.39258217 ], [ 137.855764110000024, 36.39160995 ], [ 137.855063, 36.391353 ], [ 137.854663280000011, 36.39248411 ], [ 137.85383411, 36.39245967 ], [ 137.853427470000014, 36.39378633 ], [ 137.84405358, 36.38835108 ], [ 137.843819950000011, 36.3880208 ], [ 137.841068830000012, 36.38646775 ], [ 137.84115911, 36.38565469 ], [ 137.83830995, 36.38507997 ], [ 137.837759660000017, 36.3848722 ], [ 137.836885500000022, 36.38379584 ], [ 137.836169110000014, 36.38320889 ], [ 137.833794940000018, 36.38187639 ], [ 137.832468, 36.38127695 ], [ 137.831066060000012, 36.3809775 ], [ 137.83000328, 36.38173528 ], [ 137.828194140000022, 36.38321472 ], [ 137.82733497000001, 36.38454751 ], [ 137.827590800000024, 36.38498777 ], [ 137.82722192, 36.38556251 ], [ 137.82713109, 36.38642444 ], [ 137.82621167, 36.38736 ], [ 137.82603083, 36.38793444 ], [ 137.82609861, 36.38888223 ], [ 137.82572167, 36.38951167 ], [ 137.82581195, 36.39019667 ], [ 137.825480560000017, 36.39044111 ], [ 137.82531472, 36.3911625 ], [ 137.823120860000017, 36.39231195 ], [ 137.821869750000019, 36.39204889 ], [ 137.820641140000021, 36.39220778 ], [ 137.81837975000002, 36.39176141 ], [ 137.81590725, 36.39185308 ], [ 137.81491975, 36.39241531 ], [ 137.812907280000019, 36.39422503 ], [ 137.81021616000001, 36.39486697 ], [ 137.808678390000011, 36.3945428 ], [ 137.807035330000019, 36.39331392 ], [ 137.806552830000015, 36.39347892 ], [ 137.80504536, 36.39352172 ], [ 137.80438202000002, 36.39381533 ], [ 137.80233175, 36.39437756 ], [ 137.800582870000028, 36.39438367 ], [ 137.799618150000015, 36.39476895 ], [ 137.79796730000001, 36.39429811 ], [ 137.79682148, 36.39413311 ], [ 137.795185670000023, 36.39417589 ], [ 137.793127890000022, 36.39344203 ], [ 137.792162890000014, 36.39240869 ], [ 137.79067817, 36.39210313 ], [ 137.789992050000023, 36.39265953 ], [ 137.789223170000014, 36.39293453 ], [ 137.788876500000015, 36.3934112 ], [ 137.786607370000013, 36.39495787 ], [ 137.785883750000011, 36.39580175 ], [ 137.78542375, 36.39600341 ], [ 137.785084580000017, 36.3965598 ], [ 137.78261236, 36.39646789 ], [ 137.7820318, 36.39635789 ], [ 137.78115739, 36.39682261 ], [ 137.780305450000014, 36.39680428 ], [ 137.77848905, 36.3972565 ], [ 137.77773516000002, 36.39772733 ], [ 137.776287670000016, 36.39769067 ], [ 137.7754285, 36.39723205 ], [ 137.77482545, 36.39607651 ], [ 137.773506280000021, 36.39496375 ], [ 137.77203655, 36.39273236 ], [ 137.77046128, 36.39182125 ], [ 137.76814711, 36.39248736 ], [ 137.767725160000026, 36.3931968 ], [ 137.765546860000029, 36.39429711 ], [ 137.763911020000023, 36.39485933 ], [ 137.763142140000014, 36.39537905 ], [ 137.762267720000011, 36.39559905 ], [ 137.76161966, 36.39639989 ], [ 137.760255230000013, 36.39721295 ], [ 137.7593808, 36.39842933 ], [ 137.757277760000022, 36.399866 ], [ 137.756599420000015, 36.40093603 ], [ 137.755182500000018, 36.40168797 ], [ 137.75406694, 36.40290464 ], [ 137.75338861, 36.40386436 ], [ 137.7532228, 36.40564936 ], [ 137.752755300000018, 36.40700659 ], [ 137.753124750000012, 36.40793603 ], [ 137.75322283, 36.40896297 ], [ 137.75382589, 36.40956214 ], [ 137.754021720000026, 36.41007572 ], [ 137.753876720000022, 36.41071239 ], [ 137.752474230000018, 36.41264795 ], [ 137.751755910000014, 36.41423239 ], [ 137.750629250000031, 36.41532572 ], [ 137.74969453, 36.41595241 ], [ 137.747736230000015, 36.41760436 ], [ 137.74693095, 36.41842964 ], [ 137.74339486, 36.41883547 ], [ 137.742040410000016, 36.41923159 ], [ 137.74010569, 36.41941964 ], [ 137.738676280000021, 36.42039436 ], [ 137.737377110000011, 36.42161964 ], [ 137.735941560000015, 36.42209353 ], [ 137.73513988000002, 36.42219939 ], [ 137.73390326, 36.42284995 ], [ 137.73309519, 36.42312217 ], [ 137.7324427, 36.42391384 ], [ 137.7317902, 36.42410022 ], [ 137.73017411, 36.42508884 ], [ 137.72944689, 36.42535105 ], [ 137.727004670000014, 36.42526495 ], [ 137.72596689, 36.42465495 ], [ 137.724904110000011, 36.42339439 ], [ 137.72347467, 36.42267331 ], [ 137.723039660000012, 36.42205831 ], [ 137.721684940000017, 36.42126636 ], [ 137.72085189, 36.42094887 ], [ 137.72030523, 36.42042441 ], [ 137.718506890000015, 36.41914667 ], [ 137.718088, 36.418535 ], [ 137.717257720000021, 36.41805917 ], [ 137.71638966, 36.41731751 ], [ 137.715574670000024, 36.41728667 ], [ 137.71486633, 36.41692805 ], [ 137.71347272, 36.41678614 ], [ 137.712216060000031, 36.41688503 ], [ 137.71207134, 36.41579086 ], [ 137.712376060000025, 36.41524697 ], [ 137.712239110000013, 36.41463531 ], [ 137.71271883, 36.41343005 ], [ 137.711469640000018, 36.41058728 ], [ 137.711431850000025, 36.40984589 ], [ 137.712170470000018, 36.4091662 ], [ 137.712299920000021, 36.40822675 ], [ 137.71217798, 36.4074048 ], [ 137.71310739, 36.40624313 ], [ 137.713031, 36.40570533 ], [ 137.71354156000001, 36.40446339 ], [ 137.71367847, 36.40328284 ], [ 137.71403652, 36.40245478 ], [ 137.71520927, 36.40120005 ], [ 137.715285670000014, 36.39965531 ], [ 137.714980950000012, 36.39877169 ], [ 137.714531500000021, 36.39825864 ], [ 137.71316092, 36.39727586 ], [ 137.711888970000018, 36.39666392 ], [ 137.71131786, 36.39561975 ], [ 137.71086064, 36.39535392 ], [ 137.709627, 36.39400667 ], [ 137.709550900000011, 36.39314778 ], [ 137.708462, 36.39146667 ], [ 137.70819531, 36.39036056 ], [ 137.707837250000011, 36.3895508 ], [ 137.707776420000016, 36.3887908 ], [ 137.70632167, 36.38706025 ], [ 137.706154160000011, 36.38497775 ], [ 137.706626350000022, 36.38346359 ], [ 137.70718997, 36.382648 ], [ 137.70760883, 36.38122633 ], [ 137.707708, 36.380108 ], [ 137.708324920000024, 36.37800689 ], [ 137.70901047000001, 36.37674633 ], [ 137.70781464, 36.37595522 ], [ 137.706992140000011, 36.37524436 ], [ 137.706443770000021, 36.37416297 ], [ 137.7065885, 36.37306297 ], [ 137.7059107, 36.37182075 ], [ 137.704509300000012, 36.37025714 ], [ 137.70414403, 36.369596 ], [ 137.702947890000019, 36.36814961 ], [ 137.70211817, 36.36752572 ], [ 137.701500950000025, 36.36667267 ], [ 137.7010137, 36.36500405 ], [ 137.699421750000027, 36.3646332 ], [ 137.698751750000014, 36.36409569 ], [ 137.697061190000028, 36.36369375 ], [ 137.69623092, 36.36310653 ], [ 137.694882580000012, 36.3628532 ], [ 137.693671750000021, 36.36287178 ], [ 137.692859810000016, 36.36269623 ], [ 137.69190477, 36.36084484 ], [ 137.6919809, 36.35983733 ], [ 137.691447830000016, 36.35912067 ], [ 137.69142506, 36.3587065 ], [ 137.69048031, 36.35763095 ], [ 137.69033558000001, 36.35701286 ], [ 137.689909200000017, 36.35659259 ], [ 137.689155310000018, 36.35656175 ], [ 137.688226140000012, 36.35620953 ], [ 137.68757086, 36.35569647 ], [ 137.687098610000021, 36.35389814 ], [ 137.68724333000003, 36.35301425 ], [ 137.686565810000019, 36.35151256 ], [ 137.686619140000033, 36.34995533 ], [ 137.68615442, 36.34923839 ], [ 137.68620772, 36.34825561 ], [ 137.68553745, 36.34657478 ], [ 137.685590750000017, 36.34554867 ], [ 137.68514131, 36.34470197 ], [ 137.68412852, 36.34365113 ], [ 137.684296030000013, 36.34298392 ], [ 137.68335156, 36.34176641 ], [ 137.682544330000013, 36.34098169 ], [ 137.68195795, 36.33957864 ], [ 137.68153128000003, 36.33922 ], [ 137.681485690000017, 36.33866417 ], [ 137.680883750000021, 36.33797195 ], [ 137.6795893, 36.33721167 ], [ 137.6787893, 36.33698305 ], [ 137.677281530000016, 36.33734139 ], [ 137.67607791, 36.337255 ], [ 137.673084860000017, 36.33784803 ], [ 137.67254431, 36.33734747 ], [ 137.671127370000022, 36.33718053 ], [ 137.670495140000014, 36.33686525 ], [ 137.66873597, 36.33723608 ], [ 137.668149590000013, 36.33767469 ], [ 137.667228200000011, 36.33785387 ], [ 137.66594014, 36.33730886 ], [ 137.665059860000014, 36.33710661 ], [ 137.66375489, 36.33800217 ], [ 137.662772390000015, 36.33791578 ], [ 137.66265820000001, 36.33751384 ], [ 137.662147910000016, 36.33732856 ], [ 137.6610435, 36.33752633 ], [ 137.65879684, 36.337353 ], [ 137.65827128, 36.33743328 ], [ 137.656740440000021, 36.33801439 ], [ 137.65538462, 36.3381252 ], [ 137.654463220000025, 36.33877408 ], [ 137.65240655, 36.3391138 ], [ 137.650921580000016, 36.34007186 ], [ 137.649504920000027, 36.3405538 ], [ 137.64820241000001, 36.3412088 ], [ 137.64760852, 36.34196269 ], [ 137.646679080000013, 36.34177103 ], [ 137.64560713, 36.34126072 ], [ 137.64542241, 36.34171544 ], [ 137.643839080000021, 36.34188017 ], [ 137.641221020000017, 36.3417485 ], [ 137.63889384, 36.342171 ], [ 137.636999660000015, 36.34218184 ], [ 137.635470510000033, 36.34254987 ], [ 137.63471966, 36.34419097 ], [ 137.634922440000025, 36.34441069 ], [ 137.634509970000011, 36.34497041 ], [ 137.633041920000011, 36.34534375 ], [ 137.631587200000013, 36.34660069 ], [ 137.630964690000013, 36.34777541 ], [ 137.630139440000022, 36.34862625 ], [ 137.62834, 36.34978431 ], [ 137.62802861, 36.35064625 ], [ 137.628096390000024, 36.3511018 ], [ 137.62779864, 36.35202959 ], [ 137.62645224, 36.3530118 ], [ 137.625599750000021, 36.3533632 ], [ 137.62444975, 36.35475205 ], [ 137.623983110000012, 36.35557539 ], [ 137.62401005000001, 36.35612956 ], [ 137.622866720000019, 36.35796844 ], [ 137.622595890000014, 36.35870984 ], [ 137.622643410000023, 36.35954428 ], [ 137.62103536, 36.36113817 ], [ 137.619844810000018, 36.36259956 ], [ 137.61917345, 36.36420928 ], [ 137.617998170000021, 36.36512595 ], [ 137.61654678, 36.36579647 ], [ 137.615500390000022, 36.3660612 ], [ 137.614793170000013, 36.36600508 ], [ 137.614060420000015, 36.36655008 ], [ 137.61296153, 36.3668348 ], [ 137.611679580000015, 36.3668348 ], [ 137.609954860000016, 36.36663675 ], [ 137.608902090000015, 36.36662395 ], [ 137.607711530000017, 36.36682228 ], [ 137.60713125, 36.36733005 ], [ 137.60533042, 36.36809756 ], [ 137.6041093, 36.36812256 ], [ 137.60343791, 36.36911311 ], [ 137.602201530000031, 36.36963311 ], [ 137.600991, 36.36971613 ], [ 137.59994294, 36.37021503 ], [ 137.59689044000001, 36.37036364 ], [ 137.59660044, 36.37025225 ], [ 137.595181, 36.36895169 ], [ 137.594326250000023, 36.36875364 ], [ 137.593731280000014, 36.36884031 ], [ 137.59087711, 36.37027667 ], [ 137.589893500000017, 36.37047723 ], [ 137.5893135, 36.37097584 ], [ 137.58708655, 36.37196417 ], [ 137.58752798, 36.37309251 ], [ 137.58714881, 36.37373751 ], [ 137.58672575, 36.3749575 ], [ 137.586115190000015, 36.37628275 ], [ 137.58616102000002, 36.37736025 ], [ 137.58646633, 36.37901997 ], [ 137.58725995, 36.3803572 ], [ 137.587503840000011, 36.38128608 ], [ 137.587503840000011, 36.38243803 ], [ 137.586710510000017, 36.38311887 ], [ 137.586573, 36.38370108 ], [ 137.58687803, 36.38497692 ], [ 137.586817200000013, 36.38542275 ], [ 137.587168030000015, 36.38628941 ], [ 137.5867408, 36.38703275 ], [ 137.58666442, 36.38802359 ], [ 137.587156640000018, 36.38959192 ], [ 137.588096910000019, 36.38980413 ], [ 137.589688860000024, 36.38959192 ], [ 137.591517760000016, 36.38957136 ], [ 137.592407470000012, 36.38967497 ], [ 137.5926475, 36.3904508 ], [ 137.593281110000021, 36.39099525 ], [ 137.593868340000029, 36.39263053 ], [ 137.59382195, 36.3934922 ], [ 137.595316670000017, 36.39386997 ], [ 137.59667667, 36.39437695 ], [ 137.59803503, 36.39575139 ], [ 137.598233640000018, 36.39649444 ], [ 137.59911864, 36.39743584 ], [ 137.59995837, 36.39875528 ], [ 137.600721140000019, 36.39947917 ], [ 137.603554770000017, 36.40150861 ], [ 137.604506160000028, 36.40186944 ], [ 137.60536117, 36.40253833 ], [ 137.605254230000014, 36.40383833 ], [ 137.605483110000023, 36.40496556 ], [ 137.60501144, 36.40572056 ], [ 137.604399250000029, 36.40791277 ], [ 137.603804250000024, 36.40870556 ], [ 137.60380508, 36.41067664 ], [ 137.604077300000029, 36.41161192 ], [ 137.60453092, 36.41219164 ], [ 137.605421480000018, 36.41258164 ], [ 137.607268440000013, 36.41290361 ], [ 137.6074365, 36.41313917 ], [ 137.607115940000028, 36.41386972 ], [ 137.608463160000014, 36.41537333 ], [ 137.60813844, 36.41643333 ], [ 137.60919956, 36.41790584 ], [ 137.608337330000012, 36.4188722 ], [ 137.6081993, 36.41947969 ], [ 137.61177125, 36.41948139 ], [ 137.61229431000001, 36.41962417 ], [ 137.613815140000014, 36.41936889 ], [ 137.615319590000013, 36.41861141 ], [ 137.617402630000015, 36.41860087 ], [ 137.618501530000032, 36.41917031 ], [ 137.619029580000017, 36.41999836 ], [ 137.62000097, 36.42074031 ], [ 137.62128625, 36.4220842 ], [ 137.62138625, 36.42250141 ], [ 137.622620170000033, 36.42356117 ], [ 137.623512670000025, 36.42397728 ], [ 137.62465294, 36.42390923 ], [ 137.62518628, 36.42367811 ], [ 137.626199610000015, 36.42361811 ], [ 137.627065160000029, 36.42375144 ], [ 137.6284235, 36.4237298 ], [ 137.630805160000023, 36.42426564 ], [ 137.63158017, 36.42471203 ], [ 137.633304330000016, 36.42502231 ], [ 137.633807390000015, 36.42647508 ], [ 137.63488075, 36.42732369 ], [ 137.63654492, 36.42841205 ], [ 137.636403800000011, 36.42930984 ], [ 137.63778575, 36.43136678 ], [ 137.63798047, 36.43192733 ], [ 137.637906610000016, 36.43270511 ], [ 137.637242440000023, 36.43396203 ], [ 137.637269100000026, 36.43548036 ], [ 137.637651340000019, 36.43696564 ], [ 137.638503550000024, 36.43679703 ], [ 137.638664670000026, 36.43780369 ], [ 137.638563840000018, 36.43876147 ], [ 137.63897997, 36.43963203 ], [ 137.638785250000012, 36.44123703 ], [ 137.639261630000021, 36.44212425 ], [ 137.639443020000016, 36.44296759 ], [ 137.63995942, 36.4439198 ], [ 137.639912220000014, 36.44582978 ], [ 137.643206390000017, 36.44866453 ], [ 137.64355555, 36.44981841 ], [ 137.64401167, 36.45055286 ], [ 137.643904470000024, 36.45207089 ], [ 137.64516586, 36.45382839 ], [ 137.645293360000011, 36.45453033 ], [ 137.646467520000016, 36.45459561 ], [ 137.64684975, 36.4544162 ], [ 137.647513920000023, 36.45463925 ], [ 137.649466140000015, 36.45483536 ], [ 137.650371730000018, 36.45662536 ], [ 137.65179394, 36.45829064 ], [ 137.653155890000022, 36.45828508 ], [ 137.65506783, 36.45872592 ], [ 137.655410050000029, 36.45917231 ], [ 137.655450050000013, 36.46038008 ], [ 137.65564477, 36.46066287 ], [ 137.655134770000018, 36.46129425 ], [ 137.65501397, 36.46293203 ], [ 137.654698690000032, 36.46358505 ], [ 137.65468536, 36.46443367 ], [ 137.65508786, 36.46608784 ], [ 137.655852310000029, 36.46730672 ], [ 137.65593983, 36.46963533 ], [ 137.656717610000015, 36.47022311 ], [ 137.655673450000023, 36.47154613 ], [ 137.654839, 36.47357475 ], [ 137.653366230000017, 36.4749978 ], [ 137.65351066, 36.47575669 ], [ 137.653175380000022, 36.47637139 ], [ 137.65313484, 36.47776417 ], [ 137.652473720000017, 36.47780778 ], [ 137.651679, 36.47950528 ], [ 137.650920950000028, 36.47943472 ], [ 137.65077983, 36.48012028 ], [ 137.65126319, 36.48135 ], [ 137.65154458, 36.48259608 ], [ 137.65145737, 36.48396164 ], [ 137.651967370000023, 36.4852458 ], [ 137.65208791, 36.48650803 ], [ 137.65189319000001, 36.48703053 ], [ 137.6520007, 36.48820025 ], [ 137.65265822, 36.48873914 ], [ 137.653181280000013, 36.48971303 ], [ 137.65406017, 36.49071441 ], [ 137.65557628000002, 36.49188941 ], [ 137.65641489, 36.49222692 ], [ 137.657649640000017, 36.49310859 ], [ 137.65864603, 36.49319387 ], [ 137.659863530000024, 36.49371247 ], [ 137.661091020000015, 36.49392469 ], [ 137.664244360000026, 36.49390859 ], [ 137.66502936, 36.4935222 ], [ 137.666236860000026, 36.49321775 ], [ 137.66682075, 36.4938158 ], [ 137.66720995, 36.4950458 ], [ 137.667694940000018, 36.49601164 ], [ 137.667048560000012, 36.49781553 ], [ 137.66711577, 36.49874578 ], [ 137.66675995, 36.50008967 ], [ 137.667135770000016, 36.50105828 ], [ 137.666892170000011, 36.50210911 ], [ 137.666917200000029, 36.50308578 ], [ 137.66716553, 36.50379244 ], [ 137.66725803, 36.50506911 ], [ 137.66693691, 36.5062238 ], [ 137.66708302, 36.50656741 ], [ 137.667997470000017, 36.50698603 ], [ 137.66825053, 36.50832825 ], [ 137.668745550000011, 36.50946131 ], [ 137.66952778000001, 36.51014631 ], [ 137.67046722, 36.51051353 ], [ 137.67152083000002, 36.51023353 ], [ 137.672517780000021, 36.51039492 ], [ 137.67424778000003, 36.51087103 ], [ 137.675584750000013, 36.51144687 ], [ 137.67632864, 36.51204159 ], [ 137.67667336, 36.51335936 ], [ 137.677257520000012, 36.51435464 ], [ 137.67866752, 36.51378214 ], [ 137.68030725, 36.51359241 ], [ 137.683070860000015, 36.51270103 ], [ 137.684753110000031, 36.5128588 ], [ 137.68561895000002, 36.51381436 ], [ 137.68679533, 36.51373159 ], [ 137.68777756, 36.51385797 ], [ 137.689133110000029, 36.51366103 ], [ 137.69010645, 36.51373603 ], [ 137.69131672, 36.51329047 ], [ 137.6919145, 36.51280908 ], [ 137.692648110000022, 36.511183 ], [ 137.693197560000016, 36.51080105 ], [ 137.694296160000022, 36.51068244 ], [ 137.69460756, 36.51175189 ], [ 137.695318110000017, 36.51221772 ], [ 137.69628008, 36.51357603 ], [ 137.69692591, 36.5139738 ], [ 137.696906470000016, 36.51450297 ], [ 137.698219530000017, 36.51488936 ], [ 137.6991037, 36.51534964 ], [ 137.70129703, 36.51575159 ], [ 137.702289, 36.51688269 ], [ 137.70316872, 36.51722575 ], [ 137.703504550000019, 36.51758492 ], [ 137.705469560000012, 36.51788769 ], [ 137.705284550000016, 36.51902741 ], [ 137.70434623, 36.52020184 ], [ 137.703529300000014, 36.522176 ], [ 137.70357292, 36.52287851 ], [ 137.702795690000016, 36.52412044 ], [ 137.702751800000016, 36.52469572 ], [ 137.70351961, 36.52588208 ], [ 137.70370377, 36.52674403 ], [ 137.704336, 36.52715041 ], [ 137.70530294, 36.52852153 ], [ 137.70556073000003, 36.52917625 ], [ 137.7066838, 36.5307018 ], [ 137.707140190000018, 36.53102847 ], [ 137.707669920000029, 36.53229372 ], [ 137.708515230000017, 36.53340095 ], [ 137.709833550000013, 36.53423289 ], [ 137.71055328, 36.53574205 ], [ 137.70948328, 36.53617733 ], [ 137.70752384, 36.53597205 ], [ 137.705599660000019, 36.53627956 ], [ 137.704111610000012, 36.53676484 ], [ 137.703567720000024, 36.53647705 ], [ 137.70173908000001, 36.53637039 ], [ 137.701121020000016, 36.53669789 ], [ 137.700368520000012, 36.536749 ], [ 137.69870047, 36.53748261 ], [ 137.69693131, 36.53768789 ], [ 137.695740200000017, 36.5371315 ], [ 137.694510470000012, 36.53708428 ], [ 137.69202239, 36.53727344 ], [ 137.69148239, 36.537234 ], [ 137.69054961, 36.53682344 ], [ 137.689197950000022, 36.53643261 ], [ 137.687311560000012, 36.53622344 ], [ 137.686820170000033, 36.53637761 ], [ 137.685842940000015, 36.53713844 ], [ 137.684597640000021, 36.53780733 ], [ 137.684879880000011, 36.53822984 ], [ 137.68491377, 36.53973122 ], [ 137.685224620000014, 36.54155289 ], [ 137.68586711, 36.54275705 ], [ 137.685054330000014, 36.54420203 ], [ 137.685638250000011, 36.54514592 ], [ 137.68682464, 36.54611175 ], [ 137.686746590000013, 36.5471398 ], [ 137.68756353, 36.54823953 ], [ 137.687733550000019, 36.54947369 ], [ 137.68817134, 36.55021453 ], [ 137.68862772, 36.55223259 ], [ 137.689065770000013, 36.55250897 ], [ 137.689498830000019, 36.55357341 ], [ 137.689333310000023, 36.55480314 ], [ 137.68891525, 36.5553898 ], [ 137.688584420000012, 36.55652453 ], [ 137.68803942, 36.55958425 ], [ 137.687757200000021, 36.56026759 ], [ 137.68773776, 36.5620745 ], [ 137.688427500000017, 36.56251533 ], [ 137.690542780000015, 36.56449533 ], [ 137.691704750000014, 36.56609117 ], [ 137.69236558, 36.56663451 ], [ 137.69265253, 36.56737284 ], [ 137.693269750000013, 36.5676745 ], [ 137.693887250000017, 36.5690595 ], [ 137.69539364000002, 36.56891644 ], [ 137.69595283000001, 36.56922451 ], [ 137.697552, 36.569327 ], [ 137.69852533, 36.56961117 ], [ 137.69962311, 36.57049811 ], [ 137.700624770000019, 36.57056144 ], [ 137.701762, 36.57095144 ], [ 137.704444810000012, 36.57225923 ], [ 137.70630786000001, 36.57336672 ], [ 137.707031750000027, 36.57364672 ], [ 137.707513160000019, 36.57427367 ], [ 137.708753990000019, 36.57496477 ], [ 137.709010390000032, 36.57551172 ], [ 137.711017890000022, 36.57599589 ], [ 137.71234014, 36.57687867 ], [ 137.71320597, 36.57708005 ], [ 137.713453750000014, 36.57808144 ], [ 137.71436319, 36.5784795 ], [ 137.71480542, 36.579082 ], [ 137.715399030000015, 36.57917284 ], [ 137.715957910000014, 36.57972033 ], [ 137.716044580000016, 36.580497 ], [ 137.71812017000002, 36.58223589 ], [ 137.719179340000011, 36.58240061 ], [ 137.719695160000015, 36.58283895 ], [ 137.72073988, 36.58334284 ], [ 137.721960170000017, 36.583402 ], [ 137.722222940000023, 36.58391895 ], [ 137.723035190000019, 36.58445811 ], [ 137.7232002, 36.58554728 ], [ 137.724170470000018, 36.58641005 ], [ 137.725106860000011, 36.58669617 ], [ 137.7269427, 36.58674117 ], [ 137.727888520000022, 36.58658367 ], [ 137.729273260000014, 36.58716172 ], [ 137.72983134, 36.58761756 ], [ 137.730677720000017, 36.58796422 ], [ 137.73251772, 36.58796422 ], [ 137.733558280000011, 36.58808005 ], [ 137.735346610000022, 36.58789367 ], [ 137.73664467, 36.58755672 ], [ 137.73717883, 36.58760505 ], [ 137.73792633, 36.58805422 ], [ 137.739536890000011, 36.58797423 ], [ 137.742666610000015, 36.58728061 ], [ 137.744415500000031, 36.587117 ], [ 137.745147440000011, 36.58717144 ], [ 137.74692966, 36.58679284 ], [ 137.747863280000018, 36.58685395 ], [ 137.74882384, 36.58747561 ], [ 137.75019523, 36.58793978 ], [ 137.750902170000018, 36.58834061 ], [ 137.751128, 36.58896228 ], [ 137.750711630000012, 36.59065589 ], [ 137.751089140000033, 36.59164228 ], [ 137.752609140000033, 36.59269784 ], [ 137.753097200000013, 36.59372228 ], [ 137.752936910000017, 36.59476672 ], [ 137.75259416, 36.59579895 ], [ 137.75192167, 36.59711978 ], [ 137.751566670000017, 36.59753478 ], [ 137.751305280000025, 36.59850228 ], [ 137.751283090000015, 36.59955644 ], [ 137.75076698, 36.60063728 ], [ 137.749271140000019, 36.60188089 ], [ 137.74922336, 36.60261005 ], [ 137.74876756, 36.60307367 ], [ 137.74780783, 36.60365089 ], [ 137.747613110000032, 36.60465839 ], [ 137.747077830000023, 36.60562144 ], [ 137.746385620000012, 36.60642395 ], [ 137.7459662, 36.60751895 ], [ 137.745819800000021, 36.60839839 ], [ 137.74500508, 36.60990423 ], [ 137.744922020000018, 36.61056533 ], [ 137.74442733, 36.61148033 ], [ 137.743940660000021, 36.61274505 ], [ 137.744051220000017, 36.61401339 ], [ 137.74429261, 36.61440839 ], [ 137.74424542, 36.61750922 ], [ 137.744997110000014, 36.61906978 ], [ 137.74559462, 36.621057 ], [ 137.74617214, 36.62337144 ], [ 137.74667881, 36.62447284 ], [ 137.74791547, 36.62548005 ], [ 137.74868078, 36.62554839 ], [ 137.751329950000013, 36.62674561 ], [ 137.751843550000018, 36.62722589 ], [ 137.75146883, 36.62854005 ], [ 137.751499140000021, 36.62914311 ], [ 137.752212190000023, 36.63099311 ], [ 137.75224248, 36.63191367 ], [ 137.75264722, 36.63321784 ], [ 137.75335973, 36.63376005 ], [ 137.752665550000017, 36.63408589 ], [ 137.752556670000018, 36.63504617 ], [ 137.754124750000017, 36.63766423 ], [ 137.7546217, 36.63928144 ], [ 137.75407949, 36.64001895 ], [ 137.753889220000019, 36.64127311 ], [ 137.754714230000019, 36.64201005 ], [ 137.7553273, 36.64418672 ], [ 137.75544536000001, 36.64516756 ], [ 137.756255360000011, 36.64688839 ], [ 137.75639261, 36.64809811 ], [ 137.75591678, 36.64865867 ], [ 137.755729590000016, 36.65099784 ], [ 137.756316810000015, 36.65148728 ], [ 137.756472630000019, 36.65205172 ], [ 137.756279300000017, 36.65275311 ], [ 137.75505655, 36.65470672 ], [ 137.754526840000011, 36.65516061 ], [ 137.753952390000023, 36.65611644 ], [ 137.753886030000018, 36.656852 ], [ 137.753502700000013, 36.65782922 ], [ 137.75410964, 36.65784756 ], [ 137.755076590000016, 36.65839672 ], [ 137.75668436, 36.65859784 ], [ 137.7569827, 36.65945728 ], [ 137.75834964, 36.660077 ], [ 137.759331340000017, 36.66133867 ], [ 137.759821050000028, 36.66280505 ], [ 137.76035078000001, 36.66365367 ], [ 137.760600510000017, 36.66458505 ], [ 137.761518560000013, 36.66495367 ], [ 137.76178497, 36.66527784 ], [ 137.76174053, 36.66697033 ], [ 137.760038300000019, 36.66829172 ], [ 137.76087056, 36.66941951 ], [ 137.760927780000031, 36.67055203 ], [ 137.76044167, 36.67147203 ], [ 137.76001667, 36.67182786 ], [ 137.76010309, 36.67251369 ], [ 137.75956531, 36.67329897 ], [ 137.75868419, 36.67418841 ], [ 137.75908752, 36.67535175 ], [ 137.758644770000018, 36.67562953 ], [ 137.75846672, 36.6761548 ], [ 137.759174230000013, 36.67700536 ], [ 137.758883380000015, 36.67798592 ], [ 137.75915283, 36.67904064 ], [ 137.759903670000028, 36.68052925 ], [ 137.759747300000015, 36.68145369 ], [ 137.759369530000015, 36.68176203 ], [ 137.759130920000018, 36.6828598 ], [ 137.759517300000027, 36.68408787 ], [ 137.75948703, 36.68550731 ], [ 137.759738420000019, 36.68593231 ], [ 137.757282050000015, 36.68643147 ], [ 137.75628372, 36.68691313 ], [ 137.75449122, 36.68729036 ], [ 137.75422205000001, 36.6874598 ], [ 137.754014, 36.68868814 ], [ 137.753927060000024, 36.6906798 ], [ 137.75360151000001, 36.6914698 ], [ 137.754261220000018, 36.6918998 ], [ 137.755146500000023, 36.69296759 ], [ 137.755979560000014, 36.69324092 ], [ 137.756609, 36.6941348 ], [ 137.756704550000023, 36.69556259 ], [ 137.755910390000025, 36.69629592 ], [ 137.75558927, 36.69693425 ], [ 137.75555872000001, 36.69787147 ], [ 137.7552765, 36.69845731 ], [ 137.754070120000023, 36.6992948 ], [ 137.75219927, 36.6999498 ], [ 137.751140390000018, 36.70054008 ], [ 137.750584840000016, 36.70128675 ], [ 137.75094956, 36.70260175 ], [ 137.75006428, 36.7049798 ], [ 137.750923450000016, 36.70662925 ], [ 137.75046789000001, 36.70765759 ], [ 137.750459, 36.70828675 ], [ 137.75127039000003, 36.7107215 ], [ 137.751774, 36.71188039 ], [ 137.751365940000028, 36.712909 ], [ 137.751200950000026, 36.71392428 ], [ 137.751483160000021, 36.714584 ], [ 137.752411780000017, 36.71588205 ], [ 137.75265484, 36.71676289 ], [ 137.752433170000018, 36.71812095 ], [ 137.75269817, 36.71933205 ], [ 137.75229428, 36.72012623 ], [ 137.751925380000017, 36.72144984 ], [ 137.75130927, 36.72253928 ], [ 137.750645110000022, 36.72279095 ], [ 137.75115317, 36.72345039 ], [ 137.75116567, 36.72474372 ], [ 137.750727329999989, 36.72625428 ], [ 137.75097039000002, 36.72688761 ], [ 137.75271953, 36.72729984 ], [ 137.75332287, 36.72754733 ], [ 137.753825910000018, 36.72848511 ], [ 137.754950080000015, 36.72924872 ], [ 137.755431750000014, 36.73076761 ], [ 137.75521925000001, 36.73125789 ], [ 137.75405591, 36.73172677 ], [ 137.754147030000013, 36.73328039 ], [ 137.75468508, 36.73404428 ], [ 137.755770360000014, 36.73448261 ], [ 137.755709530000019, 36.73557177 ], [ 137.75593508, 36.73610567 ], [ 137.756525360000012, 36.73657011 ], [ 137.75751925000003, 36.73674817 ], [ 137.757987860000014, 36.73731651 ], [ 137.758434810000011, 36.73902177 ], [ 137.75928564, 36.74061067 ], [ 137.756950360000019, 36.74162153 ], [ 137.756008690000016, 36.74225513 ], [ 137.75524925000002, 36.74303208 ], [ 137.755678690000025, 36.74554041 ], [ 137.755218690000021, 36.74646903 ], [ 137.753829810000013, 36.74835264 ], [ 137.7534737, 36.74928125 ], [ 137.752427860000012, 36.75062653 ], [ 137.75177231, 36.7511082 ], [ 137.75211508000001, 36.75270513 ], [ 137.752601750000025, 36.75317125 ], [ 137.75413064, 36.75403041 ], [ 137.75904258, 36.76017513 ], [ 137.759103410000023, 36.76178097 ], [ 137.759814810000023, 36.76325625 ], [ 137.759979800000025, 36.76426292 ], [ 137.760539810000012, 36.7646882 ], [ 137.761546740000028, 36.76498764 ], [ 137.762167300000016, 36.76545625 ], [ 137.76279202, 36.76653236 ], [ 137.76484647, 36.76769264 ], [ 137.76622925, 36.76905347 ], [ 137.767418390000017, 36.77052459 ], [ 137.768547, 36.77097597 ], [ 137.769072280000017, 36.77136653 ], [ 137.770252559999989, 36.77140097 ], [ 137.772270610000021, 36.77183931 ], [ 137.77427117000002, 36.77261625 ], [ 137.77573394, 36.77364041 ], [ 137.77738725, 36.77321956 ], [ 137.780017250000014, 36.77297705 ], [ 137.78193558000001, 36.7729815 ], [ 137.78293808, 36.77363678 ], [ 137.78478694, 36.77434456 ], [ 137.78588944, 36.77523872 ], [ 137.78722611, 36.77592039 ], [ 137.788089440000022, 36.7768098 ], [ 137.78907472, 36.77715286 ], [ 137.78968222, 36.77772564 ], [ 137.79094501, 36.77828147 ], [ 137.791496350000017, 36.77919703 ], [ 137.791939140000011, 36.78153203 ], [ 137.792373020000014, 36.78244731 ], [ 137.792347200000023, 36.78304175 ], [ 137.792724140000018, 36.78406203 ], [ 137.79277636, 36.7847562 ], [ 137.793275530000017, 36.78665675 ], [ 137.798904110000024, 36.78818978 ], [ 137.799429660000015, 36.78838505 ], [ 137.81824655, 36.79734556 ], [ 137.819982630000027, 36.79822167 ], [ 137.82019097, 36.79854251 ], [ 137.820099590000012, 36.79941028 ], [ 137.82070292, 36.79997417 ], [ 137.820897910000014, 36.80087195 ], [ 137.82143625, 36.80173969 ], [ 137.82288986, 36.8024208 ], [ 137.822981240000018, 36.80311053 ], [ 137.82260348, 36.80360969 ], [ 137.82283791, 36.80463859 ], [ 137.8225818, 36.80564969 ], [ 137.822781240000012, 36.80598387 ], [ 137.82383594, 36.80643136 ], [ 137.82538095000001, 36.80690913 ], [ 137.82698234, 36.80721359 ], [ 137.827863450000024, 36.80750884 ], [ 137.830003160000018, 36.80747467 ], [ 137.83097511, 36.808013 ], [ 137.83129202, 36.80891133 ], [ 137.83235536, 36.81031356 ], [ 137.83257258, 36.81150689 ], [ 137.832468150000011, 36.81244023 ], [ 137.83203008000001, 36.81370744 ], [ 137.83189536, 36.81533936 ], [ 137.83164786, 36.81636797 ], [ 137.831048690000017, 36.81781297 ], [ 137.831061750000032, 36.8186202 ], [ 137.83155647000001, 36.81944964 ], [ 137.832428970000024, 36.82003547 ], [ 137.833613970000016, 36.82029631 ], [ 137.834920050000022, 36.8220802 ], [ 137.83644311, 36.82367767 ], [ 137.838912550000032, 36.82590433 ], [ 137.84017975, 36.82768823 ], [ 137.8406828, 36.82779684 ], [ 137.84140781, 36.82843903 ], [ 137.843742530000014, 36.82968041 ], [ 137.843972800000017, 36.83004069 ], [ 137.8439117, 36.83099959 ], [ 137.84419392, 36.83216292 ], [ 137.84497056, 36.83310875 ], [ 137.844801390000015, 36.8340332 ], [ 137.8452225, 36.83461872 ], [ 137.84910944, 36.83723011 ], [ 137.851366110000015, 36.83783761 ], [ 137.851730560000021, 36.83819344 ], [ 137.851761110000012, 36.83898344 ], [ 137.852225280000027, 36.83931761 ], [ 137.853076110000018, 36.83947372 ], [ 137.853666390000029, 36.83981233 ], [ 137.854347500000017, 36.84063261 ], [ 137.85514167, 36.84256369 ], [ 137.856864450000018, 36.8438262 ], [ 137.85687306, 36.84435592 ], [ 137.855970270000029, 36.8458662 ], [ 137.855809420000014, 36.84905147 ], [ 137.85592219000003, 36.84950286 ], [ 137.856503890000027, 36.85010147 ], [ 137.857020270000021, 36.85028397 ], [ 137.857306390000019, 36.85074397 ], [ 137.85725, 36.85141231 ], [ 137.857879470000029, 36.85275314 ], [ 137.85899031, 36.85372536 ], [ 137.860670030000023, 36.85443259 ], [ 137.861303390000018, 36.85513564 ], [ 137.861971720000014, 36.85630733 ], [ 137.862753110000028, 36.85681511 ], [ 137.8638162, 36.85842095 ], [ 137.864922580000012, 36.85949705 ], [ 137.865625670000014, 36.86068205 ], [ 137.866059830000012, 36.86096872 ], [ 137.867747890000032, 36.86113344 ], [ 137.868143190000012, 36.86197067 ], [ 137.868177640000027, 36.86273039 ], [ 137.869275690000023, 36.86299067 ], [ 137.870529590000018, 36.86260431 ], [ 137.87139319000002, 36.86277792 ], [ 137.871911830000016, 36.86339459 ], [ 137.87339795, 36.86357653 ], [ 137.87509881, 36.86513041 ], [ 137.876344640000013, 36.86606792 ], [ 137.876366030000014, 36.86701375 ], [ 137.875615470000014, 36.86758236 ], [ 137.875341850000012, 36.8681118 ], [ 137.87524633000001, 36.86896653 ], [ 137.87563745, 36.8699082 ], [ 137.876683, 36.87082431 ], [ 137.87774192, 36.87274656 ], [ 137.87755109, 36.87341044 ], [ 137.87638358, 36.87347128 ], [ 137.87467358, 36.87443489 ], [ 137.87351025000001, 36.87459541 ], [ 137.872759420000023, 36.87556767 ], [ 137.871365250000025, 36.8763182 ], [ 137.869646350000011, 36.87667903 ], [ 137.86883053, 36.87713487 ], [ 137.868296640000011, 36.87778541 ], [ 137.868405250000023, 36.87887489 ], [ 137.86799278, 36.88060628 ], [ 137.867389440000011, 36.88171739 ], [ 137.86625694, 36.88326211 ], [ 137.86610475, 36.88439489 ], [ 137.86673837, 36.88610072 ], [ 137.86626114, 36.88722017 ], [ 137.86515864, 36.88794489 ], [ 137.861665330000022, 36.89077877 ], [ 137.861561170000016, 36.89148184 ], [ 137.862455080000018, 36.89244933 ], [ 137.863236200000017, 36.89285295 ], [ 137.863822310000018, 36.89341711 ], [ 137.86416064, 36.8945502 ], [ 137.865015380000017, 36.89624241 ], [ 137.86578817, 36.89666797 ], [ 137.867467330000011, 36.8968588 ], [ 137.86860428, 36.89742297 ], [ 137.86939847, 36.89850797 ], [ 137.87108681, 36.90018741 ], [ 137.871616280000012, 36.90110769 ], [ 137.87169878, 36.90169325 ], [ 137.871434060000013, 36.90269577 ], [ 137.87067878000002, 36.90315161 ], [ 137.869342390000014, 36.903403 ], [ 137.868396, 36.90411911 ], [ 137.867480170000022, 36.90529495 ], [ 137.866464920000027, 36.90580717 ], [ 137.864368500000012, 36.90625439 ], [ 137.86261547, 36.90695269 ], [ 137.86208131, 36.90768189 ], [ 137.862198520000021, 36.90832828 ], [ 137.86341825, 36.90926161 ], [ 137.863860750000015, 36.90984328 ], [ 137.864069100000023, 36.91087189 ], [ 137.86348745, 36.9121955 ], [ 137.863470220000011, 36.91289411 ], [ 137.864025770000012, 36.91349717 ], [ 137.86520608, 36.91416967 ], [ 137.86587886, 36.91494661 ], [ 137.86647358, 36.91530272 ], [ 137.868135530000018, 36.91589717 ], [ 137.87001025, 36.91570633 ], [ 137.87221997, 36.91517108 ], [ 137.87300997, 36.91507164 ], [ 137.873600270000026, 36.9152322 ], [ 137.874650270000018, 36.91585275 ], [ 137.876355840000031, 36.91463775 ], [ 137.87669, 36.91407331 ], [ 137.87746691000001, 36.91334025 ], [ 137.878608300000025, 36.91270664 ], [ 137.87980192, 36.91252413 ], [ 137.88183722, 36.9124072 ], [ 137.883542780000028, 36.91191692 ], [ 137.88520917, 36.9109922 ], [ 137.886276940000016, 36.91083608 ], [ 137.887978340000018, 36.91101387 ], [ 137.8906475, 36.91077997 ], [ 137.89190611, 36.91015914 ], [ 137.89280861, 36.90995969 ], [ 137.893776390000028, 36.91000303 ], [ 137.894931140000011, 36.91026359 ], [ 137.89631086, 36.91039359 ], [ 137.89724837, 36.91065859 ], [ 137.898238080000027, 36.9106758 ], [ 137.899261970000026, 36.91143528 ], [ 137.899817520000028, 36.91133111 ], [ 137.900720050000018, 36.91158751 ], [ 137.901627280000014, 36.91252917 ], [ 137.902173940000011, 36.91380528 ], [ 137.902757830000013, 36.91426611 ], [ 137.90958623, 36.91699944 ], [ 137.91038455, 36.91719944 ], [ 137.910979270000013, 36.91786333 ], [ 137.913596250000012, 36.91759 ], [ 137.914567910000017, 36.91798056 ], [ 137.91589597, 36.91798944 ], [ 137.9169118, 36.91833223 ], [ 137.91767542, 36.91895278 ], [ 137.919742110000016, 36.91986972 ], [ 137.920610170000032, 36.92002584 ], [ 137.921256840000012, 36.91992167 ], [ 137.92278156, 36.91874556 ], [ 137.92359905, 36.91854944 ], [ 137.925117950000015, 36.91859305 ], [ 137.926393500000017, 36.918055 ], [ 137.92818183, 36.91656639 ], [ 137.92949239, 36.91596305 ], [ 137.93212073, 36.91427167 ], [ 137.93350462, 36.91429333 ], [ 137.935791850000015, 36.91338639 ], [ 137.936692140000019, 36.91336833 ], [ 137.93811964, 36.91369805 ], [ 137.94137047000001, 36.91314723 ], [ 137.943386620000012, 36.91311333 ], [ 137.945248280000015, 36.91292223 ], [ 137.947372170000023, 36.91302917 ], [ 137.948925770000017, 36.91257417 ], [ 137.94955078000001, 36.91198 ], [ 137.951297720000014, 36.90948969 ], [ 137.95187494000001, 36.90785775 ], [ 137.952664940000034, 36.90653859 ], [ 137.95270577, 36.90557414 ], [ 137.953213550000015, 36.90500553 ], [ 137.954856620000015, 36.90441164 ], [ 137.95769494000001, 36.90286247 ], [ 137.959432440000029, 36.90300913 ], [ 137.962353310000026, 36.90211108 ], [ 137.96329080000001, 36.90300497 ], [ 137.96371163, 36.90392247 ], [ 137.96428025, 36.90429441 ], [ 137.96559109, 36.90438997 ], [ 137.96597302, 36.90456775 ], [ 137.96719694, 36.90588275 ], [ 137.96772167, 36.9074972 ], [ 137.968451110000018, 36.90820469 ], [ 137.968661950000012, 36.90906497 ], [ 137.968522800000017, 36.91050136 ], [ 137.969575030000016, 36.91081275 ], [ 137.97042837, 36.91033664 ], [ 137.971860580000026, 36.90979413 ], [ 137.973531410000021, 36.90941664 ], [ 137.974481970000028, 36.9088958 ], [ 137.976445620000021, 36.90829164 ], [ 137.97760005, 36.90932022 ], [ 137.979309780000023, 36.90893411 ], [ 137.98081144, 36.908483 ], [ 137.981840340000019, 36.90850467 ], [ 137.98330119000002, 36.90876161 ], [ 137.984552870000016, 36.90883023 ], [ 137.98598508, 36.90967217 ], [ 137.987967030000021, 36.91003772 ], [ 137.988801780000017, 36.910358 ], [ 137.99090261, 36.9107355 ], [ 137.99157095000001, 36.910688 ], [ 137.992248170000011, 36.90995023 ], [ 137.99339817, 36.90923384 ], [ 137.994617890000029, 36.90807133 ], [ 137.996900120000021, 36.90764797 ], [ 137.99929097, 36.90706825 ], [ 138.00019180000001, 36.90664269 ], [ 138.000575420000018, 36.90611825 ], [ 138.002013190000014, 36.90530492 ], [ 138.002855970000013, 36.90500908 ], [ 138.004909030000022, 36.90473631 ], [ 138.00700156000002, 36.90474047 ], [ 138.00796377, 36.90460492 ], [ 138.009212390000016, 36.90408992 ], [ 138.010038220000013, 36.90407686 ], [ 138.01078322, 36.90435241 ], [ 138.01245655, 36.90411686 ], [ 138.01363795, 36.90406905 ], [ 138.01398795, 36.90344989 ], [ 138.014943500000015, 36.90228267 ], [ 138.015504330000027, 36.90197322 ], [ 138.01569905, 36.90139989 ], [ 138.015573500000016, 36.90048184 ], [ 138.015890170000034, 36.89907544 ], [ 138.015984620000012, 36.89746184 ], [ 138.015621830000015, 36.89685405 ], [ 138.01472236, 36.89585517 ], [ 138.014675690000018, 36.89515544 ], [ 138.01512986, 36.89382461 ], [ 138.015577370000017, 36.89321377 ], [ 138.01671625, 36.89243684 ], [ 138.01774486, 36.89228628 ], [ 138.01888545, 36.89170017 ], [ 138.021742390000014, 36.89052211 ], [ 138.023212670000021, 36.89064933 ], [ 138.024341280000016, 36.89117877 ], [ 138.025707690000019, 36.89225322 ], [ 138.02665131, 36.89252517 ], [ 138.02803964, 36.89243875 ], [ 138.02975742000001, 36.89196875 ], [ 138.031062140000017, 36.89136125 ], [ 138.032001850000029, 36.88956347 ], [ 138.032027130000017, 36.88847097 ], [ 138.032246860000015, 36.88809041 ], [ 138.03231409, 36.88699931 ], [ 138.032849360000029, 36.88619125 ], [ 138.032743260000018, 36.88555569 ], [ 138.03288075, 36.88447041 ], [ 138.03253601, 36.88337487 ], [ 138.032362940000013, 36.88145208 ], [ 138.032496010000017, 36.88096764 ], [ 138.031984060000013, 36.88008375 ], [ 138.03199655, 36.87895459 ], [ 138.03162348, 36.87813905 ], [ 138.03023486, 36.87726295 ], [ 138.029310970000012, 36.87636017 ], [ 138.02903097, 36.87509044 ], [ 138.027589830000011, 36.87442017 ], [ 138.02641234, 36.87353405 ], [ 138.026034, 36.87243544 ], [ 138.025333140000015, 36.87147711 ], [ 138.02533925000003, 36.87019267 ], [ 138.024419530000017, 36.86911572 ], [ 138.023412310000026, 36.86869103 ], [ 138.02232367000002, 36.86775131 ], [ 138.02202477, 36.8672752 ], [ 138.02185895, 36.86632714 ], [ 138.02154144, 36.86574492 ], [ 138.021479780000021, 36.86452964 ], [ 138.02095975, 36.86348769 ], [ 138.019183090000013, 36.86170047 ], [ 138.017973920000031, 36.86090492 ], [ 138.016591120000015, 36.86040325 ], [ 138.015488340000019, 36.86067659 ], [ 138.013949170000018, 36.86056605 ], [ 138.013687780000026, 36.86036605 ], [ 138.014333330000028, 36.85940661 ], [ 138.01458, 36.85850967 ], [ 138.01541361, 36.85761189 ], [ 138.01555195, 36.85722911 ], [ 138.015149690000015, 36.85658828 ], [ 138.015274690000012, 36.85522495 ], [ 138.015932190000029, 36.85393939 ], [ 138.015537760000029, 36.853193 ], [ 138.015833860000015, 36.85239467 ], [ 138.01769553, 36.851683 ], [ 138.018875810000026, 36.85043772 ], [ 138.01914803, 36.84897884 ], [ 138.020043550000025, 36.84632605 ], [ 138.019464380000016, 36.84584272 ], [ 138.01894966, 36.84498856 ], [ 138.01971856000003, 36.84417661 ], [ 138.01983494000001, 36.84340717 ], [ 138.02022992000002, 36.84239189 ], [ 138.019294360000032, 36.842023 ], [ 138.01841131, 36.84095967 ], [ 138.015897670000015, 36.83908441 ], [ 138.014752109999989, 36.8390758 ], [ 138.0142035, 36.83870914 ], [ 138.013208220000024, 36.83694469 ], [ 138.012326280000025, 36.83666692 ], [ 138.011665140000019, 36.83609303 ], [ 138.010604030000025, 36.83449775 ], [ 138.009862920000018, 36.83360775 ], [ 138.00978261, 36.83263664 ], [ 138.008457890000017, 36.832095 ], [ 138.007144, 36.83071472 ], [ 138.00592789, 36.82978056 ], [ 138.005601480000024, 36.82932305 ], [ 138.004401750000028, 36.82836944 ], [ 138.003812580000016, 36.82690556 ], [ 138.00346148, 36.82641361 ], [ 138.003289530000018, 36.82647056 ], [ 138.00214895000002, 36.82531222 ], [ 138.00221839, 36.82443833 ], [ 138.001728390000011, 36.82311947 ], [ 138.001076720000015, 36.82208253 ], [ 138.000146450000017, 36.82102225 ], [ 137.999176980000016, 36.82017725 ], [ 137.998198370000011, 36.81958587 ], [ 137.997473090000028, 36.81825975 ], [ 137.996898640000012, 36.81678197 ], [ 137.995968050000016, 36.8159228 ], [ 137.99387944, 36.81485197 ], [ 137.99265222, 36.81332311 ], [ 137.99144608, 36.81235228 ], [ 137.98918469000003, 36.81151784 ], [ 137.98798776000001, 36.8102795 ], [ 137.98760525, 36.80943922 ], [ 137.98639411000002, 36.80801561 ], [ 137.985196060000021, 36.80736061 ], [ 137.984593280000013, 36.806232 ], [ 137.984154940000025, 36.80476092 ], [ 137.98312798, 36.80322203 ], [ 137.98219297, 36.80279036 ], [ 137.98167659, 36.80218286 ], [ 137.980730470000026, 36.80167064 ], [ 137.98004047, 36.79999092 ], [ 137.979072670000022, 36.79855036 ], [ 137.978456280000017, 36.79794287 ], [ 137.977662110000011, 36.796124 ], [ 137.976985160000027, 36.79510011 ], [ 137.97655988, 36.79414956 ], [ 137.976351530000017, 36.79325539 ], [ 137.976360410000012, 36.79236123 ], [ 137.97575681, 36.79075567 ], [ 137.975874030000028, 36.79008289 ], [ 137.97575681, 36.78721431 ], [ 137.975472090000011, 36.78645625 ], [ 137.974651500000022, 36.78547959 ], [ 137.97291567000002, 36.78462903 ], [ 137.970728720000011, 36.78391264 ], [ 137.969825940000021, 36.78377375 ], [ 137.968702050000019, 36.78285847 ], [ 137.967677890000033, 36.78104013 ], [ 137.96758674000003, 36.78024569 ], [ 137.967755910000022, 36.7791132 ], [ 137.96822036, 36.77830156 ], [ 137.968051190000011, 36.77548517 ], [ 137.96764314, 36.77492572 ], [ 137.96801202, 36.77430905 ], [ 137.967521750000031, 36.77336739 ], [ 137.96795425000002, 36.77162267 ], [ 137.967925330000014, 36.77103295 ], [ 137.96704005, 36.76973933 ], [ 137.966606160000026, 36.76960044 ], [ 137.96599839000001, 36.77000851 ], [ 137.964700890000017, 36.77041656 ], [ 137.96447978, 36.76962214 ], [ 137.963442550000025, 36.76835936 ], [ 137.96252672, 36.76657131 ], [ 137.962401170000021, 36.76594214 ], [ 137.96133336, 36.76414964 ], [ 137.96101253, 36.76316464 ], [ 137.96053086, 36.76301686 ], [ 137.95839586, 36.76296017 ], [ 137.957775280000021, 36.762791 ], [ 137.957198050000017, 36.76160211 ], [ 137.957358340000013, 36.76012184 ], [ 137.95702861, 36.75942351 ], [ 137.956968030000013, 36.75874628 ], [ 137.955414420000011, 36.75789572 ], [ 137.9548072, 36.75741405 ], [ 137.95387803, 36.75612072 ], [ 137.95288883, 36.75548267 ], [ 137.952331050000026, 36.75384684 ], [ 137.952621890000017, 36.75329767 ], [ 137.95330078, 36.75278711 ], [ 137.953556890000016, 36.75217544 ], [ 137.953331030000015, 36.75064767 ], [ 137.953669360000021, 36.74968851 ], [ 137.953313800000018, 36.74848211 ], [ 137.952206860000018, 36.74716711 ], [ 137.951508500000017, 36.74666823 ], [ 137.951178490000018, 36.74614711 ], [ 137.94948156, 36.74565236 ], [ 137.949156, 36.74476708 ], [ 137.948262390000025, 36.74369097 ], [ 137.946964580000014, 36.74363903 ], [ 137.9461618, 36.74294875 ], [ 137.945953480000014, 36.74248875 ], [ 137.944868469999989, 36.74139069 ], [ 137.944912090000031, 36.74037959 ], [ 137.943805380000015, 36.73862597 ], [ 137.943436500000018, 36.73751097 ], [ 137.94302844, 36.73708569 ], [ 137.941540120000013, 36.73607431 ], [ 137.94143148, 36.73506347 ], [ 137.94106258, 36.73462514 ], [ 137.93998202, 36.73398261 ], [ 137.93934397000001, 36.73381761 ], [ 137.93857148, 36.73266761 ], [ 137.937161170000024, 36.73144372 ], [ 137.937161170000024, 36.73092289 ], [ 137.93595034, 36.72861872 ], [ 137.935282, 36.72804984 ], [ 137.93375031, 36.72540261 ], [ 137.932266130000016, 36.72438705 ], [ 137.930740440000022, 36.72444728 ], [ 137.92976927, 36.72435986 ], [ 137.92889416, 36.72448097 ], [ 137.928129080000019, 36.72410097 ], [ 137.92717389, 36.72320313 ], [ 137.92758156, 36.72231575 ], [ 137.927632970000019, 36.72138239 ], [ 137.928282700000011, 36.72038767 ], [ 137.929577780000017, 36.72020286 ], [ 137.930452480000014, 36.71912111 ], [ 137.930466450000011, 36.71788428 ], [ 137.928041800000017, 36.71442072 ], [ 137.92873830000002, 36.71342453 ], [ 137.929517440000012, 36.71260369 ], [ 137.92873438, 36.71196203 ], [ 137.928230220000017, 36.71077897 ], [ 137.927363550000024, 36.71046231 ], [ 137.927134380000012, 36.7091248 ], [ 137.926501340000016, 36.70820008 ], [ 137.92639713, 36.70733341 ], [ 137.92568881, 36.70676259 ], [ 137.925459640000014, 36.70561286 ], [ 137.92461409, 36.70460897 ], [ 137.92480575, 36.70345897 ], [ 137.92445575, 36.70294647 ], [ 137.92445158000001, 36.70210508 ], [ 137.924047660000014, 36.70113425 ], [ 137.923264330000023, 36.70070925 ], [ 137.923793500000016, 36.69963036 ], [ 137.92275211, 36.69965953 ], [ 137.92187711, 36.69899286 ], [ 137.920898220000026, 36.69866786 ], [ 137.92018601, 36.69795953 ], [ 137.92020267, 36.69705564 ], [ 137.91888211, 36.69644731 ], [ 137.91901542, 36.69581397 ], [ 137.91862791, 36.69428925 ], [ 137.917740700000024, 36.69411841 ], [ 137.91665348, 36.69357672 ], [ 137.91499514, 36.69386005 ], [ 137.91460791, 36.69376839 ], [ 137.91421625000001, 36.69299339 ], [ 137.913987080000027, 36.69168117 ], [ 137.915145420000016, 36.69094784 ], [ 137.91540791, 36.68997311 ], [ 137.916045380000014, 36.68914811 ], [ 137.916137060000011, 36.68792756 ], [ 137.915899560000014, 36.68738589 ], [ 137.91588733, 36.68653172 ], [ 137.915403990000016, 36.68582339 ], [ 137.915129, 36.68457784 ], [ 137.916249810000011, 36.68342784 ], [ 137.91744953, 36.68192395 ], [ 137.91702064, 36.68010311 ], [ 137.916666470000024, 36.67905339 ], [ 137.912638910000027, 36.66833644 ], [ 137.91051306, 36.66245644 ], [ 137.910105840000028, 36.66157728 ], [ 137.909399440000016, 36.66156644 ], [ 137.908244450000012, 36.66180895 ], [ 137.9076775, 36.66159672 ], [ 137.906308880000012, 36.661602 ], [ 137.906196670000014, 36.66094089 ], [ 137.90549722, 36.66076978 ], [ 137.905252780000012, 36.66021867 ], [ 137.905972780000013, 36.65907005 ], [ 137.90600333, 36.65840589 ], [ 137.90703584000002, 36.65773895 ], [ 137.907049420000021, 36.65728144 ], [ 137.906448300000022, 36.65655395 ], [ 137.906465250000025, 36.65611617 ], [ 137.907192190000018, 36.65538589 ], [ 137.90753859, 36.65451505 ], [ 137.90846553, 36.65396395 ], [ 137.908217760000014, 36.65330561 ], [ 137.90857134, 36.65195533 ], [ 137.909457440000011, 36.65077895 ], [ 137.909440780000011, 36.64901811 ], [ 137.909451610000019, 36.64863533 ], [ 137.910140220000017, 36.64732089 ], [ 137.911564920000018, 36.64559367 ], [ 137.911726030000011, 36.64474005 ], [ 137.911634640000017, 36.64374561 ], [ 137.91190297, 36.64309228 ], [ 137.912714890000018, 36.64245423 ], [ 137.912446280000012, 36.64192089 ], [ 137.913321280000019, 36.64125203 ], [ 137.91386795, 36.64028092 ], [ 137.91481545000002, 36.64022703 ], [ 137.915289340000015, 36.63985536 ], [ 137.91711822000002, 36.63928925 ], [ 137.917345690000019, 36.63873064 ], [ 137.91853014, 36.63817425 ], [ 137.919165140000018, 36.63718786 ], [ 137.920542360000013, 36.63630369 ], [ 137.920507640000011, 36.63543731 ], [ 137.919282090000024, 36.63493008 ], [ 137.918782920000012, 36.63456092 ], [ 137.917608170000022, 36.63191369 ], [ 137.917453170000016, 36.63088064 ], [ 137.916928720000016, 36.63052175 ], [ 137.91671428, 36.62908925 ], [ 137.91677119000002, 36.62791814 ], [ 137.91555202, 36.62640592 ], [ 137.91547287, 36.62526287 ], [ 137.9150337, 36.62467341 ], [ 137.913659810000013, 36.62392259 ], [ 137.913704250000023, 36.62274369 ], [ 137.91408949, 36.62112397 ], [ 137.914860340000018, 36.62090369 ], [ 137.914879220000017, 36.61959147 ], [ 137.91439922, 36.61864564 ], [ 137.914661170000016, 36.61844341 ], [ 137.91637975, 36.6181998 ], [ 137.91704003000001, 36.61791813 ], [ 137.918186420000012, 36.61710841 ], [ 137.91876141000003, 36.61631897 ], [ 137.92073861, 36.61517092 ], [ 137.92049222, 36.61475564 ], [ 137.919538340000031, 36.61392008 ], [ 137.919279440000025, 36.61344841 ], [ 137.920293330000021, 36.61337703 ], [ 137.921768340000028, 36.61209036 ], [ 137.92261192, 36.61177536 ], [ 137.923221630000029, 36.61081175 ], [ 137.924361630000021, 36.60999428 ], [ 137.925126080000013, 36.61006344 ], [ 137.926345520000012, 36.609159 ], [ 137.92684134000001, 36.60837984 ], [ 137.92682577, 36.60789789 ], [ 137.927700510000022, 36.60726011 ], [ 137.928068270000011, 36.60648705 ], [ 137.927059110000016, 36.60523817 ], [ 137.926482970000023, 36.60386011 ], [ 137.92721047, 36.60296595 ], [ 137.92739131, 36.60200761 ], [ 137.926991860000015, 36.60105539 ], [ 137.92752601, 36.6000015 ], [ 137.929115450000012, 36.5988515 ], [ 137.931869880000022, 36.59783844 ], [ 137.93383348, 36.59699595 ], [ 137.93529292, 36.59692764 ], [ 137.937588760000011, 36.59605792 ], [ 137.938665140000012, 36.59503097 ], [ 137.939047890000012, 36.5948332 ], [ 137.94176872, 36.59478208 ], [ 137.941217610000024, 36.59385041 ], [ 137.940120390000033, 36.59299097 ], [ 137.939110950000014, 36.59198764 ], [ 137.93881234, 36.5914418 ], [ 137.938669250000032, 36.59051014 ], [ 137.93908148, 36.58934708 ], [ 137.93940953, 36.58886597 ], [ 137.939573700000011, 36.58730013 ], [ 137.939350640000015, 36.58680875 ], [ 137.93832616, 36.5856068 ], [ 137.936214230000019, 36.58399487 ], [ 137.935633110000026, 36.58375208 ], [ 137.935885010000021, 36.58225933 ], [ 137.936370050000022, 36.58180625 ], [ 137.93628752, 36.58099625 ], [ 137.9357492, 36.57939292 ], [ 137.934106140000011, 36.57826125 ], [ 137.93256944, 36.57657097 ], [ 137.932472500000017, 36.57620959 ], [ 137.93372389000001, 36.57543513 ], [ 137.934381950000017, 36.57480736 ], [ 137.93446917, 36.57399653 ], [ 137.93477027000003, 36.57362375 ], [ 137.93533306, 36.57354903 ], [ 137.935540800000012, 36.57288822 ], [ 137.93427053, 36.57286931 ], [ 137.93356302, 36.57244069 ], [ 137.932608030000011, 36.5723582 ], [ 137.931764970000017, 36.57185097 ], [ 137.931784420000014, 36.56963044 ], [ 137.93135331000002, 36.56854211 ], [ 137.93084384, 36.56793239 ], [ 137.929588560000013, 36.56744156 ], [ 137.92906022, 36.56677295 ], [ 137.92908467, 36.56553405 ], [ 137.928012170000017, 36.56545544 ], [ 137.927130510000012, 36.56603156 ], [ 137.926093840000021, 36.5651735 ], [ 137.92577384, 36.56454433 ], [ 137.925599080000012, 36.56133628 ], [ 137.925788250000011, 36.55979684 ], [ 137.926001830000018, 36.55918739 ], [ 137.92656406, 36.55873184 ], [ 137.925521280000027, 36.558496 ], [ 137.92449905, 36.55752517 ], [ 137.924154890000011, 36.55664489 ], [ 137.922914060000011, 36.55662128 ], [ 137.92142601, 36.55595295 ], [ 137.91997183, 36.55463211 ], [ 137.919356250000021, 36.55349684 ], [ 137.919055690000022, 36.552541 ], [ 137.919085140000021, 36.5513235 ], [ 137.91759678, 36.549641 ], [ 137.91772789, 36.54833544 ], [ 137.917073450000032, 36.547291 ], [ 137.917044250000032, 36.54627544 ], [ 137.91736425000002, 36.54529377 ], [ 137.91742258, 36.54422489 ], [ 137.919153380000012, 36.54303353 ], [ 137.918348110000011, 36.54191769 ], [ 137.91813506, 36.54124547 ], [ 137.917611720000025, 36.54045187 ], [ 137.91712562, 36.54006908 ], [ 137.917927, 36.53998325 ], [ 137.918755620000013, 36.54085353 ], [ 137.919692, 36.54055825 ], [ 137.919467560000015, 36.5396352 ], [ 137.919710340000023, 36.53939103 ], [ 137.91901725, 36.53825436 ], [ 137.91934224, 36.5379252 ], [ 137.919342530000023, 36.5369502 ], [ 137.91988086, 36.53747769 ], [ 137.920898640000019, 36.53799713 ], [ 137.920922530000013, 36.53716659 ], [ 137.921295860000015, 36.53632547 ], [ 137.92197475, 36.53625492 ], [ 137.923395310000018, 36.53687659 ], [ 137.92431141000003, 36.53660464 ], [ 137.92518336, 36.53703797 ], [ 137.925362800000016, 36.53656547 ], [ 137.925352780000026, 36.53508325 ], [ 137.924189440000021, 36.53297269 ], [ 137.92332163, 36.5311688 ], [ 137.923991090000015, 36.530548 ], [ 137.924607470000012, 36.5306505 ], [ 137.925324140000015, 36.53111522 ], [ 137.925867760000017, 36.53117439 ], [ 137.925910250000015, 36.53015939 ], [ 137.92658886000001, 36.52960995 ], [ 137.926273870000017, 36.52807633 ], [ 137.92591966, 36.52695133 ], [ 137.92617689, 36.52634828 ], [ 137.927209660000017, 36.52535689 ], [ 137.929342440000028, 36.52522328 ], [ 137.930515500000013, 36.52468439 ], [ 137.93123745, 36.52456689 ], [ 137.931174090000013, 36.523483 ], [ 137.930382970000011, 36.52263633 ], [ 137.92999131, 36.52179995 ], [ 137.93084961, 36.51968136 ], [ 137.931887660000029, 36.51953941 ], [ 137.93299183000002, 36.51891164 ], [ 137.93346211, 36.5180108 ], [ 137.9343935, 36.51792831 ], [ 137.935652940000011, 36.51856692 ], [ 137.93609433, 36.51805887 ], [ 137.93802739, 36.51740303 ], [ 137.93919681, 36.5167258 ], [ 137.939914860000016, 36.5167458 ], [ 137.940631280000019, 36.51875108 ], [ 137.94095128, 36.51903859 ], [ 137.94359294, 36.51969441 ], [ 137.943956830000019, 36.52012359 ], [ 137.944392670000013, 36.52116053 ], [ 137.945192390000017, 36.52144331 ], [ 137.94648239, 36.5215458 ], [ 137.947576860000026, 36.52262275 ], [ 137.94905047, 36.52302275 ], [ 137.949733800000018, 36.52397831 ], [ 137.95172158, 36.52378192 ], [ 137.95312353, 36.52350636 ], [ 137.9537527, 36.52410914 ], [ 137.95407742, 36.52489053 ], [ 137.95538131, 36.52645497 ], [ 137.95566241, 36.52698164 ], [ 137.95632575, 36.52718887 ], [ 137.957839920000026, 36.52699275 ], [ 137.957275190000018, 36.5263308 ], [ 137.956921850000015, 36.52557553 ], [ 137.95691659000002, 36.52498859 ], [ 137.9575163, 36.52377192 ], [ 137.9579702, 36.52329887 ], [ 137.959883500000018, 36.52174305 ], [ 137.96148628, 36.52086777 ], [ 137.96488847, 36.51841056 ], [ 137.96667348, 36.51692 ], [ 137.96722097, 36.51579889 ], [ 137.96716178, 36.51487667 ], [ 137.966573450000027, 36.51344167 ], [ 137.965930950000029, 36.51254697 ], [ 137.96354122, 36.51041392 ], [ 137.962882310000026, 36.50990808 ], [ 137.961379810000011, 36.50919225 ], [ 137.961344250000025, 36.50841864 ], [ 137.96382341, 36.5069578 ], [ 137.96417148, 36.50639947 ], [ 137.9639237, 36.50571531 ], [ 137.962632830000018, 36.5046342 ], [ 137.961068660000024, 36.50361031 ], [ 137.959046450000017, 36.50281141 ], [ 137.957258390000021, 36.50147003 ], [ 137.956094230000019, 36.50114947 ], [ 137.955179220000019, 36.50125087 ], [ 137.953419780000019, 36.50178197 ], [ 137.95156922000001, 36.5021192 ], [ 137.950290610000025, 36.50196725 ], [ 137.949841720000023, 36.50144808 ], [ 137.95022645, 36.50066392 ], [ 137.951141170000028, 36.50004808 ], [ 137.95236781, 36.49899392 ], [ 137.953102530000024, 36.49815614 ], [ 137.954329200000018, 36.49650308 ], [ 137.955243060000015, 36.49455336 ], [ 137.955773330000028, 36.49266422 ], [ 137.957029140000031, 36.49024922 ], [ 137.957632190000027, 36.48833839 ], [ 137.957538590000013, 36.48731756 ], [ 137.95654384, 36.48529644 ], [ 137.95574328, 36.48503505 ], [ 137.953221050000025, 36.48497922 ], [ 137.951820250000026, 36.48724144 ], [ 137.9509308, 36.48813117 ], [ 137.949296080000011, 36.48881839 ], [ 137.94693136, 36.48937561 ], [ 137.946421360000016, 36.48940367 ], [ 137.944754140000015, 36.48909475 ], [ 137.94425859, 36.48868867 ], [ 137.942383580000012, 36.48795141 ], [ 137.94138053, 36.48792253 ], [ 137.93958747, 36.48813559 ], [ 137.93835109, 36.4875492 ], [ 137.937021360000017, 36.48633141 ], [ 137.93745053, 36.48581225 ], [ 137.93834109, 36.48414644 ], [ 137.93838051000003, 36.48332533 ], [ 137.938905500000033, 36.48271839 ], [ 137.93918217, 36.48166367 ], [ 137.93916772, 36.48103061 ], [ 137.93883577, 36.48054033 ], [ 137.93739577, 36.47957478 ], [ 137.937227440000015, 36.47870644 ], [ 137.93679713, 36.47785644 ], [ 137.93444575, 36.47706339 ], [ 137.93501519, 36.47646839 ], [ 137.934950750000013, 36.47585367 ], [ 137.933026300000023, 36.47550228 ], [ 137.932967980000029, 36.47473367 ], [ 137.932428250000015, 36.47447644 ], [ 137.93191798, 36.47513172 ], [ 137.931372970000012, 36.47492256 ], [ 137.931117130000018, 36.47428644 ], [ 137.92893964000001, 36.47293395 ], [ 137.928201560000019, 36.47174228 ], [ 137.927213220000027, 36.47116339 ], [ 137.92634128, 36.47115533 ], [ 137.926880730000022, 36.46934756 ] ] ] } },
{ "type": "Feature", "properties": { "kouiki": "北信", "area_km2": 1009.24, "chiiki": "北信" }, "geometry": { "type": "Polygon", "coordinates": [ [ [ 138.530183500000021, 36.6661142 ], [ 138.529436280000027, 36.66577725 ], [ 138.528068780000012, 36.66583225 ], [ 138.52679519, 36.66642613 ], [ 138.52545713, 36.66596087 ], [ 138.524905470000022, 36.66609669 ], [ 138.52328492, 36.66724389 ], [ 138.52239022, 36.66761 ], [ 138.52184022, 36.66817833 ], [ 138.520524670000015, 36.668985 ], [ 138.51950803, 36.66867611 ], [ 138.518226640000023, 36.66885111 ], [ 138.516976910000011, 36.66846833 ], [ 138.515319690000013, 36.66854525 ], [ 138.513801390000026, 36.66757164 ], [ 138.5133725, 36.66760913 ], [ 138.512576390000021, 36.66831275 ], [ 138.510116420000031, 36.66986775 ], [ 138.508569750000021, 36.67053331 ], [ 138.50726058, 36.67024303 ], [ 138.50590922, 36.67069217 ], [ 138.504880900000018, 36.67065828 ], [ 138.50501645, 36.67155384 ], [ 138.504672280000023, 36.67200884 ], [ 138.503662870000028, 36.6721555 ], [ 138.50290148000002, 36.67273077 ], [ 138.50162425000002, 36.67302384 ], [ 138.500823990000015, 36.67372578 ], [ 138.500421780000011, 36.67444189 ], [ 138.50063789, 36.67494828 ], [ 138.499494840000011, 36.67543687 ], [ 138.49826484, 36.67487659 ], [ 138.49581458000003, 36.67484575 ], [ 138.49353406, 36.67583992 ], [ 138.492749050000015, 36.67642214 ], [ 138.49251795, 36.67688408 ], [ 138.491482390000016, 36.67693687 ], [ 138.48817241, 36.6773085 ], [ 138.487822970000025, 36.677291 ], [ 138.48637686, 36.67659489 ], [ 138.48566908, 36.67640267 ], [ 138.483556280000016, 36.67673989 ], [ 138.481252940000019, 36.67656461 ], [ 138.480096840000016, 36.67692628 ], [ 138.477711280000022, 36.67708905 ], [ 138.476374330000027, 36.67732905 ], [ 138.475577390000012, 36.67674184 ], [ 138.47409153000001, 36.67620323 ], [ 138.472650969999989, 36.67679295 ], [ 138.47186847, 36.67733795 ], [ 138.471191530000027, 36.67849072 ], [ 138.470642090000013, 36.68027017 ], [ 138.470702090000032, 36.68090711 ], [ 138.471631280000025, 36.68197461 ], [ 138.471666280000022, 36.68296461 ], [ 138.47111684, 36.68434322 ], [ 138.470479340000026, 36.68522795 ], [ 138.46941847, 36.68602656 ], [ 138.46874209, 36.68627767 ], [ 138.46660737000002, 36.68566405 ], [ 138.465881240000016, 36.68566044 ], [ 138.46522791000001, 36.68593239 ], [ 138.46374764, 36.68690544 ], [ 138.462697640000016, 36.68801569 ], [ 138.461516250000017, 36.6883732 ], [ 138.460078470000013, 36.68836264 ], [ 138.458454030000013, 36.68880959 ], [ 138.456139, 36.68930959 ], [ 138.45532789, 36.68964569 ], [ 138.454619560000026, 36.68962792 ], [ 138.45314733, 36.69001403 ], [ 138.451551500000022, 36.68975208 ], [ 138.450166500000023, 36.68984403 ], [ 138.44937678, 36.69013431 ], [ 138.44840761, 36.68989125 ], [ 138.447893990000011, 36.68995847 ], [ 138.446714550000024, 36.69063097 ], [ 138.444774530000018, 36.69088764 ], [ 138.444005910000016, 36.69115625 ], [ 138.442721190000015, 36.6923968 ], [ 138.44232119000003, 36.69241459 ], [ 138.44048508, 36.69197792 ], [ 138.4398262, 36.69206987 ], [ 138.438057300000025, 36.69302764 ], [ 138.43647175000001, 36.69325903 ], [ 138.435965360000012, 36.69357041 ], [ 138.43514314, 36.69485014 ], [ 138.43484759, 36.69633541 ], [ 138.43410008, 36.69673875 ], [ 138.4328837, 36.69687292 ], [ 138.432348970000021, 36.69669959 ], [ 138.431479530000018, 36.69582792 ], [ 138.431029810000013, 36.69559097 ], [ 138.42949981000001, 36.69554125 ], [ 138.42854144, 36.69579292 ], [ 138.42701756, 36.6968632 ], [ 138.42513506, 36.69801569 ], [ 138.424582550000025, 36.69821764 ], [ 138.423000610000031, 36.69755041 ], [ 138.422083390000012, 36.69729541 ], [ 138.42119089000002, 36.69729208 ], [ 138.419595890000011, 36.69760597 ], [ 138.41880839, 36.69742403 ], [ 138.41684394, 36.69648764 ], [ 138.4147728, 36.6970368 ], [ 138.41369642, 36.69692013 ], [ 138.41222061000002, 36.69720459 ], [ 138.411383640000025, 36.69717625 ], [ 138.409974190000014, 36.69784487 ], [ 138.4089128, 36.69802208 ], [ 138.407821970000015, 36.69794431 ], [ 138.406778910000014, 36.69823903 ], [ 138.405699200000015, 36.69909013 ], [ 138.40391141, 36.69886431 ], [ 138.40305752, 36.69846013 ], [ 138.40142197000003, 36.69829459 ], [ 138.400225580000011, 36.6974182 ], [ 138.399159170000019, 36.69684959 ], [ 138.39717, 36.6969482 ], [ 138.39578222, 36.6964968 ], [ 138.395016670000018, 36.69603708 ], [ 138.393528050000015, 36.69689041 ], [ 138.391910270000011, 36.69678156 ], [ 138.391228610000013, 36.69712211 ], [ 138.38922722, 36.69741684 ], [ 138.388331670000014, 36.69764739 ], [ 138.38749805, 36.69739851 ], [ 138.386562500000025, 36.69757351 ], [ 138.38519, 36.69752295 ], [ 138.38472056, 36.69763961 ], [ 138.383988610000017, 36.698571 ], [ 138.382785010000021, 36.69922184 ], [ 138.38156722, 36.69951905 ], [ 138.38017056000001, 36.69960544 ], [ 138.378661360000024, 36.69925017 ], [ 138.377365810000015, 36.69962156 ], [ 138.3759383, 36.70017739 ], [ 138.37474803, 36.70095351 ], [ 138.37407192, 36.70108905 ], [ 138.37330302, 36.70170989 ], [ 138.37234275, 36.70206184 ], [ 138.37094636, 36.70302739 ], [ 138.37021414000003, 36.70326323 ], [ 138.36912691, 36.70389351 ], [ 138.36821691, 36.70421239 ], [ 138.36691192, 36.70388517 ], [ 138.36517803000001, 36.70390739 ], [ 138.36459442, 36.70369044 ], [ 138.36397248, 36.70307961 ], [ 138.362839690000015, 36.70248017 ], [ 138.36264553, 36.70149989 ], [ 138.36138109, 36.70112684 ], [ 138.36076691, 36.7006485 ], [ 138.360608560000031, 36.70018851 ], [ 138.36078078, 36.69934128 ], [ 138.359980510000014, 36.69907405 ], [ 138.35798189, 36.69775295 ], [ 138.357409100000012, 36.69752767 ], [ 138.357250510000028, 36.69712933 ], [ 138.356084940000017, 36.69609936 ], [ 138.35586852, 36.69573325 ], [ 138.356129360000011, 36.69490269 ], [ 138.35297881, 36.69556853 ], [ 138.35192852, 36.6953302 ], [ 138.35061798000001, 36.69571964 ], [ 138.349873800000012, 36.69641936 ], [ 138.34826436000003, 36.69670659 ], [ 138.348343530000022, 36.69785436 ], [ 138.34755992, 36.69910992 ], [ 138.346326060000024, 36.7003038 ], [ 138.344973, 36.70229603 ], [ 138.34421745, 36.7028502 ], [ 138.34369161, 36.70375047 ], [ 138.34248051000003, 36.70490131 ], [ 138.34062581, 36.70741992 ], [ 138.340254690000023, 36.70762408 ], [ 138.33951747, 36.7074702 ], [ 138.338579970000012, 36.70847964 ], [ 138.33851691000001, 36.70968492 ], [ 138.340361090000016, 36.7104452 ], [ 138.341707470000017, 36.71172184 ], [ 138.34264306, 36.71277128 ], [ 138.343121390000022, 36.71358072 ], [ 138.34373861, 36.71564156 ], [ 138.34091, 36.71668851 ], [ 138.339915280000014, 36.71721489 ], [ 138.339386110000021, 36.71770905 ], [ 138.33793531, 36.71859295 ], [ 138.337406140000013, 36.71915684 ], [ 138.337606980000032, 36.72039017 ], [ 138.337408910000022, 36.7211835 ], [ 138.33648614, 36.72219544 ], [ 138.335516980000023, 36.72265711 ], [ 138.33565864000002, 36.72289489 ], [ 138.334705620000022, 36.72402017 ], [ 138.33353811, 36.72402933 ], [ 138.33173394, 36.724566 ], [ 138.331266450000015, 36.72494044 ], [ 138.33021616000002, 36.72439797 ], [ 138.329223110000015, 36.72469741 ], [ 138.32840920000001, 36.72419103 ], [ 138.327708950000016, 36.72434687 ], [ 138.327247810000017, 36.72401269 ], [ 138.326357280000025, 36.72447159 ], [ 138.326103640000014, 36.72349964 ], [ 138.325582240000017, 36.72248908 ], [ 138.324445030000021, 36.72281436 ], [ 138.32372031, 36.7221688 ], [ 138.32289058, 36.72246436 ], [ 138.323372800000016, 36.72273547 ], [ 138.322920860000011, 36.7229438 ], [ 138.3219128, 36.72247353 ], [ 138.32129752, 36.72358687 ], [ 138.32046503, 36.72379241 ], [ 138.320386420000034, 36.72406353 ], [ 138.31923114, 36.72393603 ], [ 138.319043920000013, 36.72455853 ], [ 138.318238370000017, 36.72460575 ], [ 138.31749947000003, 36.72399936 ], [ 138.316355860000016, 36.72397241 ], [ 138.314102240000011, 36.72260297 ], [ 138.31396558, 36.72190241 ], [ 138.312841670000012, 36.72188741 ], [ 138.31280501, 36.72077408 ], [ 138.31126361, 36.72069269 ], [ 138.310970270000013, 36.72089436 ], [ 138.310391110000012, 36.72170575 ], [ 138.31019501, 36.72241575 ], [ 138.30956197, 36.7232952 ], [ 138.308391140000026, 36.72380964 ], [ 138.308330580000018, 36.72569075 ], [ 138.308378690000012, 36.73154103 ], [ 138.30839097, 36.73908631 ], [ 138.30898514, 36.74064797 ], [ 138.30978375, 36.74156964 ], [ 138.310924030000024, 36.74248436 ], [ 138.31152294, 36.7427602 ], [ 138.31069267, 36.74328075 ], [ 138.309247950000014, 36.7434702 ], [ 138.306849340000014, 36.74464631 ], [ 138.305636, 36.74557797 ], [ 138.30488766000002, 36.74583659 ], [ 138.30291655, 36.74565825 ], [ 138.29843489000001, 36.74490659 ], [ 138.297387110000017, 36.74410853 ], [ 138.29641017000003, 36.74402992 ], [ 138.29542156, 36.74428492 ], [ 138.294556280000023, 36.74482631 ], [ 138.29410601, 36.74587269 ], [ 138.294294330000014, 36.74665659 ], [ 138.296145470000027, 36.74865547 ], [ 138.29659214, 36.74935964 ], [ 138.297796590000019, 36.75028659 ], [ 138.297729100000026, 36.75071103 ], [ 138.29703856, 36.75138964 ], [ 138.295402440000032, 36.75200686 ], [ 138.29415966000002, 36.75279103 ], [ 138.293938560000015, 36.75307797 ], [ 138.294413, 36.75437464 ], [ 138.29496189, 36.7546738 ], [ 138.295859660000019, 36.75450769 ], [ 138.29692803, 36.75478797 ], [ 138.29801942, 36.75471241 ], [ 138.2987783, 36.75503103 ], [ 138.299989690000018, 36.75594353 ], [ 138.30066553, 36.7567052 ], [ 138.30056608000001, 36.75711297 ], [ 138.30078805, 36.75866603 ], [ 138.30018694, 36.75988714 ], [ 138.30044, 36.76063159 ], [ 138.302975010000011, 36.76145436 ], [ 138.30336781, 36.7624852 ], [ 138.304255860000012, 36.76407936 ], [ 138.303833090000012, 36.7645088 ], [ 138.302608640000017, 36.76508159 ], [ 138.301914770000025, 36.76667325 ], [ 138.300773390000018, 36.76827408 ], [ 138.30120034, 36.77002464 ], [ 138.300603110000026, 36.77110103 ], [ 138.29994144, 36.77174159 ], [ 138.30004506, 36.77252992 ], [ 138.299882, 36.77314964 ], [ 138.30007283, 36.7735338 ], [ 138.30193839, 36.77496741 ], [ 138.302181170000011, 36.77551464 ], [ 138.30154008, 36.77852992 ], [ 138.30103786, 36.77934714 ], [ 138.301172870000016, 36.78040156 ], [ 138.30296508, 36.78157461 ], [ 138.30271231, 36.78221351 ], [ 138.30101647, 36.78401489 ], [ 138.30099564, 36.78461989 ], [ 138.300562870000022, 36.78514267 ], [ 138.30071397, 36.78591323 ], [ 138.30122674, 36.78639795 ], [ 138.299604250000016, 36.78795628 ], [ 138.298219530000011, 36.78836544 ], [ 138.295618420000011, 36.78953405 ], [ 138.293714530000017, 36.79021017 ], [ 138.29296258, 36.78934128 ], [ 138.292097860000013, 36.78925323 ], [ 138.291605910000015, 36.78878239 ], [ 138.29066674, 36.78872017 ], [ 138.28992703, 36.78959184 ], [ 138.289150920000026, 36.78946017 ], [ 138.28774564, 36.78970711 ], [ 138.286239810000012, 36.7894085 ], [ 138.285009800000012, 36.78980961 ], [ 138.284374250000013, 36.78984961 ], [ 138.282849810000016, 36.79039072 ], [ 138.28134953, 36.79048075 ], [ 138.279858420000011, 36.79006408 ], [ 138.279706230000016, 36.79189103 ], [ 138.2799765, 36.79239547 ], [ 138.28264372000001, 36.79384517 ], [ 138.28303538000003, 36.79416017 ], [ 138.282460120000025, 36.79497961 ], [ 138.281224550000019, 36.79601989 ], [ 138.279406780000016, 36.79677711 ], [ 138.27917095, 36.79767684 ], [ 138.279099, 36.79930323 ], [ 138.27922372, 36.80031961 ], [ 138.27979567, 36.80060877 ], [ 138.28057236, 36.8017435 ], [ 138.280558470000017, 36.80220711 ], [ 138.27962542, 36.80333877 ], [ 138.28077737000001, 36.80472905 ], [ 138.280517370000013, 36.80543877 ], [ 138.2797018, 36.80630378 ], [ 138.279341530000011, 36.80721405 ], [ 138.27848445, 36.80773 ], [ 138.277530830000018, 36.80729277 ], [ 138.27630973, 36.80788375 ], [ 138.275066110000012, 36.80809844 ], [ 138.27473501, 36.80831244 ], [ 138.27501472, 36.80892205 ], [ 138.274221950000026, 36.80906353 ], [ 138.273960270000032, 36.80958923 ], [ 138.274410830000022, 36.81009564 ], [ 138.27416667, 36.81057164 ], [ 138.2749575, 36.81129789 ], [ 138.27422805, 36.811313 ], [ 138.274401110000014, 36.81207608 ], [ 138.27479888000002, 36.81188611 ], [ 138.276247780000034, 36.81275764 ], [ 138.27548667, 36.81328989 ], [ 138.27567056, 36.81374647 ], [ 138.27652667000001, 36.81405236 ], [ 138.277527500000019, 36.81502869 ], [ 138.27787555, 36.81512225 ], [ 138.278414450000014, 36.81470525 ], [ 138.279334450000022, 36.81457953 ], [ 138.280352500000021, 36.81546156 ], [ 138.28163805, 36.81543375 ], [ 138.282935010000017, 36.81588089 ], [ 138.28253, 36.81627405 ], [ 138.281885010000025, 36.81637144 ], [ 138.28134416, 36.81602208 ], [ 138.281003890000022, 36.81667995 ], [ 138.281104160000012, 36.81740078 ], [ 138.28043722000001, 36.81768317 ], [ 138.279555840000029, 36.8188172 ], [ 138.27950722, 36.81982041 ], [ 138.279961110000016, 36.81957505 ], [ 138.280690830000026, 36.82001292 ], [ 138.281475840000013, 36.82015814 ], [ 138.28198973, 36.82063795 ], [ 138.281477780000017, 36.82106617 ], [ 138.279711850000012, 36.82328851 ], [ 138.27930659, 36.82407433 ], [ 138.279060470000019, 36.82545517 ], [ 138.2789727, 36.82691405 ], [ 138.278639920000018, 36.82729822 ], [ 138.2775727, 36.82754072 ], [ 138.27618798, 36.82827961 ], [ 138.2761327, 36.82880239 ], [ 138.27704105, 36.83315211 ], [ 138.276944110000017, 36.83405711 ], [ 138.276226330000014, 36.83511544 ], [ 138.27594910000002, 36.83640156 ], [ 138.275736610000024, 36.83673433 ], [ 138.274458560000028, 36.83730877 ], [ 138.274259100000023, 36.83795544 ], [ 138.27472803, 36.839726 ], [ 138.274901630000016, 36.84085433 ], [ 138.27569553, 36.84144013 ], [ 138.27658109, 36.84233847 ], [ 138.27937997, 36.84265959 ], [ 138.280339140000024, 36.84306764 ], [ 138.282604110000023, 36.84425264 ], [ 138.28394523, 36.84455208 ], [ 138.28510411000002, 36.84494708 ], [ 138.28574161, 36.84541569 ], [ 138.287612440000032, 36.84570653 ], [ 138.287872720000024, 36.84655708 ], [ 138.28880995, 36.84712569 ], [ 138.289100780000012, 36.84805013 ], [ 138.289578, 36.84883987 ], [ 138.28926966, 36.84952125 ], [ 138.288827450000014, 36.84984236 ], [ 138.288749420000016, 36.85102264 ], [ 138.289959970000012, 36.85291459 ], [ 138.290419970000016, 36.85287569 ], [ 138.291496060000014, 36.85156069 ], [ 138.291978, 36.8520382 ], [ 138.292125500000026, 36.85303625 ], [ 138.29192581, 36.85408653 ], [ 138.295610220000015, 36.85508931 ], [ 138.29605745, 36.85558375 ], [ 138.296165770000016, 36.85639097 ], [ 138.29611386000002, 36.85767541 ], [ 138.296235250000024, 36.85825292 ], [ 138.29529331, 36.85987153 ], [ 138.295032750000018, 36.8607568 ], [ 138.293522750000022, 36.86167264 ], [ 138.29239886000002, 36.86201069 ], [ 138.29191302000001, 36.86296569 ], [ 138.29228167, 36.86377736 ], [ 138.292368340000024, 36.86449736 ], [ 138.291270560000015, 36.86484041 ], [ 138.290728050000013, 36.86579959 ], [ 138.28998139, 36.86658931 ], [ 138.2896125, 36.86767013 ], [ 138.28856694000001, 36.86844236 ], [ 138.288575550000019, 36.86921931 ], [ 138.289286980000014, 36.8713632 ], [ 138.29002503000001, 36.871849 ], [ 138.29161306, 36.8724915 ], [ 138.29301501, 36.8728865 ], [ 138.29333195000001, 36.87330705 ], [ 138.29299336, 36.87627539 ], [ 138.292997520000029, 36.87812428 ], [ 138.29430808, 36.88042011 ], [ 138.295353920000025, 36.88150928 ], [ 138.297584480000012, 36.88332344 ], [ 138.298695580000015, 36.88491177 ], [ 138.299368080000022, 36.88672123 ], [ 138.29923808, 36.88712067 ], [ 138.29850031, 36.88705539 ], [ 138.297298110000014, 36.88725067 ], [ 138.29610477, 36.88787122 ], [ 138.2952845, 36.88848761 ], [ 138.29496756, 36.8893165 ], [ 138.294364230000014, 36.89003705 ], [ 138.29455536, 36.89303984 ], [ 138.294481750000017, 36.89335233 ], [ 138.29332703, 36.89475844 ], [ 138.29260703, 36.89530511 ], [ 138.29084925, 36.89615177 ], [ 138.290289270000017, 36.89681123 ], [ 138.290705670000023, 36.89822595 ], [ 138.291257060000021, 36.89892011 ], [ 138.29196983, 36.89924897 ], [ 138.292537330000016, 36.9002048 ], [ 138.29403872, 36.90092508 ], [ 138.29437733, 36.90132453 ], [ 138.294845940000016, 36.9028998 ], [ 138.294715670000016, 36.90371147 ], [ 138.294854550000025, 36.90568175 ], [ 138.294845970000011, 36.90760425 ], [ 138.295557640000027, 36.90889341 ], [ 138.29632569, 36.91082008 ], [ 138.29784042, 36.91248675 ], [ 138.29842625, 36.91286869 ], [ 138.29959348, 36.9132812 ], [ 138.300001530000031, 36.91358925 ], [ 138.30052652, 36.91452647 ], [ 138.30147681, 36.91510787 ], [ 138.30214958000002, 36.91529008 ], [ 138.30360737, 36.91644064 ], [ 138.305147910000017, 36.91733036 ], [ 138.30611153000001, 36.91800731 ], [ 138.307409030000031, 36.91937008 ], [ 138.30807708, 36.9193612 ], [ 138.309031530000027, 36.92032397 ], [ 138.31117706, 36.92067397 ], [ 138.31178927, 36.92106564 ], [ 138.31357234, 36.92174064 ], [ 138.31456817, 36.9217698 ], [ 138.315392890000027, 36.9225112 ], [ 138.31569289, 36.9235112 ], [ 138.316334550000022, 36.9244112 ], [ 138.31756983, 36.92518505 ], [ 138.318520390000032, 36.92506339 ], [ 138.319592050000011, 36.92472064 ], [ 138.321032890000026, 36.925172 ], [ 138.322477890000016, 36.92590561 ], [ 138.323037890000023, 36.92605311 ], [ 138.324669530000023, 36.92570117 ], [ 138.326400920000026, 36.92580089 ], [ 138.32819759, 36.92654728 ], [ 138.32932148, 36.92688172 ], [ 138.332398110000014, 36.92635172 ], [ 138.333361720000028, 36.92601756 ], [ 138.33441172000002, 36.92543589 ], [ 138.335153670000011, 36.925232 ], [ 138.336711700000023, 36.92518478 ], [ 138.337597250000016, 36.92488536 ], [ 138.33846086, 36.92330536 ], [ 138.339454750000016, 36.92233341 ], [ 138.34217584000001, 36.9217648 ], [ 138.34320445, 36.92079675 ], [ 138.344380270000016, 36.92194286 ], [ 138.3455175, 36.92341813 ], [ 138.346358880000025, 36.92538867 ], [ 138.34794722, 36.92735033 ], [ 138.34896722, 36.92900811 ], [ 138.350051950000022, 36.92954228 ], [ 138.351766670000018, 36.92926005 ], [ 138.352855550000015, 36.92972451 ], [ 138.35425722, 36.93113061 ], [ 138.35539, 36.93289256 ], [ 138.356461670000016, 36.93279284 ], [ 138.35733861, 36.93330478 ], [ 138.357711670000015, 36.93384728 ], [ 138.35790445, 36.93601339 ], [ 138.35818611000002, 36.93721089 ], [ 138.35938808, 36.93919005 ], [ 138.359713640000024, 36.93998005 ], [ 138.360954470000024, 36.9411695 ], [ 138.36209614, 36.94152089 ], [ 138.36259114, 36.94228477 ], [ 138.363159470000028, 36.94260589 ], [ 138.364521700000012, 36.94427672 ], [ 138.364803920000014, 36.94530947 ], [ 138.363506450000017, 36.94622531 ], [ 138.36355423, 36.94678059 ], [ 138.364257, 36.9483692 ], [ 138.364847280000021, 36.95050003 ], [ 138.36440898, 36.95184975 ], [ 138.363762310000027, 36.95254003 ], [ 138.363783970000014, 36.95337308 ], [ 138.365476500000028, 36.95469669 ], [ 138.36628815, 36.9551092 ], [ 138.368015380000031, 36.95693195 ], [ 138.36819761000001, 36.95727889 ], [ 138.36735983, 36.95882861 ], [ 138.367325420000014, 36.95973944 ], [ 138.369139030000014, 36.96280833 ], [ 138.36923044, 36.96359361 ], [ 138.369516840000017, 36.96401028 ], [ 138.37083156, 36.96505195 ], [ 138.37185795000002, 36.96543028 ], [ 138.37195739, 36.96582333 ], [ 138.3726835, 36.96637195 ], [ 138.3731635, 36.96747053 ], [ 138.374445720000011, 36.96842553 ], [ 138.37515603, 36.97028136 ], [ 138.375939640000013, 36.97123275 ], [ 138.3758702, 36.97208525 ], [ 138.376984670000013, 36.97290387 ], [ 138.37864769, 36.97303859 ], [ 138.37961464, 36.97357192 ], [ 138.38037411000002, 36.97479717 ], [ 138.38149217, 36.97560356 ], [ 138.382274380000013, 36.97642105 ], [ 138.380821630000014, 36.97781605 ], [ 138.380239690000025, 36.97803522 ], [ 138.37872694, 36.98055022 ], [ 138.37957112, 36.98086633 ], [ 138.38044222, 36.98153078 ], [ 138.381766390000024, 36.98205964 ], [ 138.38252614000001, 36.98256408 ], [ 138.38419586, 36.98308159 ], [ 138.384718910000032, 36.98363936 ], [ 138.38729336, 36.98519269 ], [ 138.389035330000013, 36.9865238 ], [ 138.3894245, 36.98731241 ], [ 138.39066255000003, 36.98845405 ], [ 138.39093811, 36.98905823 ], [ 138.39083341, 36.98997072 ], [ 138.390282580000019, 36.99078295 ], [ 138.39040674, 36.99139128 ], [ 138.3919165, 36.99283628 ], [ 138.393331780000011, 36.993336 ], [ 138.39454372, 36.99420514 ], [ 138.393829860000011, 36.99511903 ], [ 138.394136520000018, 36.99629931 ], [ 138.39468156, 36.99717541 ], [ 138.39629514, 36.99634625 ], [ 138.397629030000019, 36.99662514 ], [ 138.399531560000014, 36.99721459 ], [ 138.400429050000014, 36.99785569 ], [ 138.402115720000012, 36.99797208 ], [ 138.40354961, 36.99764597 ], [ 138.405181, 36.99825122 ], [ 138.406856280000028, 36.99800347 ], [ 138.40845239, 36.99877123 ], [ 138.409235720000027, 36.99846567 ], [ 138.41041655, 36.99841872 ], [ 138.411041, 36.99865511 ], [ 138.411635750000016, 37.0007815 ], [ 138.411895500000014, 37.00203177 ], [ 138.412248560000023, 37.00242705 ], [ 138.41281856, 37.00253536 ], [ 138.41379828, 37.00205261 ], [ 138.41571772, 37.00273814 ], [ 138.41698022, 37.00280453 ], [ 138.417758, 37.00313564 ], [ 138.419688300000018, 37.00333008 ], [ 138.4213272, 37.00405231 ], [ 138.422557500000011, 37.00530231 ], [ 138.42417667, 37.00545508 ], [ 138.425648880000011, 37.00572731 ], [ 138.427281970000024, 37.00625756 ], [ 138.42822086000001, 37.00634951 ], [ 138.430684470000017, 37.00603839 ], [ 138.43137891, 37.00607728 ], [ 138.433167560000015, 37.00708284 ], [ 138.43538949, 37.00761867 ], [ 138.435842310000027, 37.00786033 ], [ 138.437069800000017, 37.00904089 ], [ 138.43766428, 37.00988808 ], [ 138.43935567, 37.01006308 ], [ 138.439705690000011, 37.01027975 ], [ 138.440547370000019, 37.01140447 ], [ 138.441799880000019, 37.01211836 ], [ 138.44264992, 37.01302361 ], [ 138.44388297, 37.01328472 ], [ 138.445752410000011, 37.01337361 ], [ 138.447310510000023, 37.01417639 ], [ 138.449571360000022, 37.01473751 ], [ 138.45094361, 37.01499584 ], [ 138.451885010000012, 37.01595108 ], [ 138.453554470000029, 37.01659831 ], [ 138.454512550000032, 37.01744275 ], [ 138.45513205, 37.01961467 ], [ 138.457512330000014, 37.01967856 ], [ 138.458951220000017, 37.019348 ], [ 138.460895380000011, 37.01852605 ], [ 138.4621093, 37.01835939 ], [ 138.46327014000002, 37.01842884 ], [ 138.46447569, 37.01866495 ], [ 138.46636988, 37.01853164 ], [ 138.46697545, 37.01809553 ], [ 138.46800572, 37.01782887 ], [ 138.46922516, 37.01792053 ], [ 138.470655470000025, 37.01836775 ], [ 138.473263550000013, 37.01850941 ], [ 138.475107760000014, 37.01969272 ], [ 138.476038340000031, 37.02002887 ], [ 138.47828805, 37.0201622 ], [ 138.47948224000001, 37.02081775 ], [ 138.481412550000016, 37.02155387 ], [ 138.4822709, 37.02100111 ], [ 138.48260975, 37.01982889 ], [ 138.48515672000002, 37.02018447 ], [ 138.486103970000016, 37.02048447 ], [ 138.486831750000022, 37.0204178 ], [ 138.488003970000022, 37.02005978 ], [ 138.489806470000019, 37.02025425 ], [ 138.490570360000021, 37.01989872 ], [ 138.49172314, 37.02045987 ], [ 138.493281530000019, 37.0221682 ], [ 138.493731240000017, 37.02290959 ], [ 138.494572940000012, 37.02349292 ], [ 138.496844940000017, 37.02554295 ], [ 138.497438280000011, 37.02644544 ], [ 138.499328280000015, 37.02641078 ], [ 138.500695230000019, 37.02592584 ], [ 138.501434640000014, 37.02506669 ], [ 138.502796890000013, 37.025312 ], [ 138.50362272000001, 37.02594397 ], [ 138.50429745, 37.02608567 ], [ 138.504975500000029, 37.02593761 ], [ 138.50571134, 37.02607959 ], [ 138.506098560000027, 37.02645987 ], [ 138.506902440000033, 37.02625405 ], [ 138.50787717, 37.02638964 ], [ 138.50849689, 37.02666689 ], [ 138.50929747, 37.02760859 ], [ 138.51019886, 37.02714056 ], [ 138.51074109000001, 37.0271728 ], [ 138.51208358, 37.02783089 ], [ 138.512793860000016, 37.02779869 ], [ 138.513374700000014, 37.02845008 ], [ 138.513680830000027, 37.02940869 ], [ 138.514087500000016, 37.02968623 ], [ 138.51594, 37.02924767 ], [ 138.518391630000025, 37.02824775 ], [ 138.519859140000023, 37.02782586 ], [ 138.520745550000015, 37.02940311 ], [ 138.52173306, 37.0298998 ], [ 138.523411410000023, 37.03042233 ], [ 138.524667810000011, 37.03037795 ], [ 138.525907250000017, 37.02983603 ], [ 138.526523060000017, 37.02824605 ], [ 138.526445810000013, 37.02723995 ], [ 138.52667803, 37.02684803 ], [ 138.527684670000014, 37.02607417 ], [ 138.52823995, 37.02513892 ], [ 138.52875633, 37.02477141 ], [ 138.531026860000026, 37.023819 ], [ 138.532020730000028, 37.02285153 ], [ 138.53401294, 37.02189384 ], [ 138.535194330000024, 37.02152025 ], [ 138.53651097, 37.02092667 ], [ 138.53752795, 37.02109895 ], [ 138.538625140000022, 37.0206862 ], [ 138.53921263, 37.02064092 ], [ 138.540129050000019, 37.02088622 ], [ 138.541010730000011, 37.02193153 ], [ 138.54416075, 37.02174497 ], [ 138.546133770000012, 37.02137059 ], [ 138.548506590000017, 37.0211898 ], [ 138.54933936, 37.02142205 ], [ 138.549855470000011, 37.02191875 ], [ 138.55074633000001, 37.02238961 ], [ 138.55123995, 37.02298544 ], [ 138.55253747, 37.02362408 ], [ 138.55364136, 37.02340467 ], [ 138.554795500000012, 37.02279833 ], [ 138.55551828, 37.02268222 ], [ 138.55850053, 37.0232112 ], [ 138.559842190000012, 37.02304403 ], [ 138.56085553, 37.02259933 ], [ 138.56166248, 37.02248964 ], [ 138.5624908, 37.02203075 ], [ 138.563700220000015, 37.02076411 ], [ 138.56401022, 37.02073192 ], [ 138.56588886, 37.02126056 ], [ 138.56617272, 37.02066753 ], [ 138.567517980000019, 37.01880811 ], [ 138.567984060000015, 37.01734589 ], [ 138.56956764, 37.01613817 ], [ 138.569800120000025, 37.01546095 ], [ 138.56932842, 37.01395536 ], [ 138.56943783, 37.01295175 ], [ 138.570478340000022, 37.01068428 ], [ 138.571026640000014, 37.00890069 ], [ 138.570484360000023, 37.00682733 ], [ 138.570987660000014, 37.00540375 ], [ 138.571684620000013, 37.00535208 ], [ 138.572933480000017, 37.00491961 ], [ 138.573237080000013, 37.00453905 ], [ 138.573553990000022, 37.00305741 ], [ 138.574024770000022, 37.00169241 ], [ 138.57445278000003, 36.99963714 ], [ 138.575251630000025, 36.99818828 ], [ 138.575664110000019, 36.99662439 ], [ 138.576391020000017, 36.99561661 ], [ 138.577077130000021, 36.99507108 ], [ 138.579507080000013, 36.9936578 ], [ 138.580310140000023, 36.99342225 ], [ 138.58123623, 36.99289839 ], [ 138.58266703000001, 36.99123508 ], [ 138.584121720000013, 36.99022761 ], [ 138.58490642000001, 36.98907928 ], [ 138.585348880000026, 36.98874456 ], [ 138.58628694, 36.98854375 ], [ 138.586757780000028, 36.98786513 ], [ 138.586301920000011, 36.98688736 ], [ 138.58634214, 36.98494705 ], [ 138.586771309999989, 36.98415514 ], [ 138.58666377, 36.98310872 ], [ 138.587375690000016, 36.98181039 ], [ 138.587351250000012, 36.98071928 ], [ 138.58713733, 36.97951759 ], [ 138.586782050000011, 36.97886759 ], [ 138.587158690000024, 36.97797897 ], [ 138.588279250000028, 36.97728592 ], [ 138.58816506, 36.97693759 ], [ 138.587031170000017, 36.97633423 ], [ 138.586930610000024, 36.97595867 ], [ 138.587320030000029, 36.97476895 ], [ 138.58713197000003, 36.97435364 ], [ 138.58613141, 36.97319667 ], [ 138.585796980000026, 36.97258389 ], [ 138.58669973, 36.97120278 ], [ 138.587023890000012, 36.97048247 ], [ 138.58691747, 36.96871914 ], [ 138.586608300000023, 36.96826105 ], [ 138.58651219, 36.96743105 ], [ 138.587402170000018, 36.9658638 ], [ 138.58640939, 36.96551241 ], [ 138.58590966, 36.96497684 ], [ 138.586367170000017, 36.96372628 ], [ 138.586590200000018, 36.96272125 ], [ 138.58656326000002, 36.96176625 ], [ 138.586197420000019, 36.96127403 ], [ 138.58545769, 36.96087428 ], [ 138.585184090000013, 36.96009897 ], [ 138.58615131, 36.95947233 ], [ 138.58600684000001, 36.95844675 ], [ 138.585513500000019, 36.95741033 ], [ 138.58643655, 36.95676422 ], [ 138.586941280000019, 36.95521172 ], [ 138.586978500000015, 36.95470728 ], [ 138.58655737, 36.95403392 ], [ 138.586362630000025, 36.95299195 ], [ 138.586391240000012, 36.95164361 ], [ 138.586131780000017, 36.94947553 ], [ 138.58627372, 36.94865077 ], [ 138.585698720000011, 36.94640686 ], [ 138.585434530000015, 36.94483822 ], [ 138.585382870000018, 36.94371851 ], [ 138.58585786, 36.94156875 ], [ 138.585816740000013, 36.94113375 ], [ 138.585157, 36.93979039 ], [ 138.58496034, 36.9389412 ], [ 138.58497394, 36.93768759 ], [ 138.58467339, 36.93699867 ], [ 138.58456533, 36.9351545 ], [ 138.584775580000013, 36.9339028 ], [ 138.58451752000002, 36.93189056 ], [ 138.584099470000012, 36.93093195 ], [ 138.58311837, 36.92955469 ], [ 138.58296891, 36.92835189 ], [ 138.584261970000028, 36.92826136 ], [ 138.585691140000023, 36.92854303 ], [ 138.586271410000023, 36.92833192 ], [ 138.587009470000027, 36.9275058 ], [ 138.587158640000013, 36.92612551 ], [ 138.5882717, 36.92605525 ], [ 138.58918141, 36.92581247 ], [ 138.59077586, 36.92566303 ], [ 138.59200669, 36.9254122 ], [ 138.5917417, 36.923153 ], [ 138.590453920000016, 36.91973323 ], [ 138.589895840000025, 36.91853156 ], [ 138.589826110000018, 36.91742764 ], [ 138.589291120000013, 36.91545233 ], [ 138.58873222, 36.91471011 ], [ 138.588684450000017, 36.91411595 ], [ 138.589310830000016, 36.91391233 ], [ 138.59051722000001, 36.91432733 ], [ 138.590932220000013, 36.91415178 ], [ 138.59180805, 36.91298789 ], [ 138.592841390000018, 36.91112092 ], [ 138.593844750000017, 36.91032008 ], [ 138.594388080000016, 36.9093612 ], [ 138.59618864, 36.90711367 ], [ 138.597462800000017, 36.90708644 ], [ 138.59828475, 36.90736144 ], [ 138.60003531000001, 36.90675561 ], [ 138.600721170000014, 36.90681144 ], [ 138.6023945, 36.90751033 ], [ 138.612232580000011, 36.90854508 ], [ 138.612867060000013, 36.90854897 ], [ 138.61728122, 36.90618395 ], [ 138.62101486, 36.90408197 ], [ 138.62103903000002, 36.90375947 ], [ 138.61912817000001, 36.901695 ], [ 138.618685380000016, 36.90090695 ], [ 138.618225940000031, 36.89942889 ], [ 138.617737330000011, 36.89720913 ], [ 138.61773567, 36.89530161 ], [ 138.61784122, 36.89482884 ], [ 138.61775372, 36.89319551 ], [ 138.61781234, 36.89188436 ], [ 138.61835122, 36.89119492 ], [ 138.61910178, 36.89076825 ], [ 138.619849, 36.89006464 ], [ 138.619892610000022, 36.88967156 ], [ 138.6212007, 36.88941656 ], [ 138.62205986, 36.88804628 ], [ 138.62212292000001, 36.88701989 ], [ 138.62257625, 36.8860082 ], [ 138.62342153000003, 36.88466431 ], [ 138.624413190000013, 36.88367792 ], [ 138.62516431, 36.88260344 ], [ 138.62651073, 36.88204761 ], [ 138.626959050000011, 36.88248261 ], [ 138.628111830000023, 36.88315623 ], [ 138.630579610000012, 36.88307539 ], [ 138.63187156, 36.88332205 ], [ 138.632894890000017, 36.88316095 ], [ 138.634061280000026, 36.88342539 ], [ 138.635546550000015, 36.88342567 ], [ 138.635690170000032, 36.88311623 ], [ 138.63524905, 36.88216233 ], [ 138.635274330000016, 36.88129928 ], [ 138.634888220000022, 36.88066733 ], [ 138.635112670000012, 36.87980647 ], [ 138.63614934, 36.88043425 ], [ 138.638023770000018, 36.88020841 ], [ 138.639141, 36.87938341 ], [ 138.640534090000017, 36.87899147 ], [ 138.640910750000018, 36.87857897 ], [ 138.64104214, 36.87728008 ], [ 138.641806300000013, 36.87564533 ], [ 138.64287436, 36.87550644 ], [ 138.64470936, 36.87482951 ], [ 138.648006590000023, 36.87458172 ], [ 138.64969353, 36.87475672 ], [ 138.650972140000022, 36.87442061 ], [ 138.6517327, 36.87364172 ], [ 138.651665160000022, 36.87278561 ], [ 138.65217239, 36.87219392 ], [ 138.65261684, 36.87128141 ], [ 138.653631, 36.87121864 ], [ 138.654283220000025, 36.87052475 ], [ 138.655454330000026, 36.87004531 ], [ 138.656329340000013, 36.87000059 ], [ 138.657395160000021, 36.86931253 ], [ 138.65688377, 36.86846975 ], [ 138.657356280000016, 36.86804613 ], [ 138.6586035, 36.86823892 ], [ 138.65930795, 36.86800613 ], [ 138.660267950000019, 36.86826613 ], [ 138.661020730000018, 36.86801503 ], [ 138.6624835, 36.86793447 ], [ 138.664111830000024, 36.86718864 ], [ 138.665466830000014, 36.86682556 ], [ 138.665745160000029, 36.86659667 ], [ 138.666705450000023, 36.86661472 ], [ 138.667422940000023, 36.86695084 ], [ 138.66791211, 36.86665084 ], [ 138.669419340000019, 36.86660056 ], [ 138.669823220000012, 36.86686528 ], [ 138.670904330000013, 36.86685167 ], [ 138.67201183, 36.86632251 ], [ 138.672765450000014, 36.86650639 ], [ 138.67377044, 36.86713389 ], [ 138.674712670000019, 36.86684251 ], [ 138.676498220000013, 36.86725084 ], [ 138.676996010000011, 36.86677111 ], [ 138.678373500000021, 36.86657389 ], [ 138.678965450000021, 36.86577861 ], [ 138.679876550000017, 36.86580111 ], [ 138.681657660000013, 36.86534831 ], [ 138.68204795, 36.8647922 ], [ 138.683792110000013, 36.86326025 ], [ 138.684586280000019, 36.86330525 ], [ 138.68541044, 36.86260803 ], [ 138.686998500000016, 36.86282775 ], [ 138.68689988, 36.86197192 ], [ 138.687418220000012, 36.8612508 ], [ 138.68845044, 36.86062747 ], [ 138.688212670000013, 36.86015275 ], [ 138.688711830000017, 36.85949887 ], [ 138.68878847, 36.85824387 ], [ 138.689097910000015, 36.85791664 ], [ 138.69004597, 36.85759884 ], [ 138.69162545, 36.85656772 ], [ 138.69320263, 36.85481689 ], [ 138.69359903000003, 36.85320356 ], [ 138.693558750000022, 36.85243244 ], [ 138.692763190000022, 36.85116495 ], [ 138.692853190000022, 36.85037244 ], [ 138.69264236, 36.84965995 ], [ 138.69127205, 36.84756217 ], [ 138.690136780000017, 36.84613495 ], [ 138.690935380000013, 36.84418964 ], [ 138.691649, 36.84147325 ], [ 138.691573160000019, 36.84059964 ], [ 138.69126817, 36.83946964 ], [ 138.69038314, 36.8373902 ], [ 138.690392310000021, 36.83326767 ], [ 138.690011750000025, 36.83235044 ], [ 138.68855786, 36.83127128 ], [ 138.68792647, 36.83056044 ], [ 138.68701728000002, 36.83009961 ], [ 138.68483061, 36.82784264 ], [ 138.683872550000018, 36.82716597 ], [ 138.68317672, 36.82635903 ], [ 138.682610610000012, 36.8254232 ], [ 138.68185367000001, 36.82525931 ], [ 138.680672, 36.82416097 ], [ 138.680290580000019, 36.82235959 ], [ 138.67958725, 36.82105069 ], [ 138.680280580000016, 36.82014677 ], [ 138.682220310000019, 36.819824 ], [ 138.685268080000014, 36.8191215 ], [ 138.686533090000012, 36.8185665 ], [ 138.687179750000013, 36.8180515 ], [ 138.687163920000017, 36.81753344 ], [ 138.68776725, 36.81643372 ], [ 138.687725300000011, 36.81565372 ], [ 138.688736130000024, 36.81485008 ], [ 138.689276420000027, 36.81371425 ], [ 138.68997725, 36.81289287 ], [ 138.690966980000013, 36.81273953 ], [ 138.692136690000012, 36.81231675 ], [ 138.692715580000026, 36.81168508 ], [ 138.694294750000012, 36.8107462 ], [ 138.69578808, 36.80905617 ], [ 138.695894190000018, 36.80816784 ], [ 138.69545864, 36.80700672 ], [ 138.69435167, 36.80574505 ], [ 138.69364250000001, 36.80414339 ], [ 138.69266167, 36.80380033 ], [ 138.69236555, 36.80310256 ], [ 138.69165555, 36.80215256 ], [ 138.691119690000022, 36.80037895 ], [ 138.690526910000017, 36.79967561 ], [ 138.689627200000018, 36.79911005 ], [ 138.689149690000022, 36.79843923 ], [ 138.68876886000001, 36.79694836 ], [ 138.688445500000029, 36.79637836 ], [ 138.688387170000027, 36.79560141 ], [ 138.688742170000012, 36.79448364 ], [ 138.689451890000015, 36.79357141 ], [ 138.689155500000027, 36.7930378 ], [ 138.68778828, 36.79241059 ], [ 138.687358280000012, 36.79108559 ], [ 138.68617297, 36.78985947 ], [ 138.68502297, 36.78896336 ], [ 138.684211020000021, 36.78792417 ], [ 138.683124920000012, 36.78751584 ], [ 138.68224659, 36.78752111 ], [ 138.681357390000016, 36.78730444 ], [ 138.680817660000031, 36.78689722 ], [ 138.67933905000001, 36.78661361 ], [ 138.67848156, 36.78560389 ], [ 138.678032670000022, 36.78532333 ], [ 138.676609340000027, 36.78531778 ], [ 138.675995160000014, 36.78500056 ], [ 138.674151530000017, 36.78454972 ], [ 138.67316986, 36.78380667 ], [ 138.67171431, 36.78358972 ], [ 138.671047640000012, 36.78290472 ], [ 138.671074310000023, 36.78237611 ], [ 138.670464580000015, 36.78131028 ], [ 138.66900261, 36.77907525 ], [ 138.669383720000013, 36.77780636 ], [ 138.669305380000026, 36.77596997 ], [ 138.6695437, 36.7736608 ], [ 138.670407300000022, 36.77237941 ], [ 138.67176397, 36.77134608 ], [ 138.67204953000001, 36.7709072 ], [ 138.673379800000021, 36.77002161 ], [ 138.674274250000025, 36.76995856 ], [ 138.676606740000011, 36.76860689 ], [ 138.67816258000002, 36.76795161 ], [ 138.68001092, 36.76643633 ], [ 138.681410920000019, 36.766118 ], [ 138.68319258, 36.7661505 ], [ 138.685219530000012, 36.76664217 ], [ 138.68678287000003, 36.76601161 ], [ 138.688000120000027, 36.76584772 ], [ 138.688398690000014, 36.7648505 ], [ 138.68882231, 36.76448577 ], [ 138.688938690000015, 36.76380356 ], [ 138.689785910000012, 36.76260661 ], [ 138.689998420000023, 36.76100411 ], [ 138.691528980000015, 36.75857522 ], [ 138.691397, 36.75691217 ], [ 138.69101061, 36.75617467 ], [ 138.691307, 36.75533936 ], [ 138.691338660000014, 36.75444686 ], [ 138.691090050000014, 36.75368547 ], [ 138.691770890000015, 36.75287853 ], [ 138.691751720000013, 36.75254436 ], [ 138.69233309, 36.75152659 ], [ 138.6919417, 36.75080186 ], [ 138.691938640000018, 36.74953853 ], [ 138.692169200000023, 36.7480052 ], [ 138.69194834000001, 36.74611853 ], [ 138.69254834000003, 36.74562992 ], [ 138.693720270000028, 36.74530325 ], [ 138.694295010000019, 36.74482686 ], [ 138.694858610000011, 36.74383797 ], [ 138.69501083000003, 36.74275325 ], [ 138.69606667, 36.74018684 ], [ 138.69613333, 36.73961628 ], [ 138.695931630000018, 36.73851267 ], [ 138.694277200000016, 36.73815405 ], [ 138.691443860000021, 36.73738933 ], [ 138.690794970000013, 36.73754433 ], [ 138.68895550000002, 36.7372285 ], [ 138.68837772, 36.73696656 ], [ 138.685709660000015, 36.7362635 ], [ 138.68470384, 36.73642184 ], [ 138.683933280000019, 36.73537572 ], [ 138.68349131, 36.73517684 ], [ 138.68215742000001, 36.73500295 ], [ 138.68186047, 36.73456128 ], [ 138.679941860000014, 36.73298431 ], [ 138.678926860000018, 36.73263541 ], [ 138.677211, 36.7316718 ], [ 138.67615878, 36.73060069 ], [ 138.675302940000023, 36.73093792 ], [ 138.67287711, 36.73064736 ], [ 138.671139300000021, 36.73063487 ], [ 138.670305690000021, 36.73052125 ], [ 138.66892791, 36.73092847 ], [ 138.668294310000022, 36.73086847 ], [ 138.66716431, 36.7302818 ], [ 138.665745140000013, 36.72872597 ], [ 138.664303750000016, 36.72901375 ], [ 138.66302625, 36.72955486 ], [ 138.66129122000001, 36.72907431 ], [ 138.659745110000017, 36.72920959 ], [ 138.658466230000016, 36.72858817 ], [ 138.65668012, 36.72861205 ], [ 138.65587122, 36.72801733 ], [ 138.65549869000003, 36.72714678 ], [ 138.65373202, 36.72741095 ], [ 138.65243591, 36.72701623 ], [ 138.65124703, 36.72686733 ], [ 138.64892508, 36.72711956 ], [ 138.646929810000017, 36.726074 ], [ 138.64636144, 36.72567651 ], [ 138.64521117000001, 36.72452956 ], [ 138.644742550000018, 36.72437341 ], [ 138.643001170000019, 36.72436064 ], [ 138.64207839, 36.72378286 ], [ 138.641446450000018, 36.72352369 ], [ 138.63891394, 36.72317536 ], [ 138.637935310000017, 36.7225448 ], [ 138.636870030000011, 36.72135536 ], [ 138.635270580000025, 36.72071397 ], [ 138.63306531, 36.72057453 ], [ 138.631860580000023, 36.72026172 ], [ 138.630545550000022, 36.71957617 ], [ 138.630087780000025, 36.71954478 ], [ 138.627903060000023, 36.72089367 ], [ 138.627464160000017, 36.72095367 ], [ 138.62596, 36.72053005 ], [ 138.62449306000002, 36.72084256 ], [ 138.62287472, 36.72058367 ], [ 138.62177112, 36.72021311 ], [ 138.62089555, 36.71908089 ], [ 138.620878880000021, 36.7181895 ], [ 138.61990691, 36.71650364 ], [ 138.618791360000017, 36.71623087 ], [ 138.618366080000015, 36.7154728 ], [ 138.617556080000014, 36.71477808 ], [ 138.61711384, 36.71350003 ], [ 138.61728939, 36.7116592 ], [ 138.616263840000016, 36.71068031 ], [ 138.61544828000001, 36.71054587 ], [ 138.613741050000016, 36.70960587 ], [ 138.612969640000017, 36.70893084 ], [ 138.612614920000027, 36.70830611 ], [ 138.611141020000019, 36.70657667 ], [ 138.61008992, 36.70633917 ], [ 138.60920798, 36.70650556 ], [ 138.60593241, 36.70758972 ], [ 138.604504360000021, 36.7088375 ], [ 138.604387170000024, 36.71021444 ], [ 138.604156890000013, 36.71054639 ], [ 138.603293840000021, 36.71082556 ], [ 138.60284328, 36.71118361 ], [ 138.602684110000013, 36.71223584 ], [ 138.60242022, 36.71262584 ], [ 138.60173633, 36.71268 ], [ 138.6004455, 36.71378167 ], [ 138.59968661000002, 36.7142275 ], [ 138.59861523, 36.7143608 ], [ 138.597670510000029, 36.71472053 ], [ 138.595728560000026, 36.71453553 ], [ 138.59492384, 36.7142522 ], [ 138.594335230000013, 36.71379608 ], [ 138.59375051, 36.7123308 ], [ 138.59286633, 36.71108941 ], [ 138.59337825, 36.71054497 ], [ 138.593511580000012, 36.70997859 ], [ 138.59231908000001, 36.70865859 ], [ 138.591061310000015, 36.70811578 ], [ 138.59016047, 36.70799077 ], [ 138.589660190000018, 36.70768661 ], [ 138.58824881000001, 36.70604605 ], [ 138.587575750000013, 36.70569328 ], [ 138.58694603, 36.70496411 ], [ 138.586553770000023, 36.70371495 ], [ 138.585861560000012, 36.702828 ], [ 138.584504620000018, 36.70203356 ], [ 138.583934890000023, 36.70118131 ], [ 138.583267660000018, 36.70130631 ], [ 138.58022406, 36.70299853 ], [ 138.57996128000002, 36.70345659 ], [ 138.57755659, 36.70517603 ], [ 138.576484920000013, 36.70550936 ], [ 138.57605798, 36.70633603 ], [ 138.575257130000011, 36.70644408 ], [ 138.57489769, 36.70712186 ], [ 138.573926030000024, 36.70714686 ], [ 138.57257297000001, 36.70632461 ], [ 138.572443530000015, 36.70603711 ], [ 138.57131992, 36.70554739 ], [ 138.569516030000017, 36.70557211 ], [ 138.568619660000024, 36.706276 ], [ 138.567892170000022, 36.70630322 ], [ 138.56727078, 36.70590323 ], [ 138.566075500000011, 36.70588184 ], [ 138.56537523, 36.70612351 ], [ 138.563821890000014, 36.70573541 ], [ 138.56263328, 36.70566875 ], [ 138.56162022, 36.70598931 ], [ 138.56042105, 36.70694069 ], [ 138.559777170000018, 36.70703764 ], [ 138.55883051, 36.70657514 ], [ 138.55688523, 36.70646903 ], [ 138.555978, 36.70617597 ], [ 138.55593633, 36.70574289 ], [ 138.553984940000021, 36.70513039 ], [ 138.55299772, 36.70457456 ], [ 138.55233053, 36.70455372 ], [ 138.5516508, 36.70482428 ], [ 138.550509690000013, 36.70482039 ], [ 138.54992997, 36.70450789 ], [ 138.54908136, 36.70459344 ], [ 138.548213870000012, 36.70416039 ], [ 138.546426640000021, 36.7035062 ], [ 138.546017760000012, 36.70389787 ], [ 138.544887760000023, 36.70376036 ], [ 138.54363914000001, 36.70383453 ], [ 138.543213580000014, 36.7036012 ], [ 138.542661360000011, 36.70281564 ], [ 138.541431360000018, 36.70206147 ], [ 138.54031608, 36.70112117 ], [ 138.53902333000002, 36.7007045 ], [ 138.53823306000001, 36.69962339 ], [ 138.537439440000014, 36.69886923 ], [ 138.536838610000018, 36.69767617 ], [ 138.537084690000029, 36.69713033 ], [ 138.53426722, 36.69693811 ], [ 138.53269973, 36.69692141 ], [ 138.531441390000026, 36.69754669 ], [ 138.5308325, 36.69765503 ], [ 138.529813640000015, 36.69710031 ], [ 138.52858336, 36.69697531 ], [ 138.527720860000017, 36.69671559 ], [ 138.52685392, 36.69569087 ], [ 138.525855580000012, 36.69582725 ], [ 138.524809200000021, 36.69499392 ], [ 138.52384781, 36.69452084 ], [ 138.522467520000021, 36.69439167 ], [ 138.521031170000015, 36.69401556 ], [ 138.520383670000029, 36.69269223 ], [ 138.520016450000014, 36.69231722 ], [ 138.517787, 36.69149444 ], [ 138.51631533, 36.69111136 ], [ 138.514335640000013, 36.69078525 ], [ 138.51416895, 36.69013941 ], [ 138.515562830000022, 36.68982053 ], [ 138.516384500000015, 36.69030775 ], [ 138.51677645, 36.68989136 ], [ 138.517576720000022, 36.68981639 ], [ 138.51852589, 36.6894525 ], [ 138.51960614, 36.6894275 ], [ 138.51991586, 36.68906917 ], [ 138.519499470000028, 36.68773333 ], [ 138.520158910000021, 36.68637167 ], [ 138.51916614000001, 36.685605 ], [ 138.51861781, 36.68484805 ], [ 138.51853864, 36.68369417 ], [ 138.51982365, 36.68209584 ], [ 138.51977555000002, 36.68042528 ], [ 138.519228340000012, 36.67931417 ], [ 138.51887722, 36.67914084 ], [ 138.51860611, 36.67819139 ], [ 138.5181225, 36.67767889 ], [ 138.51791750000001, 36.67699611 ], [ 138.518271950000013, 36.67620889 ], [ 138.51982472, 36.67472695 ], [ 138.52118581000002, 36.67399139 ], [ 138.522834970000019, 36.67257667 ], [ 138.52397467, 36.67131111 ], [ 138.525104670000019, 36.67029475 ], [ 138.525629920000029, 36.66919336 ], [ 138.526126590000018, 36.66868697 ], [ 138.52724742, 36.66880253 ], [ 138.5283827, 36.66821059 ], [ 138.530044620000012, 36.66793364 ], [ 138.53087739, 36.66737225 ], [ 138.53351791, 36.66680895 ], [ 138.5343382, 36.66626867 ], [ 138.53294847, 36.6661292 ], [ 138.530183500000021, 36.6661142 ] ] ] } },
{ "type": "Feature", "properties": { "kouiki": "南信州", "area_km2": 1928.67, "chiiki": "南信" }, "geometry": { "type": "Polygon", "coordinates": [ [ [ 137.706108300000011, 35.23313795 ], [ 137.70576109000001, 35.23384905 ], [ 137.70438302, 35.23393739 ], [ 137.70368997, 35.23375017 ], [ 137.702586350000018, 35.23291156 ], [ 137.702021920000021, 35.23278433 ], [ 137.699396060000026, 35.23145822 ], [ 137.698798, 35.23162461 ], [ 137.69821939, 35.23214323 ], [ 137.697639660000021, 35.23215628 ], [ 137.696945230000011, 35.23266572 ], [ 137.69483467, 35.23306961 ], [ 137.694097450000015, 35.23370517 ], [ 137.692952170000012, 35.23328739 ], [ 137.6913927, 35.23315572 ], [ 137.69043326, 35.23272323 ], [ 137.68922852, 35.23113767 ], [ 137.688626860000028, 35.23081239 ], [ 137.687223530000011, 35.230726 ], [ 137.68602353, 35.23092461 ], [ 137.685273800000033, 35.231271 ], [ 137.685046030000024, 35.23184961 ], [ 137.68382519, 35.23298295 ], [ 137.68336326, 35.23314211 ], [ 137.68259075, 35.23389517 ], [ 137.682480200000015, 35.23478628 ], [ 137.68153713, 35.23523489 ], [ 137.68126075, 35.23508851 ], [ 137.68055322, 35.23354211 ], [ 137.679906280000012, 35.23299572 ], [ 137.679418490000018, 35.23156961 ], [ 137.67858433, 35.23089156 ], [ 137.677358220000031, 35.230836 ], [ 137.67540211, 35.23106517 ], [ 137.674509340000014, 35.23093184 ], [ 137.673634580000027, 35.23116933 ], [ 137.67330458, 35.230631 ], [ 137.67172403, 35.22894295 ], [ 137.670093190000017, 35.22849905 ], [ 137.669250700000021, 35.22814767 ], [ 137.668654030000027, 35.22754767 ], [ 137.66787847, 35.22729711 ], [ 137.666967640000024, 35.22726767 ], [ 137.66608484, 35.22744656 ], [ 137.66520345, 35.22741711 ], [ 137.663788720000014, 35.22783489 ], [ 137.66280817, 35.22780711 ], [ 137.661297890000014, 35.22717295 ], [ 137.65975484, 35.227716 ], [ 137.65927678, 35.22800544 ], [ 137.656970950000016, 35.22825905 ], [ 137.65606012, 35.22801851 ], [ 137.655120120000021, 35.22735489 ], [ 137.653915080000019, 35.22671267 ], [ 137.6537073, 35.22578905 ], [ 137.65369759, 35.22419072 ], [ 137.653147860000018, 35.22360044 ], [ 137.65237703, 35.22310961 ], [ 137.65242258, 35.22278433 ], [ 137.653439250000019, 35.22121044 ], [ 137.653522580000015, 35.21971267 ], [ 137.653768690000021, 35.21897544 ], [ 137.65379536, 35.21798961 ], [ 137.6532762, 35.21737961 ], [ 137.651958690000015, 35.21673684 ], [ 137.65017477, 35.21605239 ], [ 137.64924589, 35.21487739 ], [ 137.64868672, 35.21444322 ], [ 137.64713978, 35.21399572 ], [ 137.645386160000015, 35.21402239 ], [ 137.644764770000023, 35.21377211 ], [ 137.644495620000015, 35.21284489 ], [ 137.645231170000017, 35.21163961 ], [ 137.6447345, 35.21055711 ], [ 137.644851970000019, 35.20995072 ], [ 137.644616690000021, 35.20900656 ], [ 137.643526690000016, 35.20891544 ], [ 137.64095058, 35.20927961 ], [ 137.64057141, 35.20959405 ], [ 137.640110580000027, 35.20937795 ], [ 137.639489200000014, 35.20966989 ], [ 137.636590580000018, 35.21034267 ], [ 137.634264480000013, 35.21112767 ], [ 137.633921410000028, 35.2118235 ], [ 137.63298475000002, 35.21219851 ], [ 137.630803090000029, 35.21202405 ], [ 137.62874614, 35.21157295 ], [ 137.62756669, 35.21163544 ], [ 137.62680364000002, 35.21188461 ], [ 137.62551808, 35.21119544 ], [ 137.623576110000016, 35.21079128 ], [ 137.6228, 35.21073461 ], [ 137.62102306, 35.21101933 ], [ 137.619897780000031, 35.21083711 ], [ 137.61991445000001, 35.21004044 ], [ 137.616888340000031, 35.20949239 ], [ 137.61607722, 35.21021433 ], [ 137.615502780000014, 35.21048433 ], [ 137.61434639, 35.21029017 ], [ 137.613541670000018, 35.20968184 ], [ 137.612726940000016, 35.20881933 ], [ 137.61104416, 35.20854461 ], [ 137.607758610000019, 35.20694905 ], [ 137.606870800000024, 35.206726 ], [ 137.605370530000016, 35.20679322 ], [ 137.603084420000016, 35.2060735 ], [ 137.603496640000031, 35.20541239 ], [ 137.60222914000002, 35.20435322 ], [ 137.59765776, 35.20216989 ], [ 137.59148384, 35.19933905 ], [ 137.588948280000011, 35.19925267 ], [ 137.58732550000002, 35.19973461 ], [ 137.584758560000012, 35.19950767 ], [ 137.58351467, 35.199701 ], [ 137.582186620000016, 35.19922461 ], [ 137.58114577, 35.19847377 ], [ 137.579966330000019, 35.19836572 ], [ 137.57880633, 35.19841377 ], [ 137.57789134, 35.19903517 ], [ 137.57756745, 35.19978684 ], [ 137.57754745, 35.20053184 ], [ 137.577939110000017, 35.20181184 ], [ 137.576767720000021, 35.20250184 ], [ 137.57664022, 35.2028935 ], [ 137.57708883, 35.20391905 ], [ 137.57703995, 35.20548656 ], [ 137.576739660000015, 35.20570989 ], [ 137.57660053, 35.20666517 ], [ 137.577112480000011, 35.20777572 ], [ 137.577907470000014, 35.20860128 ], [ 137.57815302, 35.20949931 ], [ 137.577686350000022, 35.21052236 ], [ 137.577823310000014, 35.21104264 ], [ 137.576996640000033, 35.21193459 ], [ 137.57690302, 35.21276708 ], [ 137.577484140000024, 35.21346292 ], [ 137.57840803, 35.2154832 ], [ 137.578357760000017, 35.21595431 ], [ 137.577892190000028, 35.21672959 ], [ 137.57824997, 35.21772013 ], [ 137.57820109, 35.21822264 ], [ 137.57882387, 35.21893708 ], [ 137.578725840000033, 35.21943513 ], [ 137.577044450000017, 35.2203132 ], [ 137.57542747, 35.22051987 ], [ 137.575591120000013, 35.22178153 ], [ 137.574822780000034, 35.22280764 ], [ 137.574631110000013, 35.2233532 ], [ 137.573693890000015, 35.22336903 ], [ 137.57274611, 35.22372903 ], [ 137.572638610000013, 35.22588459 ], [ 137.57239805, 35.22660792 ], [ 137.571863330000014, 35.22689625 ], [ 137.57082112, 35.22702513 ], [ 137.56954278, 35.22777013 ], [ 137.568521120000014, 35.22783513 ], [ 137.56753555, 35.2296132 ], [ 137.566916670000012, 35.22985625 ], [ 137.56678416, 35.23036264 ], [ 137.565423330000016, 35.23168208 ], [ 137.564786670000018, 35.23323459 ], [ 137.563393330000025, 35.23398623 ], [ 137.562905280000024, 35.23439177 ], [ 137.562631110000012, 35.23536511 ], [ 137.56037167, 35.23648344 ], [ 137.557146390000014, 35.23726261 ], [ 137.556419730000016, 35.23809484 ], [ 137.555243610000019, 35.23830456 ], [ 137.554545280000013, 35.23879484 ], [ 137.554337780000026, 35.23953872 ], [ 137.552558050000016, 35.24034817 ], [ 137.551281390000014, 35.24204789 ], [ 137.550417220000014, 35.24290511 ], [ 137.54961361, 35.24474984 ], [ 137.54930253, 35.24622733 ], [ 137.549236690000015, 35.24774456 ], [ 137.54864781, 35.24962067 ], [ 137.54791642, 35.25092123 ], [ 137.54746975, 35.251324 ], [ 137.54611058, 35.25149233 ], [ 137.54603086, 35.25323984 ], [ 137.54623781, 35.25435872 ], [ 137.5468828, 35.25497095 ], [ 137.54777114, 35.25626456 ], [ 137.548038640000016, 35.25694595 ], [ 137.54764309, 35.25826872 ], [ 137.54761253, 35.25897484 ], [ 137.548421970000021, 35.25973511 ], [ 137.55135475, 35.26007095 ], [ 137.55210947, 35.25990789 ], [ 137.553697280000023, 35.26102372 ], [ 137.55483533, 35.26235705 ], [ 137.55617978, 35.2635815 ], [ 137.557482, 35.26455372 ], [ 137.55789589, 35.26523011 ], [ 137.557901720000018, 35.26662761 ], [ 137.557743390000013, 35.26744205 ], [ 137.556727280000018, 35.26881956 ], [ 137.55647783, 35.26938705 ], [ 137.557256720000026, 35.27048817 ], [ 137.557147, 35.27126317 ], [ 137.55589978, 35.27242317 ], [ 137.555729220000018, 35.27331178 ], [ 137.555759780000017, 35.27454595 ], [ 137.55721367000001, 35.27485205 ], [ 137.558254230000017, 35.27558789 ], [ 137.56042647000001, 35.2764765 ], [ 137.560955910000018, 35.27721233 ], [ 137.562178970000019, 35.27762705 ], [ 137.563474810000031, 35.27780484 ], [ 137.564071190000021, 35.27765651 ], [ 137.564497300000028, 35.27843178 ], [ 137.565136200000012, 35.27872289 ], [ 137.56534314000001, 35.28008567 ], [ 137.566061190000028, 35.28055456 ], [ 137.56659647, 35.28122123 ], [ 137.56881759, 35.2815765 ], [ 137.570338420000013, 35.28227761 ], [ 137.5707462, 35.28309705 ], [ 137.568652870000022, 35.28559511 ], [ 137.568762310000011, 35.28656289 ], [ 137.56741148, 35.28720928 ], [ 137.567198420000011, 35.288019 ], [ 137.56744814000001, 35.28932233 ], [ 137.566821190000013, 35.29000872 ], [ 137.56578703, 35.2901565 ], [ 137.564478690000016, 35.28989984 ], [ 137.56233064, 35.28997872 ], [ 137.561984250000023, 35.28931705 ], [ 137.561339800000013, 35.28926011 ], [ 137.561041190000026, 35.29028205 ], [ 137.560578420000013, 35.29107067 ], [ 137.55939508, 35.29237733 ], [ 137.559014530000013, 35.29254844 ], [ 137.557708420000012, 35.29417372 ], [ 137.557591190000011, 35.29471511 ], [ 137.55638453, 35.29553733 ], [ 137.55687674, 35.29621205 ], [ 137.55777842, 35.29663984 ], [ 137.558118150000013, 35.29708178 ], [ 137.558457890000028, 35.29810844 ], [ 137.5582765, 35.29868817 ], [ 137.558387610000011, 35.29971456 ], [ 137.55924872, 35.30127344 ], [ 137.55930733, 35.30288428 ], [ 137.55895012000002, 35.30392956 ], [ 137.55877983, 35.30551233 ], [ 137.556536780000016, 35.30918539 ], [ 137.557280390000017, 35.31009789 ], [ 137.558569, 35.31042567 ], [ 137.559336230000014, 35.30985567 ], [ 137.560115380000013, 35.309599 ], [ 137.561233720000018, 35.31000317 ], [ 137.56252261, 35.3113815 ], [ 137.563166780000017, 35.31144789 ], [ 137.56420345, 35.31088261 ], [ 137.564929560000024, 35.31074484 ], [ 137.56511706, 35.3112865 ], [ 137.564525380000021, 35.31175205 ], [ 137.564215110000021, 35.31299261 ], [ 137.564396500000015, 35.31337261 ], [ 137.565392340000017, 35.31360567 ], [ 137.566393990000023, 35.31331095 ], [ 137.56733122, 35.31280733 ], [ 137.56849066, 35.31321595 ], [ 137.56876623, 35.31371511 ], [ 137.567143450000032, 35.31433761 ], [ 137.567009, 35.31467956 ], [ 137.56736623, 35.3153115 ], [ 137.56900042, 35.31643817 ], [ 137.571466250000014, 35.31834872 ], [ 137.57219236, 35.31827733 ], [ 137.572655140000023, 35.31782095 ], [ 137.574236520000028, 35.31674261 ], [ 137.575009580000028, 35.31697539 ], [ 137.57667903, 35.31835844 ], [ 137.57785042, 35.31884317 ], [ 137.57923263, 35.31898095 ], [ 137.58057403, 35.31882456 ], [ 137.581950700000021, 35.31847289 ], [ 137.58336791, 35.31899567 ], [ 137.5835318, 35.31924761 ], [ 137.583133480000015, 35.32048317 ], [ 137.58311597, 35.32126705 ], [ 137.583379580000013, 35.32171872 ], [ 137.585540700000024, 35.32297344 ], [ 137.586747370000012, 35.32330123 ], [ 137.587579030000029, 35.32370511 ], [ 137.587971530000033, 35.3241615 ], [ 137.587989030000017, 35.32562039 ], [ 137.58953514000001, 35.32702705 ], [ 137.59105820000002, 35.32795872 ], [ 137.591222090000031, 35.32858123 ], [ 137.590548470000016, 35.33048651 ], [ 137.59112847, 35.33073372 ], [ 137.592329300000017, 35.33010651 ], [ 137.5931318, 35.33010651 ], [ 137.59422097, 35.33115233 ], [ 137.595269300000012, 35.331309 ], [ 137.595837640000013, 35.33046344 ], [ 137.596569860000017, 35.33068205 ], [ 137.596821800000015, 35.33125205 ], [ 137.59735486, 35.33156095 ], [ 137.598707640000015, 35.3309815 ], [ 137.60023042, 35.33108595 ], [ 137.600939300000022, 35.33084372 ], [ 137.601548200000025, 35.33103844 ], [ 137.60192292, 35.33206984 ], [ 137.60309458, 35.33213623 ], [ 137.603656810000018, 35.33255928 ], [ 137.603914620000012, 35.33323428 ], [ 137.603779880000019, 35.33460761 ], [ 137.60340489, 35.33519678 ], [ 137.60272545, 35.33568595 ], [ 137.604113500000011, 35.33656595 ], [ 137.60336988, 35.33828456 ], [ 137.60192655, 35.34041484 ], [ 137.60181294, 35.34110984 ], [ 137.600970730000029, 35.34144372 ], [ 137.60043601000001, 35.34211928 ], [ 137.600450170000016, 35.34251095 ], [ 137.60102294, 35.34334011 ], [ 137.60194572, 35.345244 ], [ 137.601557660000026, 35.34629595 ], [ 137.60102294, 35.34656095 ], [ 137.600066840000011, 35.34662984 ], [ 137.600024330000025, 35.34815011 ], [ 137.600587390000015, 35.34942817 ], [ 137.600563800000032, 35.35028817 ], [ 137.600047980000028, 35.35102511 ], [ 137.599844640000015, 35.35176595 ], [ 137.5999438, 35.35257595 ], [ 137.60095659000001, 35.353624 ], [ 137.602068520000017, 35.35361623 ], [ 137.602584090000022, 35.35400789 ], [ 137.60256992, 35.35449539 ], [ 137.60149131, 35.35516705 ], [ 137.60110326, 35.35563928 ], [ 137.601003800000029, 35.35679872 ], [ 137.60155297, 35.35770456 ], [ 137.602394920000023, 35.35791177 ], [ 137.60255575, 35.35826123 ], [ 137.60213464, 35.35900984 ], [ 137.60186047000002, 35.3599615 ], [ 137.601992700000011, 35.36056817 ], [ 137.60132575, 35.36094456 ], [ 137.60126881, 35.361574 ], [ 137.600393530000019, 35.36231484 ], [ 137.60013326, 35.36282928 ], [ 137.59951798, 35.3632015 ], [ 137.59918217, 35.36449511 ], [ 137.59803689, 35.36566567 ], [ 137.597828560000011, 35.3665065 ], [ 137.59842022, 35.36754317 ], [ 137.59822606000003, 35.36801539 ], [ 137.59847217, 35.36861011 ], [ 137.59831134, 35.36935095 ], [ 137.59784772, 35.37008428 ], [ 137.59794217000001, 35.37113205 ], [ 137.598301890000016, 35.37219956 ], [ 137.59877051, 35.37288261 ], [ 137.59801328, 35.37373484 ], [ 137.59808883, 35.37520872 ], [ 137.598784670000015, 35.37579623 ], [ 137.598486330000014, 35.37776539 ], [ 137.59862358, 35.37875567 ], [ 137.598387200000019, 35.37918177 ], [ 137.59679248, 35.37961539 ], [ 137.595462750000024, 35.38046372 ], [ 137.595325520000017, 35.38119317 ], [ 137.59478109, 35.38185317 ], [ 137.59415192, 35.38203733 ], [ 137.593357200000014, 35.38332733 ], [ 137.59263302, 35.38378789 ], [ 137.591979970000011, 35.38376484 ], [ 137.59102414000003, 35.38432151 ], [ 137.590858590000011, 35.38500456 ], [ 137.58943414, 35.38516205 ], [ 137.58935358, 35.38556511 ], [ 137.588530250000019, 35.38567261 ], [ 137.587744970000017, 35.386609 ], [ 137.587664690000025, 35.38739233 ], [ 137.58651942, 35.38852872 ], [ 137.586415250000016, 35.38955733 ], [ 137.58580497, 35.38951511 ], [ 137.58526053, 35.38982984 ], [ 137.584465530000017, 35.38971456 ], [ 137.58261525, 35.39013317 ], [ 137.581607760000026, 35.39084678 ], [ 137.580784420000015, 35.39091595 ], [ 137.57966747, 35.39068956 ], [ 137.579222750000014, 35.39030956 ], [ 137.577949690000025, 35.390129 ], [ 137.577140800000024, 35.39065484 ], [ 137.576743310000012, 35.39222484 ], [ 137.576199140000028, 35.39348789 ], [ 137.57608553, 35.39585261 ], [ 137.57592442, 35.39668928 ], [ 137.57605691, 35.39772205 ], [ 137.57591027, 35.39847456 ], [ 137.57539445, 35.39975261 ], [ 137.57539445, 35.40014039 ], [ 137.57658694, 35.40047428 ], [ 137.57749555, 35.40006733 ], [ 137.57829056, 35.39924623 ], [ 137.57973834, 35.39931511 ], [ 137.580575840000023, 35.39885067 ], [ 137.58136611, 35.39802539 ], [ 137.582747780000034, 35.39791011 ], [ 137.583311110000011, 35.39772984 ], [ 137.58361861, 35.39695456 ], [ 137.586268340000032, 35.39570317 ], [ 137.588156390000023, 35.39530011 ], [ 137.58897969, 35.39433261 ], [ 137.590673580000015, 35.39361123 ], [ 137.59141667, 35.39375678 ], [ 137.59246722, 35.39355733 ], [ 137.59310611, 35.39367261 ], [ 137.59375445, 35.39435956 ], [ 137.595017500000012, 35.39537678 ], [ 137.59626222, 35.39412539 ], [ 137.597606110000015, 35.39419039 ], [ 137.59954611, 35.39406039 ], [ 137.600123330000031, 35.39356123 ], [ 137.601490830000017, 35.39368789 ], [ 137.60349722, 35.3935765 ], [ 137.60522416, 35.39399123 ], [ 137.607145550000013, 35.39356872 ], [ 137.60864056, 35.39344595 ], [ 137.609421390000023, 35.39311205 ], [ 137.612066390000024, 35.39264761 ], [ 137.61288973, 35.39172289 ], [ 137.614692500000018, 35.39244456 ], [ 137.61659472, 35.391934 ], [ 137.61843056, 35.39173844 ], [ 137.61870027, 35.39193817 ], [ 137.61950472, 35.39325067 ], [ 137.62064031, 35.39358872 ], [ 137.62197419, 35.39378484 ], [ 137.623673640000021, 35.39449984 ], [ 137.624251410000028, 35.39505372 ], [ 137.62555669, 35.39553456 ], [ 137.626584470000012, 35.39630789 ], [ 137.62894891000002, 35.397339 ], [ 137.630605620000011, 35.39746456 ], [ 137.631377830000019, 35.39768651 ], [ 137.63232394, 35.39849928 ], [ 137.63368922, 35.39903511 ], [ 137.634292830000021, 35.39975095 ], [ 137.634822, 35.40086123 ], [ 137.635033110000023, 35.40202261 ], [ 137.63482202, 35.40296123 ], [ 137.63432703, 35.40386233 ], [ 137.63341148, 35.40514039 ], [ 137.632751190000022, 35.40578567 ], [ 137.63189591, 35.40599261 ], [ 137.63101925, 35.40690233 ], [ 137.63218842, 35.40849425 ], [ 137.63196341, 35.40987592 ], [ 137.632045910000016, 35.41070369 ], [ 137.630432870000021, 35.41119703 ], [ 137.62857231000001, 35.41087397 ], [ 137.62692453, 35.41092841 ], [ 137.625751480000019, 35.41077675 ], [ 137.624865910000011, 35.41097147 ], [ 137.62317815, 35.41182341 ], [ 137.621973670000017, 35.41189592 ], [ 137.62149367, 35.4123848 ], [ 137.62087703, 35.4139812 ], [ 137.62005953000002, 35.41485759 ], [ 137.619837860000018, 35.41535786 ], [ 137.62053759, 35.41702731 ], [ 137.6205237, 35.41725175 ], [ 137.619359800000012, 35.41855036 ], [ 137.61893036, 35.41884813 ], [ 137.6182662, 35.41974341 ], [ 137.617469530000022, 35.42114147 ], [ 137.61642591, 35.42206536 ], [ 137.61568453000001, 35.42333869 ], [ 137.61566703, 35.42391231 ], [ 137.616296740000024, 35.42538175 ], [ 137.617780080000017, 35.42670425 ], [ 137.617521480000022, 35.42732008 ], [ 137.616357030000017, 35.42847453 ], [ 137.615968970000011, 35.42991592 ], [ 137.615304810000026, 35.43083925 ], [ 137.613571480000019, 35.43193787 ], [ 137.612260360000022, 35.4331062 ], [ 137.61182064, 35.43381286 ], [ 137.609267860000017, 35.43608675 ], [ 137.60881925000001, 35.43736731 ], [ 137.60800869000002, 35.43808814 ], [ 137.60642175000001, 35.43868953 ], [ 137.60298064, 35.43943092 ], [ 137.60143703, 35.43928397 ], [ 137.60072119000003, 35.44016592 ], [ 137.60025536, 35.44048786 ], [ 137.59891008, 35.4418312 ], [ 137.59843591, 35.44286647 ], [ 137.59713341, 35.44324425 ], [ 137.59553786, 35.44455259 ], [ 137.59438258, 35.44588897 ], [ 137.593011190000027, 35.44710675 ], [ 137.593916740000026, 35.44768731 ], [ 137.594744530000014, 35.44886287 ], [ 137.59727983, 35.45078008 ], [ 137.597633450000018, 35.45117897 ], [ 137.598780660000017, 35.45166175 ], [ 137.599927330000014, 35.45197675 ], [ 137.600677890000014, 35.45234759 ], [ 137.601462340000012, 35.45301897 ], [ 137.602143720000015, 35.45334786 ], [ 137.60296317000001, 35.45414564 ], [ 137.603334, 35.45491536 ], [ 137.60454986000002, 35.45580397 ], [ 137.60546403, 35.45581092 ], [ 137.606472920000016, 35.4563498 ], [ 137.60720597, 35.45792397 ], [ 137.6089393, 35.4584348 ], [ 137.609784580000024, 35.45853287 ], [ 137.61043125, 35.45888286 ], [ 137.6108193, 35.46003036 ], [ 137.611431530000033, 35.46047092 ], [ 137.611811, 35.46108675 ], [ 137.61268211, 35.46182869 ], [ 137.613277110000013, 35.46293425 ], [ 137.61465711, 35.46312313 ], [ 137.615312390000014, 35.46336814 ], [ 137.61694239000002, 35.46467647 ], [ 137.61744239, 35.46567008 ], [ 137.61740795, 35.46609703 ], [ 137.61791686, 35.46680397 ], [ 137.617942700000015, 35.46751731 ], [ 137.618304920000014, 35.46779036 ], [ 137.619391580000013, 35.46774841 ], [ 137.62047825, 35.46814703 ], [ 137.621271580000013, 35.46866508 ], [ 137.621972410000012, 35.46808425 ], [ 137.62221964, 35.46722175 ], [ 137.623122140000021, 35.46691341 ], [ 137.624753530000021, 35.46769731 ], [ 137.62591575, 35.46768731 ], [ 137.626532700000013, 35.46792203 ], [ 137.627503, 35.46777592 ], [ 137.62842189, 35.46731231 ], [ 137.628854940000025, 35.46754341 ], [ 137.62912438, 35.46822425 ], [ 137.629572170000017, 35.46864147 ], [ 137.63024689, 35.46879259 ], [ 137.630882440000022, 35.46956092 ], [ 137.631750220000015, 35.47004397 ], [ 137.63199438, 35.47146175 ], [ 137.631615230000023, 35.47310897 ], [ 137.632379970000017, 35.47415675 ], [ 137.632196640000018, 35.47459786 ], [ 137.63149995, 35.47505314 ], [ 137.630961610000014, 35.47623008 ], [ 137.62979689, 35.47688814 ], [ 137.629591340000019, 35.47738341 ], [ 137.62985272, 35.47797759 ], [ 137.630529420000016, 35.4787648 ], [ 137.63065803, 35.47982813 ], [ 137.630518030000019, 35.48058592 ], [ 137.629377760000011, 35.48108703 ], [ 137.62921942, 35.48143425 ], [ 137.6297772, 35.48359175 ], [ 137.629124420000011, 35.4839398 ], [ 137.62711275, 35.48449231 ], [ 137.626970250000028, 35.48491647 ], [ 137.627287200000012, 35.48550759 ], [ 137.62709691, 35.48606008 ], [ 137.626352750000024, 35.48663841 ], [ 137.626257470000013, 35.48773036 ], [ 137.625594140000032, 35.48831953 ], [ 137.625484700000015, 35.48870036 ], [ 137.62575080000002, 35.48977369 ], [ 137.625568300000026, 35.49058203 ], [ 137.62590248, 35.49238036 ], [ 137.6251172, 35.49337147 ], [ 137.624429690000028, 35.49382675 ], [ 137.62483219, 35.49504231 ], [ 137.624928300000022, 35.49720786 ], [ 137.62444997, 35.49928231 ], [ 137.624546360000011, 35.5006062 ], [ 137.62492720000003, 35.50092759 ], [ 137.626051360000019, 35.50115897 ], [ 137.62822112, 35.50135175 ], [ 137.628300270000011, 35.50162147 ], [ 137.627555840000014, 35.50281647 ], [ 137.62752416, 35.50321203 ], [ 137.627955840000027, 35.50414036 ], [ 137.62898139, 35.50497231 ], [ 137.62946306, 35.50605925 ], [ 137.62898139, 35.50650092 ], [ 137.62892917, 35.50704397 ], [ 137.63157722, 35.50890367 ], [ 137.63175501, 35.50917561 ], [ 137.633105030000024, 35.50880172 ], [ 137.63404725, 35.50884422 ], [ 137.63518808, 35.50933672 ], [ 137.63640197, 35.510687 ], [ 137.638087250000012, 35.51092478 ], [ 137.64035837, 35.51043228 ], [ 137.64090253, 35.51044923 ], [ 137.641781720000012, 35.51100117 ], [ 137.642535620000018, 35.51072951 ], [ 137.64379144, 35.51095033 ], [ 137.64414728, 35.511757 ], [ 137.64368672, 35.51308144 ], [ 137.64404228, 35.51353144 ], [ 137.644303940000015, 35.51440617 ], [ 137.644167830000015, 35.51541672 ], [ 137.64438783, 35.51599395 ], [ 137.64409477, 35.51639284 ], [ 137.64397949, 35.51746284 ], [ 137.644063110000019, 35.5189995 ], [ 137.643498110000024, 35.51987423 ], [ 137.64401061, 35.52106284 ], [ 137.645538660000028, 35.52115617 ], [ 137.646030610000025, 35.52147895 ], [ 137.646711190000019, 35.52352533 ], [ 137.646417860000014, 35.52413644 ], [ 137.64626064, 35.52529144 ], [ 137.64754815, 35.525852 ], [ 137.64747481, 35.52676867 ], [ 137.647736740000028, 35.52755005 ], [ 137.648584250000027, 35.52831423 ], [ 137.64891925, 35.52962172 ], [ 137.648217860000017, 35.53032867 ], [ 137.64856341, 35.53063867 ], [ 137.6509237, 35.53061311 ], [ 137.652582610000024, 35.53131784 ], [ 137.65281289, 35.53185672 ], [ 137.653948720000017, 35.53218811 ], [ 137.654361780000016, 35.53169589 ], [ 137.655057890000023, 35.53162784 ], [ 137.655900660000015, 35.53186977 ], [ 137.658088170000013, 35.53090617 ], [ 137.659302340000011, 35.5313645 ], [ 137.659852050000012, 35.53139867 ], [ 137.660835670000012, 35.53187839 ], [ 137.662285420000018, 35.53277839 ], [ 137.66328486, 35.53259172 ], [ 137.664049030000029, 35.53272756 ], [ 137.665169030000015, 35.53219672 ], [ 137.667199580000016, 35.53198867 ], [ 137.668403190000021, 35.53246422 ], [ 137.670083480000017, 35.53222228 ], [ 137.67115601, 35.53252367 ], [ 137.67263211, 35.53168339 ], [ 137.673573770000019, 35.53184033 ], [ 137.67416516000003, 35.53159839 ], [ 137.675834620000018, 35.53271505 ], [ 137.677472670000014, 35.53321172 ], [ 137.678812390000019, 35.53528784 ], [ 137.678838500000012, 35.53576756 ], [ 137.67962881, 35.53595005 ], [ 137.68060742000003, 35.53554672 ], [ 137.681774640000015, 35.53566561 ], [ 137.68347519, 35.53676117 ], [ 137.684338810000014, 35.53643422 ], [ 137.68456881, 35.53760617 ], [ 137.684516590000015, 35.53826811 ], [ 137.684804360000015, 35.53941033 ], [ 137.684474640000019, 35.54002561 ], [ 137.68489326, 35.5405395 ], [ 137.685081850000017, 35.54124005 ], [ 137.686667450000016, 35.54253061 ], [ 137.686850510000028, 35.54305311 ], [ 137.687415500000014, 35.54355784 ], [ 137.68637966, 35.54441978 ], [ 137.68642105, 35.54576561 ], [ 137.686771890000017, 35.54627089 ], [ 137.686908, 35.54765505 ], [ 137.687536060000014, 35.54847422 ], [ 137.68791772, 35.55053728 ], [ 137.68997966, 35.55255005 ], [ 137.691534110000021, 35.552257 ], [ 137.692088860000013, 35.55274533 ], [ 137.692737760000028, 35.55289811 ], [ 137.69372691, 35.55278339 ], [ 137.69401997, 35.55298728 ], [ 137.694260800000023, 35.554087 ], [ 137.69365109, 35.55513228 ], [ 137.69407136, 35.55644895 ], [ 137.6946972, 35.5574245 ], [ 137.69472636, 35.55859033 ], [ 137.69490248, 35.55942311 ], [ 137.694491630000016, 35.56016867 ], [ 137.69430608, 35.56099367 ], [ 137.693513860000024, 35.56129478 ], [ 137.69267302, 35.56238172 ], [ 137.69206664, 35.56213561 ], [ 137.690658860000013, 35.56217533 ], [ 137.690404700000016, 35.56278589 ], [ 137.69033636, 35.56400756 ], [ 137.69110859, 35.56536367 ], [ 137.69065859, 35.56593478 ], [ 137.689299690000013, 35.56653756 ], [ 137.68962248, 35.56730672 ], [ 137.689387760000017, 35.56775895 ], [ 137.68947581, 35.56878228 ], [ 137.690423870000018, 35.568687 ], [ 137.69088358, 35.56925839 ], [ 137.69201750000002, 35.569282 ], [ 137.692741110000014, 35.5703845 ], [ 137.69336694, 35.570662 ], [ 137.69446195, 35.57192339 ], [ 137.69544944, 35.57211367 ], [ 137.695938340000026, 35.57293061 ], [ 137.69610445, 35.57362061 ], [ 137.69743416, 35.57400922 ], [ 137.6976492, 35.57511977 ], [ 137.69850947, 35.57546089 ], [ 137.698353090000012, 35.57625395 ], [ 137.69899837, 35.57677728 ], [ 137.70007419, 35.57726923 ], [ 137.70059197, 35.57776089 ], [ 137.701843640000021, 35.57744367 ], [ 137.702791970000021, 35.577777 ], [ 137.703789200000017, 35.57776117 ], [ 137.705412280000019, 35.57816561 ], [ 137.706429220000018, 35.57917311 ], [ 137.707446160000018, 35.57858589 ], [ 137.70791506, 35.57878422 ], [ 137.707993390000013, 35.57943478 ], [ 137.708853940000012, 35.58040256 ], [ 137.709323110000014, 35.58065644 ], [ 137.710907, 35.58042644 ], [ 137.71176756, 35.58137033 ], [ 137.71379148, 35.58262339 ], [ 137.71377175, 35.58346422 ], [ 137.714592870000018, 35.58382117 ], [ 137.715873970000018, 35.58355144 ], [ 137.71660703, 35.58385284 ], [ 137.71697842, 35.58505839 ], [ 137.717389250000025, 35.58530423 ], [ 137.7184062, 35.58507451 ], [ 137.719315380000012, 35.58584367 ], [ 137.7204465, 35.58616228 ], [ 137.72018012, 35.58782753 ], [ 137.720324840000018, 35.58890947 ], [ 137.71920178, 35.59007336 ], [ 137.71912205000001, 35.59092613 ], [ 137.71882484, 35.59183141 ], [ 137.71890428, 35.59261947 ], [ 137.71818706000002, 35.59313641 ], [ 137.71836122000002, 35.59427141 ], [ 137.71758567, 35.59498864 ], [ 137.71678122, 35.59512975 ], [ 137.71534650000001, 35.59649947 ], [ 137.715070700000012, 35.59796975 ], [ 137.71541847, 35.59834613 ], [ 137.715194030000021, 35.59906308 ], [ 137.7160418, 35.59943947 ], [ 137.716643190000013, 35.60012169 ], [ 137.71752014, 35.60032753 ], [ 137.71857791, 35.60127392 ], [ 137.71921569, 35.60136197 ], [ 137.72029545, 35.60258531 ], [ 137.720346010000014, 35.60282641 ], [ 137.719679610000014, 35.60349059 ], [ 137.72009961, 35.60421392 ], [ 137.72108516000003, 35.60433725 ], [ 137.72178073, 35.60504892 ], [ 137.72144739, 35.60590114 ], [ 137.7222735, 35.60649503 ], [ 137.724222970000028, 35.60578947 ], [ 137.724998520000014, 35.60690669 ], [ 137.72519409, 35.60778253 ], [ 137.726012700000013, 35.60814141 ], [ 137.72632436, 35.60862947 ], [ 137.726991309999988, 35.6090292 ], [ 137.728382440000019, 35.61054613 ], [ 137.72867939, 35.61165753 ], [ 137.72867939, 35.61295087 ], [ 137.729567170000024, 35.61338892 ], [ 137.730418830000019, 35.61289197 ], [ 137.732643310000014, 35.61358003 ], [ 137.73303442, 35.61346253 ], [ 137.734498590000015, 35.61353892 ], [ 137.737455250000011, 35.61295087 ], [ 137.739295810000016, 35.61404475 ], [ 137.739375250000023, 35.61449141 ], [ 137.740397200000018, 35.61472669 ], [ 137.741433310000019, 35.61520308 ], [ 137.742266640000025, 35.61582613 ], [ 137.744194140000019, 35.61620253 ], [ 137.74554914, 35.61627308 ], [ 137.74605664, 35.6169492 ], [ 137.74667248, 35.61718447 ], [ 137.748516610000024, 35.61738503 ], [ 137.75045523, 35.61847697 ], [ 137.751600510000031, 35.61951892 ], [ 137.75344189, 35.6198228 ], [ 137.754084920000025, 35.62029169 ], [ 137.754828520000018, 35.62122447 ], [ 137.756481020000024, 35.62247864 ], [ 137.75656908000002, 35.62411059 ], [ 137.757616860000013, 35.62551225 ], [ 137.76007798, 35.62762808 ], [ 137.761981030000015, 35.62799697 ], [ 137.763890440000011, 35.62851059 ], [ 137.766796840000012, 35.62997725 ], [ 137.76991934, 35.6305528 ], [ 137.771146830000021, 35.63043753 ], [ 137.772831530000019, 35.62991811 ], [ 137.77351542, 35.62997922 ], [ 137.774784580000016, 35.63053117 ], [ 137.77608319, 35.63092089 ], [ 137.777414310000012, 35.63167339 ], [ 137.7780218, 35.63269451 ], [ 137.77960403000003, 35.63386005 ], [ 137.781188750000013, 35.63604977 ], [ 137.781631530000027, 35.63720644 ], [ 137.78203542, 35.63747839 ], [ 137.78442039, 35.63835784 ], [ 137.785343720000014, 35.63849644 ], [ 137.786025380000012, 35.63882977 ], [ 137.7865065, 35.63941144 ], [ 137.787530660000016, 35.63995728 ], [ 137.78774594, 35.64117589 ], [ 137.788890950000024, 35.64216756 ], [ 137.79010983, 35.64366644 ], [ 137.790629270000011, 35.64412422 ], [ 137.79190706, 35.644682 ], [ 137.79244122, 35.64509505 ], [ 137.79277761, 35.64649089 ], [ 137.79246178, 35.6471195 ], [ 137.793512610000022, 35.64804895 ], [ 137.794870120000013, 35.64896977 ], [ 137.795717060000015, 35.64935033 ], [ 137.79703623, 35.65163172 ], [ 137.79739927, 35.65315423 ], [ 137.798830660000021, 35.65386839 ], [ 137.800949250000031, 35.65527061 ], [ 137.80130341, 35.65568089 ], [ 137.802850920000026, 35.65503228 ], [ 137.804134810000022, 35.65375756 ], [ 137.80427341, 35.65315533 ], [ 137.80502008000002, 35.65223756 ], [ 137.80565119000002, 35.65211061 ], [ 137.80767314, 35.65073867 ], [ 137.80803314, 35.64964367 ], [ 137.80867064, 35.64906533 ], [ 137.80932314, 35.64901533 ], [ 137.809948690000027, 35.64834228 ], [ 137.809854250000029, 35.64779951 ], [ 137.809278980000016, 35.64653339 ], [ 137.809042870000013, 35.64488978 ], [ 137.80866953, 35.64392451 ], [ 137.80967148000002, 35.64361867 ], [ 137.81171562000003, 35.64406144 ], [ 137.81416839000002, 35.64373061 ], [ 137.81550672, 35.64402505 ], [ 137.816894500000018, 35.644132 ], [ 137.81840728, 35.64384311 ], [ 137.8197745, 35.64341589 ], [ 137.82145922, 35.64351756 ], [ 137.822143940000018, 35.64340839 ], [ 137.822649220000017, 35.643057 ], [ 137.82570895, 35.64187728 ], [ 137.827106980000025, 35.64099977 ], [ 137.82925781, 35.64097923 ], [ 137.829614470000024, 35.64074256 ], [ 137.82977336, 35.64009144 ], [ 137.830554480000018, 35.64001867 ], [ 137.83078642000001, 35.63920339 ], [ 137.831101410000031, 35.63888867 ], [ 137.831890580000021, 35.63884951 ], [ 137.83391642, 35.63951089 ], [ 137.834583090000024, 35.63935728 ], [ 137.83571031, 35.6387245 ], [ 137.836449750000014, 35.64020644 ], [ 137.838285580000019, 35.64333589 ], [ 137.83878558, 35.64395311 ], [ 137.839012240000017, 35.6449295 ], [ 137.840574190000012, 35.64580172 ], [ 137.841889470000012, 35.64634867 ], [ 137.842876140000016, 35.64798644 ], [ 137.84285781, 35.64849672 ], [ 137.843313640000019, 35.64978839 ], [ 137.843032240000014, 35.65012144 ], [ 137.842912550000023, 35.65210284 ], [ 137.84489394, 35.65271228 ], [ 137.845792550000027, 35.65242839 ], [ 137.84701365, 35.65154589 ], [ 137.849096980000013, 35.65163172 ], [ 137.850956420000017, 35.65135617 ], [ 137.85230003, 35.65129117 ], [ 137.853893640000024, 35.65039005 ], [ 137.85464613000002, 35.65053561 ], [ 137.856245030000025, 35.65020284 ], [ 137.85770058, 35.64948923 ], [ 137.85822669, 35.64945284 ], [ 137.860627250000022, 35.64985895 ], [ 137.86115586, 35.64971839 ], [ 137.86234613000002, 35.64877339 ], [ 137.86532503, 35.64846339 ], [ 137.865642800000018, 35.64745339 ], [ 137.86604392000001, 35.64679978 ], [ 137.86756170000001, 35.64531033 ], [ 137.868533090000028, 35.6439748 ], [ 137.86808781000002, 35.64312841 ], [ 137.868683920000024, 35.64193341 ], [ 137.868366420000029, 35.6408398 ], [ 137.868387250000012, 35.64034259 ], [ 137.868944470000031, 35.63966008 ], [ 137.86998336, 35.6392698 ], [ 137.87078309, 35.63837397 ], [ 137.8719417, 35.63815259 ], [ 137.872724480000016, 35.63737036 ], [ 137.87344669, 35.63728453 ], [ 137.87450224, 35.63773953 ], [ 137.874963650000012, 35.63752314 ], [ 137.875811700000014, 35.63663036 ], [ 137.87660642000003, 35.63635953 ], [ 137.877766420000029, 35.63634147 ], [ 137.878786420000012, 35.63650841 ], [ 137.880266690000013, 35.63635064 ], [ 137.88076781, 35.63559203 ], [ 137.88146642000001, 35.63503397 ], [ 137.882376130000011, 35.63526175 ], [ 137.88349864, 35.63622869 ], [ 137.883998640000016, 35.63614203 ], [ 137.885288370000012, 35.63515453 ], [ 137.886369200000019, 35.6353398 ], [ 137.88686114, 35.63580925 ], [ 137.888534750000019, 35.63880759 ], [ 137.88882669, 35.6395912 ], [ 137.88959975, 35.63956759 ], [ 137.89016669, 35.6391812 ], [ 137.89041781, 35.6386662 ], [ 137.891208910000017, 35.63838536 ], [ 137.894087250000013, 35.63875647 ], [ 137.89544114, 35.63960508 ], [ 137.896329470000012, 35.6393198 ], [ 137.897828910000015, 35.63937925 ], [ 137.898753090000014, 35.63926092 ], [ 137.899168370000012, 35.63958369 ], [ 137.89910058000001, 35.63997425 ], [ 137.89936031000002, 35.64032425 ], [ 137.90166503, 35.64051675 ], [ 137.9018628, 35.64036008 ], [ 137.90347086, 35.64007008 ], [ 137.904036140000017, 35.63960953 ], [ 137.904940580000016, 35.63950675 ], [ 137.90462086, 35.63797731 ], [ 137.90423031, 35.63539759 ], [ 137.903698080000026, 35.63282064 ], [ 137.90407475, 35.63141008 ], [ 137.905093640000018, 35.63120064 ], [ 137.905055030000028, 35.63054703 ], [ 137.90580558000002, 35.63041731 ], [ 137.90619224, 35.62992397 ], [ 137.905647500000015, 35.62742508 ], [ 137.90568805, 35.62710897 ], [ 137.90492555, 35.62473286 ], [ 137.90418306, 35.62441036 ], [ 137.904180560000015, 35.62397675 ], [ 137.904823890000017, 35.6237398 ], [ 137.90674694, 35.62267731 ], [ 137.909035280000012, 35.62160536 ], [ 137.910953330000012, 35.61967147 ], [ 137.912662220000016, 35.61920231 ], [ 137.91360973, 35.61831759 ], [ 137.914656940000015, 35.61832897 ], [ 137.9143908, 35.61784841 ], [ 137.913289690000028, 35.61667703 ], [ 137.91499803, 35.61648759 ], [ 137.91483997, 35.6159798 ], [ 137.91593720000003, 35.61515369 ], [ 137.91643109, 35.61515841 ], [ 137.916974690000018, 35.6146712 ], [ 137.916769690000024, 35.61296286 ], [ 137.917742480000015, 35.61263787 ], [ 137.91895636000001, 35.61192008 ], [ 137.919649140000018, 35.61186147 ], [ 137.921073310000025, 35.61103592 ], [ 137.92146163000001, 35.6109998 ], [ 137.92226969, 35.61030925 ], [ 137.923483870000013, 35.61020759 ], [ 137.92488053, 35.60956231 ], [ 137.925972750000028, 35.60786759 ], [ 137.92653248000002, 35.60738008 ], [ 137.92799969, 35.60643036 ], [ 137.932658, 35.60249953 ], [ 137.935131050000024, 35.60489592 ], [ 137.936842190000021, 35.60671036 ], [ 137.93866997, 35.60801897 ], [ 137.939694420000023, 35.60862425 ], [ 137.941454690000029, 35.60936453 ], [ 137.943102190000019, 35.60908897 ], [ 137.943756910000019, 35.60880925 ], [ 137.94477691, 35.60764036 ], [ 137.947432750000019, 35.60654677 ], [ 137.94860914000003, 35.60625484 ], [ 137.951425520000015, 35.6058665 ], [ 137.952666640000018, 35.60528428 ], [ 137.95415608, 35.60401177 ], [ 137.95590328, 35.60268039 ], [ 137.957031340000015, 35.602274 ], [ 137.958796060000026, 35.60203484 ], [ 137.960804670000016, 35.60198539 ], [ 137.961576330000014, 35.60241844 ], [ 137.96264636, 35.60337095 ], [ 137.963675250000023, 35.60400733 ], [ 137.96573358, 35.605059 ], [ 137.968942750000025, 35.60625484 ], [ 137.971447470000015, 35.607284 ], [ 137.97342914, 35.60738317 ], [ 137.97408776, 35.60730205 ], [ 137.97578053, 35.60670177 ], [ 137.97679636, 35.60659789 ], [ 137.978646640000022, 35.60728872 ], [ 137.979878860000014, 35.60691872 ], [ 137.980754690000026, 35.60688264 ], [ 137.98119248, 35.60729292 ], [ 137.989334720000016, 35.60960875 ], [ 137.990007500000019, 35.60971236 ], [ 137.99209694000001, 35.60958625 ], [ 137.99271973, 35.60830459 ], [ 137.992990830000025, 35.60726653 ], [ 137.993410270000027, 35.60680153 ], [ 137.994358340000019, 35.60666625 ], [ 137.995721390000028, 35.60671597 ], [ 137.9961275, 35.60657597 ], [ 137.996933610000013, 35.60494708 ], [ 137.997325530000012, 35.60300736 ], [ 137.99890302, 35.60302264 ], [ 137.998876350000018, 35.60101403 ], [ 137.999284970000019, 35.6000632 ], [ 138.00023997, 35.59885625 ], [ 138.00114886, 35.59806208 ], [ 138.00236358, 35.59727375 ], [ 138.00367302, 35.59721069 ], [ 138.00488776, 35.59756569 ], [ 138.00691581000001, 35.59912375 ], [ 138.008088340000029, 35.6003382 ], [ 138.00838973, 35.60141877 ], [ 138.008897500000018, 35.602431 ], [ 138.00912306, 35.60340489 ], [ 138.00966917, 35.60409989 ], [ 138.010387220000013, 35.60454656 ], [ 138.0119225, 35.60690656 ], [ 138.014275030000022, 35.60751767 ], [ 138.015706980000033, 35.60906433 ], [ 138.01799086, 35.61038572 ], [ 138.01857533, 35.61049295 ], [ 138.02016283, 35.61185877 ], [ 138.02228756, 35.61343767 ], [ 138.022912550000029, 35.61402936 ], [ 138.02352092000001, 35.61533741 ], [ 138.024578970000022, 35.61636241 ], [ 138.026207860000028, 35.61821214 ], [ 138.026907860000023, 35.61873714 ], [ 138.027103720000014, 35.61979103 ], [ 138.027832890000013, 35.62156992 ], [ 138.028899270000011, 35.62252408 ], [ 138.029320120000023, 35.62373631 ], [ 138.03014514, 35.62452797 ], [ 138.03046597, 35.62519436 ], [ 138.030036810000013, 35.6262902 ], [ 138.03038263000002, 35.62823159 ], [ 138.031707370000021, 35.62870241 ], [ 138.032090730000021, 35.63020213 ], [ 138.032473770000024, 35.6311938 ], [ 138.033727950000014, 35.63190603 ], [ 138.03474462, 35.63195605 ], [ 138.0350235, 35.63323939 ], [ 138.036202700000018, 35.63404772 ], [ 138.036173530000013, 35.63475161 ], [ 138.03643603, 35.63510578 ], [ 138.03744409, 35.63573495 ], [ 138.03833158, 35.6369805 ], [ 138.037927420000017, 35.63768467 ], [ 138.03789409, 35.63853856 ], [ 138.03823995, 35.63985105 ], [ 138.038831610000017, 35.64036772 ], [ 138.03920217000001, 35.64106744 ], [ 138.039173, 35.64192995 ], [ 138.039402170000017, 35.64261744 ], [ 138.039039660000014, 35.64330884 ], [ 138.038577170000025, 35.64472105 ], [ 138.038514670000012, 35.64567522 ], [ 138.037948, 35.64678328 ], [ 138.037935500000032, 35.64793328 ], [ 138.037327170000026, 35.64838717 ], [ 138.036802170000016, 35.649608 ], [ 138.036802170000016, 35.65041605 ], [ 138.036577170000015, 35.65104522 ], [ 138.037010510000016, 35.65284495 ], [ 138.03676053, 35.65484051 ], [ 138.03643969, 35.65583631 ], [ 138.03727691, 35.65724023 ], [ 138.03725608, 35.65767353 ], [ 138.03621859, 35.65851075 ], [ 138.03598525000001, 35.65964825 ], [ 138.035148030000016, 35.66094797 ], [ 138.035185250000012, 35.66216464 ], [ 138.03570192, 35.6626188 ], [ 138.035239420000011, 35.66413936 ], [ 138.035485250000022, 35.66506436 ], [ 138.035276910000022, 35.66561825 ], [ 138.0353183, 35.66694325 ], [ 138.03577248000002, 35.66702241 ], [ 138.037459970000015, 35.66865547 ], [ 138.037968050000018, 35.66889297 ], [ 138.03813667, 35.66981964 ], [ 138.03799056, 35.67009269 ], [ 138.038533890000025, 35.6710452 ], [ 138.039835840000023, 35.6713952 ], [ 138.041267780000027, 35.67220741 ], [ 138.0418975, 35.67306325 ], [ 138.04275834, 35.67360131 ], [ 138.043624750000021, 35.67347772 ], [ 138.044050030000022, 35.67467244 ], [ 138.04367475, 35.67508297 ], [ 138.04392058000002, 35.67597992 ], [ 138.04365669, 35.67695408 ], [ 138.043888080000016, 35.6785252 ], [ 138.04345224, 35.67912269 ], [ 138.04345752, 35.68007547 ], [ 138.0440117, 35.68114047 ], [ 138.04373197000001, 35.6823138 ], [ 138.043806980000028, 35.68326075 ], [ 138.044291410000028, 35.68406269 ], [ 138.044426140000013, 35.68469797 ], [ 138.04536224, 35.68560187 ], [ 138.045346130000013, 35.68630131 ], [ 138.04426419, 35.68801797 ], [ 138.043726140000018, 35.68864241 ], [ 138.04335475000002, 35.69055797 ], [ 138.043408640000024, 35.69138686 ], [ 138.04431781, 35.69301187 ], [ 138.045114470000016, 35.69366853 ], [ 138.044678370000014, 35.69477159 ], [ 138.04593781, 35.69572408 ], [ 138.04622808000002, 35.69648853 ], [ 138.04612031, 35.69712297 ], [ 138.046497250000016, 35.6979788 ], [ 138.04724533000001, 35.69906575 ], [ 138.048316160000013, 35.69897464 ], [ 138.04877367, 35.69932353 ], [ 138.049241720000026, 35.70085269 ], [ 138.05018866, 35.70146603 ], [ 138.050630050000024, 35.7019452 ], [ 138.051464230000022, 35.70139075 ], [ 138.05237922, 35.7013638 ], [ 138.05402589000002, 35.70076659 ], [ 138.055198970000021, 35.70082575 ], [ 138.056210920000012, 35.70200436 ], [ 138.05754008, 35.70214436 ], [ 138.058180640000018, 35.7023488 ], [ 138.059832310000019, 35.70240797 ], [ 138.060305910000011, 35.70297325 ], [ 138.06137261, 35.70353964 ], [ 138.06366122, 35.70248464 ], [ 138.064437060000017, 35.70180217 ], [ 138.06483817, 35.70103161 ], [ 138.065640120000012, 35.69999523 ], [ 138.066702610000021, 35.69950051 ], [ 138.06759317, 35.69938078 ], [ 138.06845764000002, 35.69905272 ], [ 138.068921250000017, 35.69859467 ], [ 138.070202630000011, 35.69827161 ], [ 138.071734030000016, 35.69719911 ], [ 138.071968200000015, 35.69670411 ], [ 138.0736918, 35.69602717 ], [ 138.07557739, 35.6951472 ], [ 138.075915720000012, 35.69508997 ], [ 138.0771135, 35.69432441 ], [ 138.07716044, 35.6926108 ], [ 138.07797822, 35.69129859 ], [ 138.078040730000026, 35.6887572 ], [ 138.078337660000017, 35.68793941 ], [ 138.07880628, 35.68750192 ], [ 138.078478500000017, 35.6857472 ], [ 138.079207670000017, 35.68428913 ], [ 138.07893156, 35.68320056 ], [ 138.079139880000014, 35.68248167 ], [ 138.07997850000001, 35.68148195 ], [ 138.08012961, 35.68031528 ], [ 138.07948406, 35.67938333 ], [ 138.079609050000016, 35.67869056 ], [ 138.080463260000016, 35.67775833 ], [ 138.08316603, 35.67593028 ], [ 138.083499360000019, 35.67499333 ], [ 138.084842970000011, 35.67419639 ], [ 138.08554633, 35.67295197 ], [ 138.085692170000016, 35.67211864 ], [ 138.086129660000012, 35.67150947 ], [ 138.08662633, 35.66997364 ], [ 138.087566060000029, 35.66832697 ], [ 138.08768078, 35.66774753 ], [ 138.087132170000018, 35.66637586 ], [ 138.087538280000018, 35.66584475 ], [ 138.087562440000028, 35.66531031 ], [ 138.08830217000002, 35.66434864 ], [ 138.088222170000023, 35.66356392 ], [ 138.08889577, 35.66291836 ], [ 138.08958358000001, 35.66126922 ], [ 138.090451630000018, 35.66077978 ], [ 138.090437470000012, 35.65997756 ], [ 138.090795250000014, 35.65949533 ], [ 138.091034690000015, 35.65823839 ], [ 138.091364700000014, 35.65750256 ], [ 138.09235080000002, 35.656867 ], [ 138.09258691, 35.65639811 ], [ 138.09248969, 35.65571784 ], [ 138.091958300000016, 35.655027 ], [ 138.0923472, 35.65445756 ], [ 138.09301747, 35.65394395 ], [ 138.09381611, 35.65263478 ], [ 138.095375010000026, 35.65134005 ], [ 138.09651722000001, 35.65093397 ], [ 138.09813531, 35.65079175 ], [ 138.098367520000011, 35.65062175 ], [ 138.098676980000022, 35.64931259 ], [ 138.09917, 35.64780925 ], [ 138.101183640000016, 35.64819841 ], [ 138.102533920000013, 35.64867731 ], [ 138.10201, 35.64773314 ], [ 138.10187805000001, 35.64699731 ], [ 138.10201694, 35.64516756 ], [ 138.10245445000001, 35.64454617 ], [ 138.10238834, 35.64332756 ], [ 138.102537760000018, 35.64253256 ], [ 138.103329420000023, 35.64128977 ], [ 138.10420442, 35.63891144 ], [ 138.103711340000018, 35.63643617 ], [ 138.103784110000021, 35.63572117 ], [ 138.10415244, 35.63522784 ], [ 138.104360510000021, 35.63445059 ], [ 138.104221610000025, 35.63387059 ], [ 138.104718280000014, 35.63336697 ], [ 138.105280780000015, 35.63223531 ], [ 138.104940510000034, 35.63179808 ], [ 138.10496131, 35.63091253 ], [ 138.10522158, 35.63046503 ], [ 138.10513131, 35.62861086 ], [ 138.105329360000013, 35.62715613 ], [ 138.105909360000027, 35.62687169 ], [ 138.105155720000027, 35.6254378 ], [ 138.104888220000021, 35.62413586 ], [ 138.104239340000021, 35.62335475 ], [ 138.103964890000015, 35.62266389 ], [ 138.10446156, 35.62113611 ], [ 138.104548490000013, 35.62046972 ], [ 138.104315690000021, 35.61991056 ], [ 138.10438876, 35.61861584 ], [ 138.10333986, 35.61745972 ], [ 138.10314209, 35.61680361 ], [ 138.101503450000024, 35.61577223 ], [ 138.10108317000001, 35.61489056 ], [ 138.10193399000002, 35.61405389 ], [ 138.102791500000023, 35.61299167 ], [ 138.10278095000001, 35.61240833 ], [ 138.104888720000019, 35.6091172 ], [ 138.10598564, 35.60781887 ], [ 138.10662453, 35.60731887 ], [ 138.10642647, 35.60655859 ], [ 138.10734647000001, 35.60601359 ], [ 138.10760703, 35.60494441 ], [ 138.108593140000011, 35.60336441 ], [ 138.109179800000021, 35.60286136 ], [ 138.109849810000014, 35.60171887 ], [ 138.11074202, 35.60052136 ], [ 138.11258591, 35.59947661 ], [ 138.113349810000017, 35.59940689 ], [ 138.11414815, 35.59882356 ], [ 138.11567258, 35.59729272 ], [ 138.11628008, 35.59734828 ], [ 138.117710360000018, 35.59697328 ], [ 138.11855064, 35.59654272 ], [ 138.11986314, 35.59663633 ], [ 138.12063759, 35.59641411 ], [ 138.121521750000028, 35.59655717 ], [ 138.122086740000015, 35.59618272 ], [ 138.12323231000002, 35.59482744 ], [ 138.124298150000016, 35.59453356 ], [ 138.12532508000001, 35.59369161 ], [ 138.12610397, 35.59254717 ], [ 138.1258762, 35.59153384 ], [ 138.12639175000001, 35.59014353 ], [ 138.126225080000012, 35.58930187 ], [ 138.12725647000002, 35.58840269 ], [ 138.127331750000025, 35.5878952 ], [ 138.12708616, 35.5867538 ], [ 138.12734756, 35.58606825 ], [ 138.128075620000033, 35.58534131 ], [ 138.128844230000027, 35.5849452 ], [ 138.129963670000024, 35.58362325 ], [ 138.13006589, 35.58298936 ], [ 138.13082144, 35.58130464 ], [ 138.131745060000014, 35.5813938 ], [ 138.132393940000014, 35.58171464 ], [ 138.133715890000019, 35.58143408 ], [ 138.135653970000021, 35.5816888 ], [ 138.136131750000033, 35.58143044 ], [ 138.136268420000022, 35.58072378 ], [ 138.13764895, 35.579056 ], [ 138.13840672, 35.57856905 ], [ 138.139360050000022, 35.57823433 ], [ 138.140834230000024, 35.57735767 ], [ 138.14251314, 35.57717933 ], [ 138.14387815, 35.57651823 ], [ 138.14530202, 35.57659544 ], [ 138.14676508, 35.57628128 ], [ 138.14717231000003, 35.575916 ], [ 138.147825360000013, 35.57488684 ], [ 138.149067590000016, 35.57380767 ], [ 138.14971591, 35.57368295 ], [ 138.15156536, 35.57241764 ], [ 138.151845080000015, 35.57169541 ], [ 138.151810360000013, 35.57095987 ], [ 138.151724770000015, 35.56993208 ], [ 138.15144949, 35.56877041 ], [ 138.150998110000018, 35.56752431 ], [ 138.15095922, 35.56629375 ], [ 138.150183380000016, 35.56488792 ], [ 138.148552560000013, 35.56279987 ], [ 138.148438660000011, 35.56195931 ], [ 138.147956720000025, 35.56161903 ], [ 138.14765394, 35.56060792 ], [ 138.147254770000018, 35.55994208 ], [ 138.14724562, 35.55934153 ], [ 138.14663589, 35.55864431 ], [ 138.146397, 35.55749541 ], [ 138.1461309, 35.55701541 ], [ 138.14453058, 35.55613792 ], [ 138.144261970000031, 35.5561882 ], [ 138.14139336, 35.55507625 ], [ 138.142825580000022, 35.55523513 ], [ 138.144140580000027, 35.55467541 ], [ 138.14480031, 35.55484261 ], [ 138.146001410000025, 35.55450428 ], [ 138.146900030000012, 35.55457484 ], [ 138.14817645, 35.55427733 ], [ 138.149319780000013, 35.55350039 ], [ 138.150450050000018, 35.55333289 ], [ 138.151264770000012, 35.55278067 ], [ 138.152083670000025, 35.55283678 ], [ 138.153321170000027, 35.553454 ], [ 138.15421394, 35.55348039 ], [ 138.15587144, 35.55200733 ], [ 138.15602616000001, 35.55175095 ], [ 138.15596589, 35.54900678 ], [ 138.15617756, 35.54844511 ], [ 138.15705922, 35.54798205 ], [ 138.157550610000015, 35.54750623 ], [ 138.158913110000015, 35.54663428 ], [ 138.15875756, 35.54567095 ], [ 138.1594245, 35.54493233 ], [ 138.158406160000027, 35.5441465 ], [ 138.157272, 35.542304 ], [ 138.15624589, 35.54173123 ], [ 138.156047810000018, 35.54122564 ], [ 138.155215310000017, 35.54028647 ], [ 138.154887810000019, 35.5394798 ], [ 138.153862800000013, 35.53874508 ], [ 138.153134750000021, 35.5376648 ], [ 138.152400030000024, 35.53726508 ], [ 138.15148808, 35.53620203 ], [ 138.15072558, 35.53608814 ], [ 138.14873531, 35.53495592 ], [ 138.14794114, 35.53475314 ], [ 138.14794336, 35.53419897 ], [ 138.147604480000012, 35.53360425 ], [ 138.147566980000022, 35.53244759 ], [ 138.14728975, 35.53117953 ], [ 138.147353360000011, 35.53031508 ], [ 138.14696086, 35.52960203 ], [ 138.1459428, 35.52917731 ], [ 138.14433336, 35.52783397 ], [ 138.14329139, 35.52752175 ], [ 138.14276611, 35.52707536 ], [ 138.14213917, 35.52552008 ], [ 138.141282780000012, 35.52504897 ], [ 138.1409075, 35.52443731 ], [ 138.139721110000011, 35.52374092 ], [ 138.13829361, 35.52215397 ], [ 138.13828333, 35.52153008 ], [ 138.138567780000017, 35.52090369 ], [ 138.139109170000012, 35.52047425 ], [ 138.141040560000022, 35.5207048 ], [ 138.143295280000018, 35.51980477 ], [ 138.144294160000015, 35.51963561 ], [ 138.14480555, 35.519132 ], [ 138.145783920000014, 35.519052 ], [ 138.14633003000003, 35.51864284 ], [ 138.145975030000017, 35.51599172 ], [ 138.146282500000012, 35.51377922 ], [ 138.14600027000003, 35.51275089 ], [ 138.14543611000002, 35.51162061 ], [ 138.14448056, 35.51123561 ], [ 138.14384167, 35.51046811 ], [ 138.14384167, 35.50924256 ], [ 138.143275010000025, 35.50759728 ], [ 138.143341390000018, 35.50632923 ], [ 138.141696390000021, 35.50510561 ], [ 138.140941390000023, 35.50436589 ], [ 138.139940270000011, 35.502907 ], [ 138.139500270000013, 35.5013392 ], [ 138.14018083000002, 35.49973336 ], [ 138.142362500000019, 35.49963031 ], [ 138.14363917, 35.50003531 ], [ 138.144322500000015, 35.5006392 ], [ 138.14521944, 35.50052975 ], [ 138.14620333000002, 35.5006528 ], [ 138.14749361, 35.50042225 ], [ 138.14856, 35.49997975 ], [ 138.15045975000001, 35.49845641 ], [ 138.151640860000015, 35.49781697 ], [ 138.152119200000016, 35.49724197 ], [ 138.152676980000024, 35.49694892 ], [ 138.153579200000024, 35.49608364 ], [ 138.154224470000031, 35.49588892 ], [ 138.154880580000025, 35.4953678 ], [ 138.156690310000016, 35.49485113 ], [ 138.157988910000029, 35.49429447 ], [ 138.15958280000001, 35.49424531 ], [ 138.162272800000011, 35.49463225 ], [ 138.16462365000001, 35.49387169 ], [ 138.164653640000012, 35.49357225 ], [ 138.163961970000031, 35.49251197 ], [ 138.16311475, 35.4914942 ], [ 138.16151531, 35.49021059 ], [ 138.160823920000013, 35.48983697 ], [ 138.16064086, 35.48908753 ], [ 138.16016224, 35.48843031 ], [ 138.158683640000021, 35.4872292 ], [ 138.158322530000021, 35.48630113 ], [ 138.15848392, 35.48492086 ], [ 138.158374470000012, 35.48414697 ], [ 138.158765580000022, 35.48286336 ], [ 138.15827891, 35.48192836 ], [ 138.158071410000019, 35.48065364 ], [ 138.15763114, 35.47960003 ], [ 138.157029750000021, 35.47880864 ], [ 138.156401140000014, 35.47690531 ], [ 138.15656808, 35.47582028 ], [ 138.156436690000021, 35.47453861 ], [ 138.156133360000013, 35.47426833 ], [ 138.15642309, 35.47315889 ], [ 138.15678392, 35.47279417 ], [ 138.15869224, 35.47227528 ], [ 138.160081140000017, 35.47149944 ], [ 138.16040365, 35.470835 ], [ 138.160094750000013, 35.47039 ], [ 138.16032725, 35.46996722 ], [ 138.160316130000012, 35.46898111 ], [ 138.16012224, 35.46871251 ], [ 138.160157810000015, 35.46734139 ], [ 138.15978031, 35.46724305 ], [ 138.158955030000016, 35.46574223 ], [ 138.15887586, 35.46459695 ], [ 138.15832336, 35.46429944 ], [ 138.15767864, 35.46327751 ], [ 138.15722195, 35.46186611 ], [ 138.15726834000003, 35.46083528 ], [ 138.156913060000022, 35.45998084 ], [ 138.15569667, 35.45948223 ], [ 138.15520195000002, 35.45905278 ], [ 138.153195010000019, 35.45897444 ], [ 138.151421090000014, 35.45870833 ], [ 138.151185810000015, 35.45916917 ], [ 138.14975053, 35.46001444 ], [ 138.148329140000016, 35.46023139 ], [ 138.14753636, 35.459715 ], [ 138.146032750000018, 35.45934805 ], [ 138.143966060000025, 35.45939722 ], [ 138.141019100000022, 35.45899472 ], [ 138.14075384, 35.45884472 ], [ 138.13987355, 35.45757861 ], [ 138.139510200000018, 35.45727 ], [ 138.13794630000001, 35.45647584 ], [ 138.13742464, 35.45586751 ], [ 138.13641519, 35.45532361 ], [ 138.135270470000023, 35.45443472 ], [ 138.133577660000014, 35.45395361 ], [ 138.13244850000001, 35.453795 ], [ 138.13157462, 35.45334028 ], [ 138.130693770000022, 35.45353 ], [ 138.129600440000019, 35.45422777 ], [ 138.128861560000018, 35.45438944 ], [ 138.127576840000017, 35.45438584 ], [ 138.125424330000016, 35.45520861 ], [ 138.12396988, 35.45557028 ], [ 138.12353128, 35.4563975 ], [ 138.123052670000021, 35.45662417 ], [ 138.121927910000011, 35.45639305 ], [ 138.120472630000023, 35.45460889 ], [ 138.119889030000024, 35.45368277 ], [ 138.11980764, 35.45306889 ], [ 138.120354030000016, 35.45213472 ], [ 138.120466810000011, 35.45150751 ], [ 138.12035817, 35.44975167 ], [ 138.12001983, 35.44834361 ], [ 138.11946455, 35.44795528 ], [ 138.119320120000026, 35.44718833 ], [ 138.119342890000013, 35.44597861 ], [ 138.119825940000027, 35.4453375 ], [ 138.120949810000013, 35.44422751 ], [ 138.12104008, 35.44357751 ], [ 138.121608690000016, 35.44305389 ], [ 138.12235092, 35.44159972 ], [ 138.12261759, 35.44048056 ], [ 138.12296231000002, 35.4399425 ], [ 138.122830890000017, 35.43896 ], [ 138.123076160000011, 35.43874778 ], [ 138.12326866, 35.43781472 ], [ 138.12367423, 35.43698611 ], [ 138.123648660000015, 35.43623889 ], [ 138.123962550000016, 35.43566084 ], [ 138.122666690000017, 35.43384444 ], [ 138.122109750000021, 35.43321778 ], [ 138.12139725, 35.43291084 ], [ 138.12041975, 35.43188889 ], [ 138.120208640000016, 35.43144444 ], [ 138.120353060000014, 35.4301 ], [ 138.12105861, 35.42893917 ], [ 138.12152083, 35.42855667 ], [ 138.122562500000015, 35.42847556 ], [ 138.12309528000003, 35.42807805 ], [ 138.12424361, 35.42782917 ], [ 138.12506222, 35.427885 ], [ 138.126171950000014, 35.42752084 ], [ 138.127470830000021, 35.42750167 ], [ 138.12801389, 35.42725667 ], [ 138.12899834000001, 35.42726139 ], [ 138.12993416, 35.42684944 ], [ 138.13073472, 35.426285 ], [ 138.132579170000014, 35.42600944 ], [ 138.13318694, 35.42552139 ], [ 138.13404112, 35.4253225 ], [ 138.13452222, 35.42461667 ], [ 138.135752500000024, 35.42439444 ], [ 138.136889420000017, 35.42350141 ], [ 138.13851302, 35.42347364 ], [ 138.139008030000014, 35.4232842 ], [ 138.139825520000016, 35.42260364 ], [ 138.13948886, 35.42210836 ], [ 138.139231630000012, 35.42097253 ], [ 138.138614940000025, 35.42042169 ], [ 138.138623, 35.41996503 ], [ 138.13926883, 35.4190128 ], [ 138.138956060000027, 35.4185042 ], [ 138.139143280000013, 35.41788392 ], [ 138.139033260000019, 35.41648003 ], [ 138.13873464, 35.41577808 ], [ 138.137904920000011, 35.41474447 ], [ 138.136780750000014, 35.41439336 ], [ 138.13511158, 35.41404086 ], [ 138.134568780000023, 35.41321003 ], [ 138.13433322000003, 35.41219253 ], [ 138.13438822, 35.41075947 ], [ 138.13428847, 35.40928669 ], [ 138.13461652, 35.40877031 ], [ 138.134879580000018, 35.40774613 ], [ 138.137145940000011, 35.40702892 ], [ 138.13939317, 35.40577336 ], [ 138.140216230000021, 35.40555947 ], [ 138.14157484, 35.40556559 ], [ 138.142288440000016, 35.40592559 ], [ 138.14333872, 35.40618395 ], [ 138.144376500000021, 35.40607478 ], [ 138.145209, 35.40493256 ], [ 138.146028980000011, 35.40443256 ], [ 138.1467173, 35.40347895 ], [ 138.147641720000024, 35.40179533 ], [ 138.148854230000012, 35.40081422 ], [ 138.149009220000011, 35.39994951 ], [ 138.149751440000017, 35.39937089 ], [ 138.15109558, 35.39882505 ], [ 138.15254808, 35.39798395 ], [ 138.153130030000028, 35.39723589 ], [ 138.15263973, 35.39638589 ], [ 138.152475840000022, 35.39560839 ], [ 138.152565840000022, 35.39477314 ], [ 138.15183109, 35.39354814 ], [ 138.15166358, 35.39141897 ], [ 138.151177170000011, 35.38996703 ], [ 138.14934467, 35.3891598 ], [ 138.14847272, 35.38813259 ], [ 138.147773550000011, 35.38754814 ], [ 138.147806030000027, 35.38708203 ], [ 138.147271030000013, 35.3856048 ], [ 138.1457035, 35.38363925 ], [ 138.14602044, 35.38269508 ], [ 138.145799340000025, 35.3820412 ], [ 138.145049590000013, 35.38116759 ], [ 138.14448737, 35.37965369 ], [ 138.14422066, 35.37803036 ], [ 138.143680390000014, 35.37721869 ], [ 138.14389484, 35.37625231 ], [ 138.143584840000017, 35.37564425 ], [ 138.14204092, 35.37425592 ], [ 138.14161202, 35.3732198 ], [ 138.141619220000024, 35.37168817 ], [ 138.141947280000011, 35.37065817 ], [ 138.141143670000019, 35.36949261 ], [ 138.14024645, 35.36896428 ], [ 138.139273670000023, 35.36867205 ], [ 138.13816005000001, 35.36874567 ], [ 138.13747895, 35.36819372 ], [ 138.13644839, 35.36767428 ], [ 138.13501586000001, 35.36674039 ], [ 138.134108110000028, 35.36668123 ], [ 138.1325728, 35.36608508 ], [ 138.12929728, 35.36528814 ], [ 138.128924500000011, 35.36564675 ], [ 138.12690090000001, 35.36662786 ], [ 138.126129800000029, 35.36740425 ], [ 138.124018150000012, 35.36804731 ], [ 138.1228037, 35.36743341 ], [ 138.12086453, 35.36686369 ], [ 138.120206740000015, 35.36688564 ], [ 138.11811842, 35.36619536 ], [ 138.11661258, 35.36527869 ], [ 138.11514258, 35.36487395 ], [ 138.11418287, 35.36437644 ], [ 138.11373842, 35.36380256 ], [ 138.11276258, 35.36322117 ], [ 138.112324250000029, 35.36276784 ], [ 138.11103925, 35.361992 ], [ 138.109842550000025, 35.3610045 ], [ 138.10889477, 35.36064533 ], [ 138.10791341, 35.36067756 ], [ 138.10718925, 35.36038033 ], [ 138.106869780000011, 35.35915756 ], [ 138.105832, 35.35803728 ], [ 138.105564230000027, 35.35752533 ], [ 138.104641720000018, 35.35730895 ], [ 138.103770340000011, 35.35687617 ], [ 138.101707, 35.35487756 ], [ 138.100061440000019, 35.35402672 ], [ 138.098820610000018, 35.35437395 ], [ 138.097957, 35.35444311 ], [ 138.096991440000011, 35.3542695 ], [ 138.09654978, 35.35375423 ], [ 138.09610090000001, 35.35260784 ], [ 138.094716160000019, 35.35205867 ], [ 138.094348110000027, 35.35162589 ], [ 138.09377419, 35.34997033 ], [ 138.09492086, 35.34911533 ], [ 138.095426980000013, 35.34900033 ], [ 138.09627336, 35.34832811 ], [ 138.096798880000023, 35.34721395 ], [ 138.09684445000002, 35.34625564 ], [ 138.096520560000016, 35.34545231 ], [ 138.096601670000013, 35.34438536 ], [ 138.09579358, 35.34271508 ], [ 138.09581553000001, 35.34211008 ], [ 138.096333550000026, 35.33994231 ], [ 138.09591577, 35.3396362 ], [ 138.09531358000001, 35.33986425 ], [ 138.093328300000024, 35.33983592 ], [ 138.09186969000001, 35.33945786 ], [ 138.090642480000014, 35.33873647 ], [ 138.08913109, 35.33856425 ], [ 138.08670859, 35.33772369 ], [ 138.085292480000021, 35.33777644 ], [ 138.084431630000012, 35.33794589 ], [ 138.08234611, 35.33875644 ], [ 138.08087, 35.34023589 ], [ 138.08054167, 35.34113784 ], [ 138.079733920000024, 35.34229617 ], [ 138.079616140000013, 35.34303478 ], [ 138.07878752000002, 35.34365144 ], [ 138.07698172000002, 35.34431808 ], [ 138.076078110000026, 35.3440092 ], [ 138.074917, 35.34452253 ], [ 138.074413390000018, 35.3449492 ], [ 138.073532280000023, 35.34514808 ], [ 138.072180920000022, 35.34616336 ], [ 138.071217030000014, 35.34706253 ], [ 138.070332580000013, 35.34741864 ], [ 138.06872397, 35.3469842 ], [ 138.06649425, 35.34715947 ], [ 138.06570231, 35.34699753 ], [ 138.06405872000002, 35.34735503 ], [ 138.06290039000001, 35.34710917 ], [ 138.061335940000021, 35.34719889 ], [ 138.060062890000012, 35.34637333 ], [ 138.05908564, 35.34508389 ], [ 138.057668420000027, 35.34446723 ], [ 138.056757590000018, 35.34384444 ], [ 138.05566536, 35.34404167 ], [ 138.055494810000027, 35.34382139 ], [ 138.0555962, 35.34243613 ], [ 138.05525477, 35.3399728 ], [ 138.054338110000032, 35.33845531 ], [ 138.052511440000018, 35.33705587 ], [ 138.05182978000002, 35.33620697 ], [ 138.050637, 35.33546697 ], [ 138.049133110000014, 35.33511059 ], [ 138.047835890000016, 35.3350242 ], [ 138.04573144, 35.33537808 ], [ 138.04400866, 35.33518725 ], [ 138.043317, 35.33523697 ], [ 138.04218506, 35.33482475 ], [ 138.03982034, 35.33421336 ], [ 138.038391720000021, 35.33369892 ], [ 138.037727, 35.33310947 ], [ 138.037425330000019, 35.33252836 ], [ 138.03777922, 35.3317392 ], [ 138.03753475000002, 35.33096253 ], [ 138.038183920000023, 35.33043253 ], [ 138.038588910000016, 35.32945864 ], [ 138.03859141, 35.32893947 ], [ 138.03915917, 35.32734336 ], [ 138.039289170000018, 35.32635253 ], [ 138.038982780000026, 35.32600225 ], [ 138.036526940000016, 35.32556697 ], [ 138.0343325, 35.3245978 ], [ 138.033135010000024, 35.32381364 ], [ 138.03276528, 35.32333003 ], [ 138.031433890000017, 35.32254811 ], [ 138.031191950000022, 35.32203395 ], [ 138.03002722, 35.3219245 ], [ 138.028739730000012, 35.32164589 ], [ 138.02820608, 35.32124811 ], [ 138.026939140000025, 35.32089311 ], [ 138.026063860000022, 35.32021228 ], [ 138.02581497, 35.31794839 ], [ 138.026269690000021, 35.31754533 ], [ 138.026301360000019, 35.31663144 ], [ 138.026028270000012, 35.31573256 ], [ 138.026528830000018, 35.31521033 ], [ 138.026663, 35.31370867 ], [ 138.02712384, 35.31329561 ], [ 138.027736590000018, 35.31164477 ], [ 138.02660936, 35.3096398 ], [ 138.02574519, 35.30896647 ], [ 138.025189920000031, 35.30795231 ], [ 138.02402713, 35.30713286 ], [ 138.023754890000021, 35.30618925 ], [ 138.02379073000003, 35.30534508 ], [ 138.02251433, 35.30455341 ], [ 138.021320730000014, 35.3027598 ], [ 138.020407660000018, 35.30227397 ], [ 138.019814890000021, 35.30156369 ], [ 138.018876280000029, 35.30109203 ], [ 138.01800044, 35.30157675 ], [ 138.01655628, 35.30202564 ], [ 138.015579880000018, 35.3030098 ], [ 138.013940170000012, 35.30324508 ], [ 138.012941830000017, 35.30326203 ], [ 138.011906830000015, 35.30370703 ], [ 138.009535450000016, 35.30363397 ], [ 138.00567711, 35.30439508 ], [ 138.00414655, 35.30375703 ], [ 138.002799340000024, 35.30344869 ], [ 138.001484620000014, 35.30285786 ], [ 137.999749340000022, 35.30284731 ], [ 137.998447390000024, 35.30330841 ], [ 137.996510170000022, 35.30205008 ], [ 137.99461489, 35.30215759 ], [ 137.992093220000015, 35.30170397 ], [ 137.99129514, 35.3004062 ], [ 137.99053319, 35.29983703 ], [ 137.98820791, 35.29860872 ], [ 137.987627910000015, 35.29793677 ], [ 137.98542903, 35.29649067 ], [ 137.984127890000025, 35.29533817 ], [ 137.983242890000014, 35.29328789 ], [ 137.98235761, 35.29239344 ], [ 137.979711510000016, 35.29248844 ], [ 137.97791428, 35.29264484 ], [ 137.976413990000026, 35.29321372 ], [ 137.97463567, 35.29339872 ], [ 137.97341538, 35.29304761 ], [ 137.973312610000022, 35.29180705 ], [ 137.972451190000015, 35.29007623 ], [ 137.971007860000014, 35.28928097 ], [ 137.970489250000014, 35.28879736 ], [ 137.96930703000001, 35.2870332 ], [ 137.969025640000012, 35.28629041 ], [ 137.96794287000003, 35.28518875 ], [ 137.96734064, 35.28420403 ], [ 137.967375620000013, 35.28334097 ], [ 137.967182550000018, 35.28293931 ], [ 137.96655672, 35.2826768 ], [ 137.966180340000022, 35.28300264 ], [ 137.966071170000021, 35.28376625 ], [ 137.96548008, 35.28410764 ], [ 137.96392314, 35.2846118 ], [ 137.962648980000012, 35.28421041 ], [ 137.960318950000016, 35.28293931 ], [ 137.95908283, 35.28268013 ], [ 137.957753380000014, 35.28263097 ], [ 137.957184230000024, 35.28276708 ], [ 137.954443380000015, 35.28309264 ], [ 137.95297506, 35.28317959 ], [ 137.95189034, 35.28308153 ], [ 137.95055783, 35.28183097 ], [ 137.94963311, 35.28110875 ], [ 137.94808061, 35.28037211 ], [ 137.947921440000016, 35.27983628 ], [ 137.947333390000011, 35.279596 ], [ 137.94706616000002, 35.27805156 ], [ 137.946282, 35.27729933 ], [ 137.94509506, 35.27661795 ], [ 137.94424283, 35.27628433 ], [ 137.94254533, 35.27585128 ], [ 137.941060890000017, 35.27633017 ], [ 137.94060866, 35.27631128 ], [ 137.939235060000016, 35.27581323 ], [ 137.935112550000014, 35.27571211 ], [ 137.933663110000026, 35.27592823 ], [ 137.93170756, 35.27592684 ], [ 137.929252550000029, 35.27547017 ], [ 137.92914839, 35.27387656 ], [ 137.928504770000018, 35.27163684 ], [ 137.928257, 35.27030739 ], [ 137.927474500000017, 35.26922461 ], [ 137.9262445, 35.26890517 ], [ 137.926233380000014, 35.26724711 ], [ 137.926006160000014, 35.26535351 ], [ 137.925487520000019, 35.26325295 ], [ 137.925033650000017, 35.26255878 ], [ 137.924981700000018, 35.26082489 ], [ 137.924763360000014, 35.26030628 ], [ 137.923832530000027, 35.25999184 ], [ 137.92235752000002, 35.25912072 ], [ 137.921605310000018, 35.25825131 ], [ 137.920553920000032, 35.25731075 ], [ 137.919762240000011, 35.25578853 ], [ 137.91921837000001, 35.25531436 ], [ 137.91861309, 35.2543738 ], [ 137.917519200000015, 35.25405131 ], [ 137.916319470000019, 35.25412547 ], [ 137.91514837, 35.25402908 ], [ 137.912813640000024, 35.25335714 ], [ 137.911705330000018, 35.25346631 ], [ 137.910494770000014, 35.25417436 ], [ 137.908667, 35.25429047 ], [ 137.906852550000025, 35.25424353 ], [ 137.904976160000018, 35.25502213 ], [ 137.90374756, 35.25513964 ], [ 137.903179250000022, 35.25555159 ], [ 137.90231703, 35.25579408 ], [ 137.901305910000019, 35.25585656 ], [ 137.899789530000021, 35.25648933 ], [ 137.89870092000001, 35.25647295 ], [ 137.897608970000022, 35.25692323 ], [ 137.89670372, 35.25765823 ], [ 137.895425940000024, 35.25798851 ], [ 137.894983450000012, 35.25716656 ], [ 137.89476122, 35.25612877 ], [ 137.893545110000019, 35.25422961 ], [ 137.89234428, 35.25429351 ], [ 137.891099560000015, 35.25416489 ], [ 137.88954872, 35.25268795 ], [ 137.888027890000018, 35.25173544 ], [ 137.887684, 35.25115128 ], [ 137.886830660000015, 35.25116405 ], [ 137.884927060000024, 35.25046961 ], [ 137.884020390000018, 35.24994405 ], [ 137.882465380000014, 35.24809631 ], [ 137.88274261, 35.24706214 ], [ 137.883381500000013, 35.24655436 ], [ 137.883578170000021, 35.24519853 ], [ 137.88409869000003, 35.24395687 ], [ 137.882742580000013, 35.24335769 ], [ 137.88214564, 35.24280213 ], [ 137.88192036, 35.24158741 ], [ 137.88273092, 35.24051325 ], [ 137.88265536, 35.23973131 ], [ 137.883119530000016, 35.2393552 ], [ 137.88375008, 35.23811214 ], [ 137.88447839, 35.23752325 ], [ 137.884495330000021, 35.23677908 ], [ 137.884891720000013, 35.23624964 ], [ 137.884130610000028, 35.23528214 ], [ 137.883551720000014, 35.23343908 ], [ 137.88279144, 35.23285408 ], [ 137.882065330000017, 35.2306588 ], [ 137.881250890000018, 35.23013797 ], [ 137.880651730000011, 35.22942769 ], [ 137.880576140000016, 35.22796159 ], [ 137.880276980000019, 35.22733047 ], [ 137.880355580000014, 35.22634992 ], [ 137.878968910000026, 35.22447241 ], [ 137.87770197, 35.22387325 ], [ 137.876681140000017, 35.22266131 ], [ 137.87664224, 35.22189547 ], [ 137.875455030000012, 35.22084353 ], [ 137.873548640000024, 35.21947936 ], [ 137.872546130000018, 35.2188802 ], [ 137.8717092, 35.21880686 ], [ 137.86992170000002, 35.21951159 ], [ 137.86898616000002, 35.2202138 ], [ 137.867170050000027, 35.2212752 ], [ 137.86523005, 35.2215452 ], [ 137.86494839, 35.22267464 ], [ 137.86412815, 35.22270075 ], [ 137.863525910000021, 35.22244631 ], [ 137.86282008, 35.22284714 ], [ 137.861457590000015, 35.2230638 ], [ 137.86084815000001, 35.22279964 ], [ 137.859899800000022, 35.22296964 ], [ 137.85919397, 35.22331741 ], [ 137.85806202, 35.22234714 ], [ 137.85664012, 35.22297686 ], [ 137.85587594, 35.22287464 ], [ 137.85413012, 35.22185686 ], [ 137.85318872000002, 35.22168436 ], [ 137.85254261, 35.22186159 ], [ 137.851322610000011, 35.22175325 ], [ 137.850730950000013, 35.22136186 ], [ 137.84945289, 35.22113547 ], [ 137.848909, 35.2214902 ], [ 137.84785012, 35.22159741 ], [ 137.847519300000016, 35.22186408 ], [ 137.847010970000014, 35.22167714 ], [ 137.846408750000023, 35.22098547 ], [ 137.844929580000013, 35.22100714 ], [ 137.84467847, 35.22040353 ], [ 137.84502597, 35.21965603 ], [ 137.84504594, 35.21902436 ], [ 137.844083190000021, 35.21907992 ], [ 137.84338817, 35.21842797 ], [ 137.843632050000025, 35.21774353 ], [ 137.84287261, 35.21724131 ], [ 137.842047890000032, 35.2173402 ], [ 137.84120178, 35.21632241 ], [ 137.8402782, 35.21671297 ], [ 137.83945097, 35.21664269 ], [ 137.839108200000027, 35.2160238 ], [ 137.838614580000012, 35.21582269 ], [ 137.83808847, 35.21660353 ], [ 137.837517080000026, 35.21643686 ], [ 137.836809030000012, 35.21562853 ], [ 137.837732610000018, 35.21461687 ], [ 137.83828623, 35.21345464 ], [ 137.83811567, 35.21246659 ], [ 137.8343318, 35.21396964 ], [ 137.83317820000002, 35.21419464 ], [ 137.831529030000013, 35.21475964 ], [ 137.82978795, 35.21505269 ], [ 137.828233770000026, 35.21542825 ], [ 137.826748220000013, 35.21594853 ], [ 137.825262110000011, 35.21579575 ], [ 137.823796030000011, 35.21595713 ], [ 137.821519360000025, 35.21564853 ], [ 137.8203427, 35.21527964 ], [ 137.819484640000013, 35.21478492 ], [ 137.81780852, 35.21458047 ], [ 137.815769640000013, 35.21370047 ], [ 137.815403530000026, 35.21291631 ], [ 137.814485470000022, 35.21250603 ], [ 137.81289992, 35.21227575 ], [ 137.811166300000025, 35.21157908 ], [ 137.809538520000018, 35.21011908 ], [ 137.806776300000024, 35.20980631 ], [ 137.804242970000018, 35.2084952 ], [ 137.80315769, 35.20774464 ], [ 137.802391020000016, 35.2074588 ], [ 137.801971020000025, 35.20691297 ], [ 137.800424640000017, 35.20565103 ], [ 137.798222970000012, 35.20508047 ], [ 137.79655575000001, 35.20507325 ], [ 137.79524852, 35.20406631 ], [ 137.794202410000025, 35.20495741 ], [ 137.793451850000025, 35.20508297 ], [ 137.792292410000016, 35.2050238 ], [ 137.79188603, 35.20469853 ], [ 137.791061580000019, 35.20513964 ], [ 137.79037908, 35.20519131 ], [ 137.789665470000017, 35.20464547 ], [ 137.788371860000012, 35.20441631 ], [ 137.78759939, 35.20511464 ], [ 137.786356060000031, 35.20540436 ], [ 137.785777170000017, 35.20568769 ], [ 137.783492440000032, 35.20597603 ], [ 137.78279523, 35.20481769 ], [ 137.78169745, 35.20423992 ], [ 137.780728830000015, 35.20427686 ], [ 137.77999467, 35.20370047 ], [ 137.779654640000018, 35.20297575 ], [ 137.77909519, 35.20275159 ], [ 137.77822633, 35.20366964 ], [ 137.77706939, 35.20339241 ], [ 137.776149100000026, 35.20352047 ], [ 137.77462717, 35.20348214 ], [ 137.77394966, 35.20325075 ], [ 137.774240510000027, 35.20389853 ], [ 137.77396078000001, 35.2048388 ], [ 137.773451610000023, 35.20544877 ], [ 137.772109950000015, 35.20582433 ], [ 137.771254940000034, 35.20564684 ], [ 137.770464940000011, 35.20620739 ], [ 137.769765230000019, 35.20598322 ], [ 137.768906360000017, 35.20641295 ], [ 137.76844331, 35.20642044 ], [ 137.76771997, 35.20689489 ], [ 137.76682163000001, 35.20872933 ], [ 137.76609331, 35.20999711 ], [ 137.7662472, 35.2105035 ], [ 137.767155550000012, 35.21135017 ], [ 137.76785528000002, 35.21228405 ], [ 137.76849722, 35.21283211 ], [ 137.76924639, 35.21441933 ], [ 137.76928837, 35.21598767 ], [ 137.768764480000016, 35.21670851 ], [ 137.767916690000021, 35.21748711 ], [ 137.768021410000017, 35.21846184 ], [ 137.76716392000003, 35.21844211 ], [ 137.766393920000013, 35.21877823 ], [ 137.765550030000014, 35.21840517 ], [ 137.764692240000016, 35.21873517 ], [ 137.76394172000002, 35.21990211 ], [ 137.763600610000026, 35.22013711 ], [ 137.76191144, 35.22070267 ], [ 137.760567, 35.22060795 ], [ 137.759461720000019, 35.22211711 ], [ 137.75843423, 35.22202351 ], [ 137.75706034000001, 35.22143795 ], [ 137.75624086, 35.22057684 ], [ 137.754766140000015, 35.220711 ], [ 137.75303725, 35.22018461 ], [ 137.75207031, 35.22031405 ], [ 137.75101669, 35.22081795 ], [ 137.75033141000003, 35.22063795 ], [ 137.749536690000014, 35.21950072 ], [ 137.74845141000003, 35.21951433 ], [ 137.747771140000026, 35.21969656 ], [ 137.747003920000026, 35.22048489 ], [ 137.745849750000019, 35.219596 ], [ 137.74477837, 35.21899128 ], [ 137.74331306000002, 35.21887184 ], [ 137.742482780000017, 35.21944489 ], [ 137.74091669, 35.220101 ], [ 137.7407428, 35.22106433 ], [ 137.738912530000022, 35.22165128 ], [ 137.73837586, 35.22205517 ], [ 137.736814470000013, 35.22170405 ], [ 137.735519470000014, 35.22269739 ], [ 137.733566670000016, 35.22231877 ], [ 137.730847220000015, 35.22213933 ], [ 137.7296575, 35.22177156 ], [ 137.72942083, 35.22098351 ], [ 137.727226390000027, 35.22120461 ], [ 137.72601056000002, 35.22162072 ], [ 137.72558694, 35.22212517 ], [ 137.72496056, 35.22218461 ], [ 137.72394248, 35.221636 ], [ 137.72303886, 35.221671 ], [ 137.72241997, 35.22210017 ], [ 137.721487760000031, 35.22333656 ], [ 137.720844160000013, 35.22475211 ], [ 137.72089222, 35.22562961 ], [ 137.72200917, 35.2261485 ], [ 137.72201167, 35.22693905 ], [ 137.72253167, 35.227936 ], [ 137.72259555, 35.229011 ], [ 137.722154750000016, 35.23052295 ], [ 137.721894750000018, 35.23075823 ], [ 137.720702780000011, 35.23073877 ], [ 137.72026195, 35.23037072 ], [ 137.72002027000002, 35.22966877 ], [ 137.718266390000025, 35.22919295 ], [ 137.716777780000029, 35.22989878 ], [ 137.71558306, 35.22985072 ], [ 137.714398610000018, 35.22935544 ], [ 137.71317803, 35.22899905 ], [ 137.711773860000022, 35.22887433 ], [ 137.71084969, 35.229411 ], [ 137.71040109, 35.23010128 ], [ 137.708901920000017, 35.23079433 ], [ 137.70803608, 35.23153239 ], [ 137.707713860000013, 35.23201739 ], [ 137.707423870000014, 35.23246461 ], [ 137.706108300000011, 35.23313795 ] ] ] } },
{ "type": "Feature", "properties": { "kouiki": "木曽", "area_km2": 1546.08, "chiiki": "中信" }, "geometry": { "type": "Polygon", "coordinates": [ [ [ 137.72867939, 35.61165753 ], [ 137.728382440000019, 35.61054613 ], [ 137.726991309999988, 35.6090292 ], [ 137.72632436, 35.60862947 ], [ 137.726012700000013, 35.60814141 ], [ 137.72519409, 35.60778253 ], [ 137.724998520000014, 35.60690669 ], [ 137.724222970000028, 35.60578947 ], [ 137.7222735, 35.60649503 ], [ 137.72144739, 35.60590114 ], [ 137.72178073, 35.60504892 ], [ 137.72108516000003, 35.60433725 ], [ 137.72009961, 35.60421392 ], [ 137.719679610000014, 35.60349059 ], [ 137.720346010000014, 35.60282641 ], [ 137.72029545, 35.60258531 ], [ 137.71921569, 35.60136197 ], [ 137.71857791, 35.60127392 ], [ 137.71752014, 35.60032753 ], [ 137.716643190000013, 35.60012169 ], [ 137.7160418, 35.59943947 ], [ 137.715194030000021, 35.59906308 ], [ 137.71541847, 35.59834613 ], [ 137.715070700000012, 35.59796975 ], [ 137.71534650000001, 35.59649947 ], [ 137.71678122, 35.59512975 ], [ 137.71758567, 35.59498864 ], [ 137.71836122000002, 35.59427141 ], [ 137.71818706000002, 35.59313641 ], [ 137.71890428, 35.59261947 ], [ 137.71882484, 35.59183141 ], [ 137.71912205000001, 35.59092613 ], [ 137.71920178, 35.59007336 ], [ 137.720324840000018, 35.58890947 ], [ 137.72018012, 35.58782753 ], [ 137.7204465, 35.58616228 ], [ 137.719315380000012, 35.58584367 ], [ 137.7184062, 35.58507451 ], [ 137.717389250000025, 35.58530423 ], [ 137.71697842, 35.58505839 ], [ 137.71660703, 35.58385284 ], [ 137.715873970000018, 35.58355144 ], [ 137.714592870000018, 35.58382117 ], [ 137.71377175, 35.58346422 ], [ 137.71379148, 35.58262339 ], [ 137.71176756, 35.58137033 ], [ 137.710907, 35.58042644 ], [ 137.709323110000014, 35.58065644 ], [ 137.708853940000012, 35.58040256 ], [ 137.707993390000013, 35.57943478 ], [ 137.70791506, 35.57878422 ], [ 137.707446160000018, 35.57858589 ], [ 137.706429220000018, 35.57917311 ], [ 137.705412280000019, 35.57816561 ], [ 137.703789200000017, 35.57776117 ], [ 137.702791970000021, 35.577777 ], [ 137.701843640000021, 35.57744367 ], [ 137.70059197, 35.57776089 ], [ 137.70007419, 35.57726923 ], [ 137.69899837, 35.57677728 ], [ 137.698353090000012, 35.57625395 ], [ 137.69850947, 35.57546089 ], [ 137.6976492, 35.57511977 ], [ 137.69743416, 35.57400922 ], [ 137.69610445, 35.57362061 ], [ 137.695938340000026, 35.57293061 ], [ 137.69544944, 35.57211367 ], [ 137.69446195, 35.57192339 ], [ 137.69336694, 35.570662 ], [ 137.692741110000014, 35.5703845 ], [ 137.69201750000002, 35.569282 ], [ 137.69088358, 35.56925839 ], [ 137.690423870000018, 35.568687 ], [ 137.68947581, 35.56878228 ], [ 137.689387760000017, 35.56775895 ], [ 137.68962248, 35.56730672 ], [ 137.689299690000013, 35.56653756 ], [ 137.69065859, 35.56593478 ], [ 137.69110859, 35.56536367 ], [ 137.69033636, 35.56400756 ], [ 137.690404700000016, 35.56278589 ], [ 137.690658860000013, 35.56217533 ], [ 137.69206664, 35.56213561 ], [ 137.69267302, 35.56238172 ], [ 137.693513860000024, 35.56129478 ], [ 137.69430608, 35.56099367 ], [ 137.694491630000016, 35.56016867 ], [ 137.69490248, 35.55942311 ], [ 137.69472636, 35.55859033 ], [ 137.6946972, 35.5574245 ], [ 137.69407136, 35.55644895 ], [ 137.69365109, 35.55513228 ], [ 137.694260800000023, 35.554087 ], [ 137.69401997, 35.55298728 ], [ 137.69372691, 35.55278339 ], [ 137.692737760000028, 35.55289811 ], [ 137.692088860000013, 35.55274533 ], [ 137.691534110000021, 35.552257 ], [ 137.68997966, 35.55255005 ], [ 137.68791772, 35.55053728 ], [ 137.687536060000014, 35.54847422 ], [ 137.686908, 35.54765505 ], [ 137.686771890000017, 35.54627089 ], [ 137.68642105, 35.54576561 ], [ 137.68637966, 35.54441978 ], [ 137.687415500000014, 35.54355784 ], [ 137.686850510000028, 35.54305311 ], [ 137.686667450000016, 35.54253061 ], [ 137.685081850000017, 35.54124005 ], [ 137.68489326, 35.5405395 ], [ 137.684474640000019, 35.54002561 ], [ 137.684804360000015, 35.53941033 ], [ 137.684516590000015, 35.53826811 ], [ 137.68456881, 35.53760617 ], [ 137.684338810000014, 35.53643422 ], [ 137.68347519, 35.53676117 ], [ 137.681774640000015, 35.53566561 ], [ 137.68060742000003, 35.53554672 ], [ 137.67962881, 35.53595005 ], [ 137.678838500000012, 35.53576756 ], [ 137.678812390000019, 35.53528784 ], [ 137.677472670000014, 35.53321172 ], [ 137.675834620000018, 35.53271505 ], [ 137.67416516000003, 35.53159839 ], [ 137.673573770000019, 35.53184033 ], [ 137.67263211, 35.53168339 ], [ 137.67115601, 35.53252367 ], [ 137.670083480000017, 35.53222228 ], [ 137.668403190000021, 35.53246422 ], [ 137.667199580000016, 35.53198867 ], [ 137.665169030000015, 35.53219672 ], [ 137.664049030000029, 35.53272756 ], [ 137.66328486, 35.53259172 ], [ 137.662285420000018, 35.53277839 ], [ 137.660835670000012, 35.53187839 ], [ 137.659852050000012, 35.53139867 ], [ 137.659302340000011, 35.5313645 ], [ 137.658088170000013, 35.53090617 ], [ 137.655900660000015, 35.53186977 ], [ 137.655057890000023, 35.53162784 ], [ 137.654361780000016, 35.53169589 ], [ 137.653948720000017, 35.53218811 ], [ 137.65281289, 35.53185672 ], [ 137.652582610000024, 35.53131784 ], [ 137.6509237, 35.53061311 ], [ 137.64856341, 35.53063867 ], [ 137.648217860000017, 35.53032867 ], [ 137.64891925, 35.52962172 ], [ 137.648584250000027, 35.52831423 ], [ 137.647736740000028, 35.52755005 ], [ 137.64747481, 35.52676867 ], [ 137.64754815, 35.525852 ], [ 137.64626064, 35.52529144 ], [ 137.646417860000014, 35.52413644 ], [ 137.646711190000019, 35.52352533 ], [ 137.646030610000025, 35.52147895 ], [ 137.645538660000028, 35.52115617 ], [ 137.64401061, 35.52106284 ], [ 137.643498110000024, 35.51987423 ], [ 137.644063110000019, 35.5189995 ], [ 137.64397949, 35.51746284 ], [ 137.64409477, 35.51639284 ], [ 137.64438783, 35.51599395 ], [ 137.644167830000015, 35.51541672 ], [ 137.644303940000015, 35.51440617 ], [ 137.64404228, 35.51353144 ], [ 137.64368672, 35.51308144 ], [ 137.64414728, 35.511757 ], [ 137.64379144, 35.51095033 ], [ 137.642535620000018, 35.51072951 ], [ 137.641781720000012, 35.51100117 ], [ 137.64090253, 35.51044923 ], [ 137.64035837, 35.51043228 ], [ 137.638087250000012, 35.51092478 ], [ 137.63640197, 35.510687 ], [ 137.63518808, 35.50933672 ], [ 137.63404725, 35.50884422 ], [ 137.633105030000024, 35.50880172 ], [ 137.63175501, 35.50917561 ], [ 137.631587500000023, 35.50991395 ], [ 137.631032780000027, 35.51050841 ], [ 137.62975584000003, 35.51093314 ], [ 137.628416110000018, 35.51168008 ], [ 137.626165840000027, 35.51216397 ], [ 137.6260925, 35.5131998 ], [ 137.62560056, 35.51500008 ], [ 137.624491120000016, 35.51615453 ], [ 137.623915550000021, 35.51629036 ], [ 137.622313890000015, 35.51864203 ], [ 137.623025840000025, 35.51973759 ], [ 137.62312, 35.52014508 ], [ 137.620898610000012, 35.52099592 ], [ 137.620201950000023, 35.52140259 ], [ 137.6194275, 35.52141314 ], [ 137.61932973, 35.52237953 ], [ 137.618691950000027, 35.52338813 ], [ 137.61884167, 35.5253262 ], [ 137.618197220000013, 35.52617147 ], [ 137.617481390000023, 35.52631397 ], [ 137.616309730000012, 35.52627703 ], [ 137.615327200000024, 35.52730147 ], [ 137.61373219, 35.5287062 ], [ 137.612027200000028, 35.52980453 ], [ 137.61042581000001, 35.5303012 ], [ 137.608108860000016, 35.53308397 ], [ 137.607256080000013, 35.53354341 ], [ 137.604659140000024, 35.53249259 ], [ 137.602498270000012, 35.53070203 ], [ 137.602205500000025, 35.53083925 ], [ 137.600593550000013, 35.53229703 ], [ 137.599624940000012, 35.53290147 ], [ 137.598868560000028, 35.53399425 ], [ 137.597046620000015, 35.53454731 ], [ 137.59583161, 35.53401731 ], [ 137.595121050000017, 35.53388703 ], [ 137.59294355000003, 35.53473813 ], [ 137.590284360000027, 35.53526786 ], [ 137.589350470000028, 35.53632341 ], [ 137.58856547000002, 35.53693259 ], [ 137.58792936, 35.53804813 ], [ 137.586874920000014, 35.53833647 ], [ 137.586359080000022, 35.53822953 ], [ 137.58406686, 35.53883841 ], [ 137.582720200000011, 35.53904759 ], [ 137.58194659, 35.53878259 ], [ 137.58093241, 35.53893147 ], [ 137.580502700000011, 35.53990341 ], [ 137.580411020000014, 35.54078647 ], [ 137.57916742, 35.54245092 ], [ 137.57823908, 35.54289259 ], [ 137.577006860000012, 35.54384592 ], [ 137.577069920000014, 35.54459897 ], [ 137.576749080000013, 35.54494759 ], [ 137.5745085, 35.54452925 ], [ 137.573946830000011, 35.54472453 ], [ 137.57364905, 35.54527314 ], [ 137.57434795, 35.54656092 ], [ 137.57421628000003, 35.54777008 ], [ 137.57479519, 35.54931814 ], [ 137.574021580000021, 35.5505598 ], [ 137.572222110000013, 35.55115453 ], [ 137.57162044, 35.55158703 ], [ 137.571786550000013, 35.55232175 ], [ 137.57228489000002, 35.55306536 ], [ 137.57160878000002, 35.5535212 ], [ 137.57062905, 35.55377231 ], [ 137.570806840000017, 35.55407453 ], [ 137.571517130000018, 35.5564412 ], [ 137.57151131, 35.55712425 ], [ 137.572611310000013, 35.55797064 ], [ 137.572599920000016, 35.55827759 ], [ 137.5719238, 35.5596398 ], [ 137.572347690000015, 35.56043008 ], [ 137.57206131, 35.56124841 ], [ 137.5710927, 35.56203425 ], [ 137.57111575, 35.56262925 ], [ 137.56961992, 35.5637312 ], [ 137.568599880000022, 35.56362897 ], [ 137.567694330000023, 35.56455397 ], [ 137.56692655, 35.56478175 ], [ 137.5663935, 35.56607925 ], [ 137.564915160000027, 35.56589314 ], [ 137.56459988, 35.56642759 ], [ 137.564571280000024, 35.56804592 ], [ 137.56418739, 35.56842675 ], [ 137.56427905000001, 35.56900813 ], [ 137.56521294, 35.5694498 ], [ 137.566147130000019, 35.57059841 ], [ 137.567092410000015, 35.57095647 ], [ 137.567957690000014, 35.57264869 ], [ 137.56873103, 35.57346703 ], [ 137.56884575, 35.57428536 ], [ 137.5692927, 35.57491759 ], [ 137.56839881, 35.57621008 ], [ 137.56820380000002, 35.57709369 ], [ 137.568856860000011, 35.57784231 ], [ 137.569424360000028, 35.57882786 ], [ 137.5704327, 35.57989731 ], [ 137.570552970000023, 35.58076675 ], [ 137.570260750000017, 35.58204064 ], [ 137.57046102000001, 35.58274286 ], [ 137.571200190000013, 35.5836448 ], [ 137.571303530000023, 35.58416092 ], [ 137.569108809999989, 35.58434675 ], [ 137.568587420000028, 35.58496064 ], [ 137.5681002, 35.58591841 ], [ 137.565441310000011, 35.58504425 ], [ 137.56410047, 35.58487231 ], [ 137.563424090000012, 35.5852812 ], [ 137.561057690000013, 35.58564841 ], [ 137.558622110000016, 35.58558341 ], [ 137.55662239, 35.58579731 ], [ 137.55396934, 35.5862898 ], [ 137.552212390000022, 35.58724869 ], [ 137.55070183, 35.58770231 ], [ 137.55017655, 35.58764008 ], [ 137.549000730000017, 35.5871012 ], [ 137.547557110000014, 35.58728341 ], [ 137.54615239, 35.58724064 ], [ 137.544350730000019, 35.58667453 ], [ 137.54368156000001, 35.58632869 ], [ 137.54169431, 35.58557536 ], [ 137.540338750000018, 35.58516508 ], [ 137.538303750000011, 35.58479731 ], [ 137.53760319, 35.58445147 ], [ 137.537544580000031, 35.58546036 ], [ 137.53691319, 35.58653287 ], [ 137.53650375, 35.58689175 ], [ 137.5354393, 35.58738314 ], [ 137.534210410000014, 35.58771369 ], [ 137.53289125, 35.58767231 ], [ 137.531656810000015, 35.58808592 ], [ 137.530982920000014, 35.58898175 ], [ 137.53063764, 35.58974897 ], [ 137.531260140000029, 35.59046564 ], [ 137.53242097, 35.5911548 ], [ 137.53259097, 35.59144869 ], [ 137.532007640000018, 35.59216536 ], [ 137.532036010000013, 35.5932312 ], [ 137.530863770000025, 35.59368564 ], [ 137.529861530000034, 35.59379592 ], [ 137.528298780000029, 35.59510092 ], [ 137.528281830000026, 35.5957898 ], [ 137.52727406, 35.59595508 ], [ 137.526685160000028, 35.59644203 ], [ 137.52586961, 35.59676841 ], [ 137.524873220000018, 35.59744341 ], [ 137.52380294, 35.59791203 ], [ 137.52307239000001, 35.5980362 ], [ 137.521470170000015, 35.59972203 ], [ 137.520088500000014, 35.60010786 ], [ 137.519737390000017, 35.60063147 ], [ 137.51962988, 35.60155477 ], [ 137.51996961, 35.60276756 ], [ 137.519505160000023, 35.60291451 ], [ 137.518582110000011, 35.602772 ], [ 137.518101, 35.60307533 ], [ 137.518236840000014, 35.60443061 ], [ 137.517138220000021, 35.60524367 ], [ 137.51673044, 35.6060845 ], [ 137.516107660000017, 35.60658033 ], [ 137.51480516, 35.60719144 ], [ 137.51380878, 35.60802284 ], [ 137.51432961, 35.60997533 ], [ 137.51435795, 35.61047617 ], [ 137.515303220000021, 35.61209756 ], [ 137.515490200000016, 35.61316811 ], [ 137.51517881, 35.61392172 ], [ 137.515439360000016, 35.61441756 ], [ 137.516401850000022, 35.61510672 ], [ 137.516594090000012, 35.61631061 ], [ 137.51659992, 35.61780811 ], [ 137.517024360000022, 35.61847867 ], [ 137.517936300000031, 35.618667 ], [ 137.51813436, 35.61913117 ], [ 137.51970825, 35.61967339 ], [ 137.52210908, 35.61921422 ], [ 137.52265241, 35.61940256 ], [ 137.52335464, 35.62122617 ], [ 137.523309360000013, 35.62209005 ], [ 137.52283936, 35.622687 ], [ 137.523127980000027, 35.6241895 ], [ 137.523654640000018, 35.62496117 ], [ 137.523784940000013, 35.625967 ], [ 137.524441610000025, 35.62656895 ], [ 137.524718830000012, 35.62739144 ], [ 137.52577772, 35.62796561 ], [ 137.527063280000021, 35.62820922 ], [ 137.527691340000018, 35.62870533 ], [ 137.52768022, 35.62944061 ], [ 137.52794633, 35.63025339 ], [ 137.526530510000015, 35.63146172 ], [ 137.52621910000002, 35.63210478 ], [ 137.526598560000025, 35.63425951 ], [ 137.527436610000024, 35.63532061 ], [ 137.52814995, 35.63597756 ], [ 137.52876717, 35.63616144 ], [ 137.52994494, 35.63589061 ], [ 137.53058438, 35.63621672 ], [ 137.53121883, 35.63719978 ], [ 137.532283, 35.63780617 ], [ 137.533092720000013, 35.63796228 ], [ 137.534785770000013, 35.63773284 ], [ 137.53519886, 35.63803117 ], [ 137.536127760000028, 35.63781561 ], [ 137.53734497, 35.63828867 ], [ 137.53818302, 35.63833005 ], [ 137.53864192, 35.63875256 ], [ 137.539411630000018, 35.63999284 ], [ 137.54022136, 35.64070505 ], [ 137.54101997, 35.64207839 ], [ 137.54093497, 35.64253339 ], [ 137.53934942, 35.64387005 ], [ 137.539298300000013, 35.645037 ], [ 137.53956442, 35.64643811 ], [ 137.540000530000015, 35.64705367 ], [ 137.54092886, 35.64736589 ], [ 137.54300136, 35.64883144 ], [ 137.54370942, 35.64882672 ], [ 137.544988860000018, 35.64920367 ], [ 137.54542472, 35.65033811 ], [ 137.545447500000023, 35.65108228 ], [ 137.54386195, 35.65290144 ], [ 137.542361390000025, 35.65426589 ], [ 137.541545840000026, 35.65561172 ], [ 137.539637780000021, 35.65726089 ], [ 137.53934333, 35.65811061 ], [ 137.53823917, 35.65913978 ], [ 137.53682917, 35.66009033 ], [ 137.53595722, 35.66115144 ], [ 137.535260830000027, 35.66355867 ], [ 137.53490973000001, 35.66409617 ], [ 137.535447520000019, 35.66559367 ], [ 137.535373920000012, 35.66580505 ], [ 137.53312058, 35.66690756 ], [ 137.53252031, 35.66776644 ], [ 137.53017614, 35.66891003 ], [ 137.527788080000022, 35.67070336 ], [ 137.52690698, 35.67105031 ], [ 137.525109750000013, 35.67125697 ], [ 137.52447086, 35.67149836 ], [ 137.52311586, 35.67314059 ], [ 137.522085300000015, 35.67454392 ], [ 137.52147725, 35.67573031 ], [ 137.519866690000015, 35.67718586 ], [ 137.51924531, 35.67743447 ], [ 137.51830891000003, 35.67734197 ], [ 137.51722336, 35.67703669 ], [ 137.516531970000017, 35.67739864 ], [ 137.5155428, 35.6776328 ], [ 137.514702530000022, 35.67733475 ], [ 137.51395864, 35.6780092 ], [ 137.512628080000013, 35.67845641 ], [ 137.512207830000023, 35.67887559 ], [ 137.51205034, 35.67974197 ], [ 137.51142866, 35.68078559 ], [ 137.510501170000026, 35.68128975 ], [ 137.50942533, 35.6823792 ], [ 137.508803110000031, 35.68242586 ], [ 137.50765616000001, 35.68206364 ], [ 137.50550311, 35.68298669 ], [ 137.505004230000026, 35.68332753 ], [ 137.504251440000019, 35.68451308 ], [ 137.503253670000021, 35.68450613 ], [ 137.501993110000029, 35.68482531 ], [ 137.501144230000023, 35.68621695 ], [ 137.499822280000018, 35.68719 ], [ 137.49841311000003, 35.687275 ], [ 137.497196450000018, 35.68848195 ], [ 137.49733645, 35.68986667 ], [ 137.497818110000026, 35.69091751 ], [ 137.498054250000024, 35.69237305 ], [ 137.49797564, 35.69321833 ], [ 137.497581750000023, 35.69404167 ], [ 137.498675640000016, 35.69622195 ], [ 137.498115360000014, 35.69669056 ], [ 137.49763397000001, 35.69813889 ], [ 137.4973362, 35.69842305 ], [ 137.49553370000001, 35.69857556 ], [ 137.49395453, 35.69910472 ], [ 137.49311925, 35.69951028 ], [ 137.49183341, 35.700425 ], [ 137.491711480000021, 35.70085556 ], [ 137.49186370000001, 35.70215611 ], [ 137.490833410000022, 35.70370917 ], [ 137.490778690000013, 35.70423333 ], [ 137.48985815, 35.70434723 ], [ 137.488133160000018, 35.70502444 ], [ 137.48604205, 35.70549944 ], [ 137.48571927, 35.70602833 ], [ 137.485749270000014, 35.70707695 ], [ 137.48554844, 35.70781389 ], [ 137.485907890000021, 35.70955 ], [ 137.48587733, 35.71028667 ], [ 137.486956500000019, 35.71187944 ], [ 137.48707844, 35.71227497 ], [ 137.48762678, 35.71648387 ], [ 137.486578200000025, 35.71860108 ], [ 137.486785140000023, 35.71909053 ], [ 137.486425420000018, 35.72095525 ], [ 137.486486520000028, 35.72145469 ], [ 137.485925690000016, 35.72247359 ], [ 137.48521236000002, 35.72470414 ], [ 137.484895420000015, 35.72503053 ], [ 137.4840418, 35.72509497 ], [ 137.48078042, 35.72625692 ], [ 137.47921986, 35.72647969 ], [ 137.47886625000001, 35.72675664 ], [ 137.478323750000015, 35.72841331 ], [ 137.478262630000017, 35.73022887 ], [ 137.47793348, 35.73063441 ], [ 137.47711652000001, 35.73097053 ], [ 137.476104580000026, 35.73178164 ], [ 137.474635450000022, 35.73252859 ], [ 137.473080730000021, 35.73380441 ], [ 137.472690730000011, 35.7349272 ], [ 137.472257660000025, 35.73539692 ], [ 137.470837660000029, 35.73578775 ], [ 137.47087406, 35.73640105 ], [ 137.47013044000002, 35.73763744 ], [ 137.4698435, 35.73889384 ], [ 137.46896601, 35.739413 ], [ 137.468301560000015, 35.74024884 ], [ 137.466813770000016, 35.74090161 ], [ 137.46655795, 35.74116884 ], [ 137.466673770000028, 35.7423805 ], [ 137.465539880000023, 35.7437655 ], [ 137.467398780000025, 35.74599605 ], [ 137.46809353, 35.74702495 ], [ 137.467398520000017, 35.74827105 ], [ 137.466599920000021, 35.74848884 ], [ 137.46569158, 35.74920105 ], [ 137.465392970000011, 35.75010605 ], [ 137.46522825, 35.75180717 ], [ 137.464734360000023, 35.75273717 ], [ 137.46444409, 35.75414078 ], [ 137.464727690000018, 35.75558161 ], [ 137.46475214, 35.75637161 ], [ 137.46390158, 35.75680189 ], [ 137.462902410000027, 35.75783217 ], [ 137.46194047, 35.75825244 ], [ 137.460546860000022, 35.76041328 ], [ 137.46007825, 35.76069356 ], [ 137.4595727, 35.76140356 ], [ 137.45772297000002, 35.76104353 ], [ 137.457143530000025, 35.76109353 ], [ 137.456156860000021, 35.7616638 ], [ 137.45496047, 35.7618138 ], [ 137.45335713, 35.7622038 ], [ 137.452888520000016, 35.76260408 ], [ 137.45262964, 35.76342436 ], [ 137.45239519, 35.76333436 ], [ 137.451704920000026, 35.7621438 ], [ 137.45118686, 35.76172353 ], [ 137.450126300000022, 35.76125353 ], [ 137.450459360000025, 35.76077325 ], [ 137.45034825, 35.75980269 ], [ 137.44994158, 35.75929241 ], [ 137.449164640000021, 35.75925241 ], [ 137.4482027, 35.75880241 ], [ 137.44671075, 35.75843214 ], [ 137.445736300000021, 35.75837214 ], [ 137.443430170000028, 35.75858213 ], [ 137.44193795000001, 35.75849213 ], [ 137.440179340000014, 35.75855325 ], [ 137.4391985, 35.75965631 ], [ 137.43792516000002, 35.76061964 ], [ 137.437744620000018, 35.76107325 ], [ 137.437695720000022, 35.76241353 ], [ 137.437448780000011, 35.76335408 ], [ 137.436696590000025, 35.76437436 ], [ 137.434501580000017, 35.7661652 ], [ 137.43367519, 35.76777575 ], [ 137.434451850000016, 35.77090711 ], [ 137.434057130000014, 35.77119684 ], [ 137.43235547, 35.77116711 ], [ 137.43162769, 35.77134711 ], [ 137.42997964, 35.77143933 ], [ 137.429173800000029, 35.77122184 ], [ 137.427759340000023, 35.77118544 ], [ 137.426756830000016, 35.77152684 ], [ 137.42561988, 35.77240517 ], [ 137.42525294, 35.77303711 ], [ 137.423972670000012, 35.77435851 ], [ 137.423543220000028, 35.77515739 ], [ 137.422665720000026, 35.77424961 ], [ 137.42133239, 35.77384323 ], [ 137.41904961, 35.77354544 ], [ 137.417697660000016, 35.77430044 ], [ 137.41733961, 35.77488877 ], [ 137.41733961, 35.775571 ], [ 137.416614620000018, 35.77623211 ], [ 137.415048220000017, 35.77633377 ], [ 137.413472670000033, 35.77679823 ], [ 137.41109183, 35.77727014 ], [ 137.410536830000012, 35.77729208 ], [ 137.40951628000002, 35.77696513 ], [ 137.4083435, 35.77703069 ], [ 137.404817080000015, 35.77631153 ], [ 137.403411800000015, 35.77597041 ], [ 137.40253458, 35.77548375 ], [ 137.40086097, 35.77555597 ], [ 137.39994791, 35.77539625 ], [ 137.398945420000018, 35.7756068 ], [ 137.3976207, 35.77608597 ], [ 137.39580375, 35.7764782 ], [ 137.394639860000012, 35.77742208 ], [ 137.393261530000018, 35.77772708 ], [ 137.392455970000015, 35.77830069 ], [ 137.39198153000001, 35.77888153 ], [ 137.39109514, 35.78042847 ], [ 137.391677080000022, 35.78097292 ], [ 137.393932630000023, 35.78193875 ], [ 137.39437125, 35.78239597 ], [ 137.394684580000018, 35.78364513 ], [ 137.396421240000024, 35.78515541 ], [ 137.396958470000015, 35.78535153 ], [ 137.396322920000017, 35.78576513 ], [ 137.39604542, 35.78681097 ], [ 137.395919580000026, 35.78885153 ], [ 137.395293190000018, 35.78975208 ], [ 137.39637625, 35.79084153 ], [ 137.395687080000016, 35.79186514 ], [ 137.395212360000016, 35.79318708 ], [ 137.39380681, 35.79527847 ], [ 137.393815690000025, 35.79590292 ], [ 137.3942093, 35.79693428 ], [ 137.39384236, 35.79764595 ], [ 137.391792630000026, 35.79858261 ], [ 137.390449860000018, 35.79888039 ], [ 137.38936652000001, 35.79897484 ], [ 137.38639486, 35.79871317 ], [ 137.38582209, 35.79877123 ], [ 137.3843718, 35.79950484 ], [ 137.38355708, 35.80026733 ], [ 137.3812207, 35.80129123 ], [ 137.378705380000014, 35.80066651 ], [ 137.3761365, 35.8004415 ], [ 137.37331678000001, 35.8004415 ], [ 137.371386230000013, 35.79960261 ], [ 137.37011289000003, 35.79916872 ], [ 137.36896538000002, 35.79848372 ], [ 137.36692066, 35.79907233 ], [ 137.36552261, 35.7986015 ], [ 137.36405733, 35.79837539 ], [ 137.36264678, 35.79798039 ], [ 137.36219872, 35.79760595 ], [ 137.361750120000011, 35.79679261 ], [ 137.36106428, 35.7962465 ], [ 137.360285940000011, 35.79596844 ], [ 137.35732092, 35.79831175 ], [ 137.35601202, 35.7995748 ], [ 137.354475080000014, 35.8008698 ], [ 137.35371674000001, 35.80134064 ], [ 137.35254258, 35.80153341 ], [ 137.35110508, 35.80153341 ], [ 137.350075910000015, 35.80105175 ], [ 137.34746425000003, 35.80006703 ], [ 137.346290360000012, 35.79974592 ], [ 137.343867030000013, 35.79856647 ], [ 137.341744810000023, 35.79850313 ], [ 137.340214250000031, 35.79792313 ], [ 137.33945481, 35.79785953 ], [ 137.338114250000018, 35.79804092 ], [ 137.336278690000029, 35.79882536 ], [ 137.33567202, 35.79942453 ], [ 137.335081480000014, 35.80092953 ], [ 137.334379250000012, 35.8017362 ], [ 137.33424703, 35.80232508 ], [ 137.334656200000012, 35.80263536 ], [ 137.334774810000027, 35.80341647 ], [ 137.334022870000013, 35.80391953 ], [ 137.33364036, 35.80462592 ], [ 137.33258759, 35.80493425 ], [ 137.332908980000013, 35.80561592 ], [ 137.332823970000021, 35.80602813 ], [ 137.331818690000034, 35.80710869 ], [ 137.33238703, 35.80780453 ], [ 137.332321190000016, 35.8093348 ], [ 137.330434810000014, 35.80976287 ], [ 137.329115910000013, 35.81046953 ], [ 137.32796815, 35.81082231 ], [ 137.327229530000011, 35.81162508 ], [ 137.326028980000018, 35.81212814 ], [ 137.324551750000012, 35.81202092 ], [ 137.32610815000001, 35.81380841 ], [ 137.32629287, 35.81487841 ], [ 137.32592341, 35.81552064 ], [ 137.325360640000014, 35.81586814 ], [ 137.324992870000017, 35.81667008 ], [ 137.32605508, 35.81786453 ], [ 137.32700481, 35.81915953 ], [ 137.32683314, 35.82085064 ], [ 137.327505910000014, 35.82148203 ], [ 137.328798690000013, 35.82176008 ], [ 137.328231190000025, 35.82366508 ], [ 137.328257590000021, 35.82491759 ], [ 137.327307860000019, 35.82561313 ], [ 137.327294530000017, 35.82590203 ], [ 137.328165080000019, 35.82651203 ], [ 137.329550080000018, 35.82798897 ], [ 137.33032842, 35.82915564 ], [ 137.33014341, 35.83027922 ], [ 137.330446740000014, 35.83187395 ], [ 137.330328150000014, 35.83320117 ], [ 137.33109287000002, 35.83568395 ], [ 137.33140953, 35.83621895 ], [ 137.33131425000002, 35.83738311 ], [ 137.33164783, 35.83807951 ], [ 137.331781440000015, 35.83968144 ], [ 137.33214394, 35.84068005 ], [ 137.333317280000017, 35.84196505 ], [ 137.336045620000021, 35.84421756 ], [ 137.33706645, 35.84406284 ], [ 137.338698110000024, 35.84406284 ], [ 137.339118110000015, 35.84422395 ], [ 137.341340610000032, 35.84398561 ], [ 137.342418660000021, 35.84310311 ], [ 137.343143670000018, 35.842902 ], [ 137.344269490000016, 35.84332005 ], [ 137.34577672, 35.84331228 ], [ 137.346167830000013, 35.84301061 ], [ 137.347332, 35.84284005 ], [ 137.34832423, 35.84243005 ], [ 137.349316160000029, 35.84266256 ], [ 137.351844530000022, 35.84306505 ], [ 137.352397860000025, 35.84272422 ], [ 137.353084810000013, 35.84269339 ], [ 137.35426759, 35.84222144 ], [ 137.3558037, 35.84239951 ], [ 137.356776740000015, 35.84273228 ], [ 137.356938970000016, 35.84328172 ], [ 137.357997860000012, 35.84366867 ], [ 137.35924759, 35.84452033 ], [ 137.36112703, 35.84620784 ], [ 137.36166119, 35.84766284 ], [ 137.362577030000011, 35.84886284 ], [ 137.36293953, 35.84999256 ], [ 137.363721750000025, 35.85021728 ], [ 137.36341647, 35.85091395 ], [ 137.363664530000023, 35.85195867 ], [ 137.364885360000017, 35.85294172 ], [ 137.365457860000021, 35.85359978 ], [ 137.365400640000018, 35.85601478 ], [ 137.366173410000016, 35.8569745 ], [ 137.36658341, 35.85822867 ], [ 137.367012830000021, 35.85894867 ], [ 137.36705090000001, 35.86001672 ], [ 137.36758533, 35.860667 ], [ 137.366468950000012, 35.86361617 ], [ 137.36683144, 35.86428951 ], [ 137.366316160000025, 35.86527253 ], [ 137.366984230000014, 35.86595364 ], [ 137.36705090000001, 35.86709169 ], [ 137.36760394, 35.86916586 ], [ 137.36807144, 35.87001753 ], [ 137.368062, 35.87043559 ], [ 137.367003110000013, 35.87144169 ], [ 137.366927, 35.87185975 ], [ 137.367756720000017, 35.87285059 ], [ 137.36818589, 35.87420531 ], [ 137.36716506, 35.87679808 ], [ 137.36681228, 35.87707697 ], [ 137.365276420000015, 35.87771141 ], [ 137.36437003, 35.87887253 ], [ 137.365829750000017, 35.87958475 ], [ 137.367117520000022, 35.87992531 ], [ 137.367813920000032, 35.88069169 ], [ 137.369426130000022, 35.88118725 ], [ 137.369846130000013, 35.88156641 ], [ 137.37017031000002, 35.88278141 ], [ 137.37050419000002, 35.88315308 ], [ 137.37350558, 35.88408059 ], [ 137.37361475, 35.88435336 ], [ 137.373296690000018, 35.88520836 ], [ 137.37364781, 35.88617003 ], [ 137.37413086, 35.88673113 ], [ 137.375746420000013, 35.88782584 ], [ 137.378104770000022, 35.888735 ], [ 137.378917, 35.88968805 ], [ 137.378840310000015, 35.89058751 ], [ 137.380080610000022, 35.89156723 ], [ 137.380816160000023, 35.89242222 ], [ 137.381595620000013, 35.89263611 ], [ 137.38295672000001, 35.892725 ], [ 137.38348367, 35.89311695 ], [ 137.38540477, 35.89380277 ], [ 137.3864145, 35.89359805 ], [ 137.387325620000013, 35.89392751 ], [ 137.39061895, 35.89417695 ], [ 137.39226564, 35.89495139 ], [ 137.39422898, 35.89512333 ], [ 137.397805910000017, 35.89567641 ], [ 137.39941202, 35.89667917 ], [ 137.40102536, 35.89699086 ], [ 137.402090360000017, 35.89748975 ], [ 137.40362733, 35.89775697 ], [ 137.40494455000001, 35.89819336 ], [ 137.40650317, 35.89914614 ], [ 137.407677890000031, 35.8996628 ], [ 137.408907060000018, 35.89991197 ], [ 137.411442920000013, 35.90091836 ], [ 137.413594860000018, 35.90137253 ], [ 137.414439860000016, 35.90139031 ], [ 137.41562542, 35.90208503 ], [ 137.41644876, 35.90302003 ], [ 137.41732681000002, 35.90365225 ], [ 137.418380730000024, 35.90416003 ], [ 137.419401830000027, 35.90447169 ], [ 137.422222940000012, 35.90419559 ], [ 137.42375988, 35.90332308 ], [ 137.424352390000024, 35.90318947 ], [ 137.42628464, 35.90383059 ], [ 137.427086300000013, 35.90399086 ], [ 137.42860131, 35.90406197 ], [ 137.43028075, 35.9046142 ], [ 137.43134550000002, 35.90463225 ], [ 137.43249828, 35.90530892 ], [ 137.434899100000024, 35.90548892 ], [ 137.436538, 35.90509531 ], [ 137.437614140000022, 35.90505087 ], [ 137.43765803, 35.90304697 ], [ 137.438053020000012, 35.90157753 ], [ 137.438810530000012, 35.90013475 ], [ 137.43920581, 35.8999478 ], [ 137.44142358, 35.89944003 ], [ 137.44343219000001, 35.89807728 ], [ 137.4448925, 35.89683951 ], [ 137.447033330000011, 35.89399867 ], [ 137.44767, 35.8934195 ], [ 137.44868, 35.89288533 ], [ 137.450337780000012, 35.89223505 ], [ 137.451556420000031, 35.89187895 ], [ 137.453060310000012, 35.89179895 ], [ 137.45446558, 35.891202 ], [ 137.4556292, 35.89056117 ], [ 137.45774781, 35.88977728 ], [ 137.458648110000013, 35.88931451 ], [ 137.45996562000002, 35.88955508 ], [ 137.461151170000022, 35.88930564 ], [ 137.461974770000012, 35.88949259 ], [ 137.462424770000013, 35.8901962 ], [ 137.463182, 35.89049008 ], [ 137.464773940000015, 35.89151453 ], [ 137.465147280000025, 35.89264536 ], [ 137.46747453, 35.89257425 ], [ 137.470218970000019, 35.89271675 ], [ 137.47222815, 35.89315313 ], [ 137.473959560000026, 35.89335508 ], [ 137.47544455000002, 35.89364313 ], [ 137.476169, 35.89401731 ], [ 137.476520390000019, 35.89416869 ], [ 137.476322610000011, 35.89506814 ], [ 137.47679484, 35.89588731 ], [ 137.477870390000021, 35.89629703 ], [ 137.479257640000014, 35.89642341 ], [ 137.479868470000014, 35.89719675 ], [ 137.48003319, 35.89808731 ], [ 137.480999030000021, 35.89844369 ], [ 137.481932090000015, 35.90052786 ], [ 137.48109764, 35.90575478 ], [ 137.481339030000015, 35.90623561 ], [ 137.48332597000001, 35.90735756 ], [ 137.484456280000018, 35.90863117 ], [ 137.483984330000027, 35.90979784 ], [ 137.48400516, 35.91025672 ], [ 137.48340239, 35.912042 ], [ 137.48325988000002, 35.91331533 ], [ 137.48384128, 35.91524784 ], [ 137.484214620000017, 35.91610256 ], [ 137.485202390000012, 35.91672617 ], [ 137.48696988, 35.91749228 ], [ 137.48932825, 35.919822 ], [ 137.489535470000021, 35.92035339 ], [ 137.49152769, 35.92307756 ], [ 137.491919100000018, 35.92433059 ], [ 137.492423, 35.92532975 ], [ 137.49553438, 35.92710031 ], [ 137.49774969, 35.92881947 ], [ 137.49817608, 35.92960892 ], [ 137.498767200000032, 35.93143559 ], [ 137.50097416, 35.93548613 ], [ 137.501877220000011, 35.93761197 ], [ 137.50355611, 35.9398878 ], [ 137.504217780000033, 35.94034169 ], [ 137.50557224, 35.94062059 ], [ 137.50911503, 35.94055336 ], [ 137.510723920000032, 35.94112114 ], [ 137.5127845, 35.94089447 ], [ 137.513592550000027, 35.94096141 ], [ 137.514737, 35.94077086 ], [ 137.51767562, 35.94011531 ], [ 137.518884250000013, 35.93973392 ], [ 137.519278140000011, 35.94039947 ], [ 137.52123703, 35.94136447 ], [ 137.522369250000025, 35.94177225 ], [ 137.5240037, 35.94217475 ], [ 137.524519, 35.94246364 ], [ 137.52420733, 35.94423336 ], [ 137.52425817, 35.94496113 ], [ 137.525173990000013, 35.94687531 ], [ 137.525472890000032, 35.94776808 ], [ 137.52624234000001, 35.94883086 ], [ 137.52692289, 35.95040475 ], [ 137.52738681, 35.95194225 ], [ 137.529167640000026, 35.95355751 ], [ 137.529441240000011, 35.95508472 ], [ 137.530999340000022, 35.95714361 ], [ 137.531190170000031, 35.95784 ], [ 137.53184489, 35.95885667 ], [ 137.532188500000018, 35.95975444 ], [ 137.532557390000022, 35.96161722 ], [ 137.532824620000014, 35.96193723 ], [ 137.534541830000023, 35.96291751 ], [ 137.53512659, 35.96354195 ], [ 137.535877130000017, 35.96393944 ], [ 137.536239920000014, 35.96440889 ], [ 137.537009080000018, 35.96438305 ], [ 137.53749908, 35.96503305 ], [ 137.538752140000014, 35.96555944 ], [ 137.539858520000024, 35.96561139 ], [ 137.54034825, 35.96631805 ], [ 137.540838, 35.96659167 ], [ 137.54172828, 35.96630278 ], [ 137.541982720000021, 35.96662805 ], [ 137.542071890000017, 35.96757195 ], [ 137.541798270000015, 35.96819139 ], [ 137.54136577, 35.96851139 ], [ 137.541372170000017, 35.96926444 ], [ 137.541683840000019, 35.97014695 ], [ 137.542198830000018, 35.97087972 ], [ 137.543025770000014, 35.97159664 ], [ 137.543827170000014, 35.97191139 ], [ 137.54426577000001, 35.9723758 ], [ 137.544208560000015, 35.97344414 ], [ 137.54457747, 35.97421275 ], [ 137.54468553000001, 35.97631775 ], [ 137.544990800000022, 35.9771022 ], [ 137.544952750000022, 35.97822192 ], [ 137.54382691, 35.97952192 ], [ 137.543057200000021, 35.9801722 ], [ 137.54296192000001, 35.98062108 ], [ 137.54331803, 35.98096164 ], [ 137.54332442, 35.98244247 ], [ 137.543458030000011, 35.9828708 ], [ 137.544112750000011, 35.98332497 ], [ 137.54478720000003, 35.98410387 ], [ 137.545645810000025, 35.98410913 ], [ 137.54737581, 35.98539914 ], [ 137.54902278000003, 35.98532692 ], [ 137.550161390000028, 35.98689053 ], [ 137.553086940000014, 35.98734969 ], [ 137.554733890000023, 35.98798969 ], [ 137.554988340000023, 35.98830441 ], [ 137.556534160000012, 35.98863469 ], [ 137.55703639, 35.98895469 ], [ 137.558340270000031, 35.98927969 ], [ 137.56003837, 35.98929525 ], [ 137.561043090000027, 35.98955331 ], [ 137.562232530000017, 35.99008469 ], [ 137.562983090000017, 35.99066803 ], [ 137.56323086, 35.99121969 ], [ 137.56407698000001, 35.9917772 ], [ 137.56493531000001, 35.99267497 ], [ 137.565609750000021, 35.99279886 ], [ 137.56687531, 35.99388775 ], [ 137.568344470000028, 35.99435751 ], [ 137.568885060000014, 35.99486305 ], [ 137.56911394, 35.99569359 ], [ 137.57055144, 35.99563167 ], [ 137.57137173000001, 35.99586917 ], [ 137.57228756, 35.99569389 ], [ 137.57328616, 35.99577139 ], [ 137.5747045, 35.99568889 ], [ 137.57571589, 35.99549278 ], [ 137.57593811000001, 35.99716444 ], [ 137.57670144, 35.99739667 ], [ 137.57781477, 35.99842361 ], [ 137.57875589, 35.99895 ], [ 137.578965620000019, 35.99959472 ], [ 137.580816740000017, 36.00136472 ], [ 137.58156064, 36.00160695 ], [ 137.58240674000001, 36.00236028 ], [ 137.58453703, 36.00321833 ], [ 137.58553953, 36.00432833 ], [ 137.58721008, 36.00529805 ], [ 137.5885862, 36.00570667 ], [ 137.58919205, 36.006225 ], [ 137.59029594, 36.00654111 ], [ 137.591403720000017, 36.0081 ], [ 137.59133484, 36.00899944 ], [ 137.592362890000032, 36.01038667 ], [ 137.59396428, 36.01185305 ], [ 137.59477594, 36.01291528 ], [ 137.594819270000016, 36.01334556 ], [ 137.59402927, 36.01402139 ], [ 137.59401345, 36.01450305 ], [ 137.59449458, 36.01525972 ], [ 137.595972090000032, 36.01704111 ], [ 137.59583652, 36.01921053 ], [ 137.5970293, 36.0201772 ], [ 137.59827125000001, 36.02224859 ], [ 137.598422920000019, 36.02351275 ], [ 137.599494060000012, 36.02593608 ], [ 137.601479610000013, 36.02604997 ], [ 137.603072670000017, 36.02544389 ], [ 137.604160440000015, 36.02482889 ], [ 137.605116010000017, 36.02481111 ], [ 137.60670905, 36.025435 ], [ 137.607192390000023, 36.02534584 ], [ 137.608083500000021, 36.02448 ], [ 137.6087635, 36.02407139 ], [ 137.609038220000031, 36.02219944 ], [ 137.610126010000016, 36.02109444 ], [ 137.61071934, 36.01994444 ], [ 137.61116988, 36.01950778 ], [ 137.612938500000013, 36.01842028 ], [ 137.613784620000018, 36.01890167 ], [ 137.61522489, 36.01933223 ], [ 137.616727670000017, 36.01954111 ], [ 137.61902545, 36.01924333 ], [ 137.619651280000028, 36.01941889 ], [ 137.62029462000001, 36.02004195 ], [ 137.620541, 36.02098584 ], [ 137.62163659, 36.0219375 ], [ 137.621354090000011, 36.02335861 ], [ 137.622164920000017, 36.02442667 ], [ 137.622966030000015, 36.023755 ], [ 137.62403047, 36.02402611 ], [ 137.62553881, 36.0235525 ], [ 137.62636575, 36.02375805 ], [ 137.628061020000018, 36.02442253 ], [ 137.62870075, 36.02483113 ], [ 137.62964964, 36.02580753 ], [ 137.631217420000013, 36.02590641 ], [ 137.63314158, 36.0267692 ], [ 137.63374328, 36.02674087 ], [ 137.635116610000011, 36.02630613 ], [ 137.63588436, 36.02565308 ], [ 137.638014360000028, 36.02473475 ], [ 137.638845190000012, 36.02413447 ], [ 137.639418520000021, 36.02332197 ], [ 137.641265190000013, 36.02314141 ], [ 137.642185470000015, 36.02275947 ], [ 137.643946860000028, 36.02231475 ], [ 137.64499686000002, 36.02126586 ], [ 137.64615769, 36.02105141 ], [ 137.64690825, 36.02041169 ], [ 137.648976300000015, 36.02015503 ], [ 137.65142633, 36.02060895 ], [ 137.653827980000017, 36.01903172 ], [ 137.654516300000012, 36.01750144 ], [ 137.65514131, 36.01705367 ], [ 137.65585436, 36.01590395 ], [ 137.65619075, 36.01476033 ], [ 137.65653881, 36.01454561 ], [ 137.656827130000011, 36.01372339 ], [ 137.65720547, 36.01341561 ], [ 137.65920881, 36.01361311 ], [ 137.660831020000018, 36.01324117 ], [ 137.66256214, 36.01155311 ], [ 137.663701850000024, 36.01138422 ], [ 137.66445575, 36.01143477 ], [ 137.665056860000021, 36.01098423 ], [ 137.666257420000022, 36.010657 ], [ 137.66821908, 36.01044533 ], [ 137.668904640000022, 36.01064867 ], [ 137.670319080000013, 36.01069923 ], [ 137.671569920000024, 36.01049867 ], [ 137.67252908, 36.01079672 ], [ 137.67316825, 36.01177172 ], [ 137.674172410000011, 36.01289617 ], [ 137.67674075, 36.01407423 ], [ 137.677679080000019, 36.01429089 ], [ 137.677894920000028, 36.01469144 ], [ 137.67874297, 36.01488589 ], [ 137.68002825, 36.01553367 ], [ 137.68036856, 36.01613756 ], [ 137.681546610000026, 36.01677756 ], [ 137.682040780000023, 36.01677756 ], [ 137.684317170000014, 36.016352 ], [ 137.68581828, 36.01629005 ], [ 137.686905500000023, 36.01570425 ], [ 137.68755214, 36.01557203 ], [ 137.68856713, 36.01470341 ], [ 137.68941270000002, 36.01447175 ], [ 137.69096603, 36.01454813 ], [ 137.691914090000012, 36.01444675 ], [ 137.692272410000015, 36.01492092 ], [ 137.692852410000029, 36.01517425 ], [ 137.694642140000013, 36.01491564 ], [ 137.695545190000018, 36.01456647 ], [ 137.696553800000032, 36.01343341 ], [ 137.697266300000024, 36.01313231 ], [ 137.696967130000019, 36.01226425 ], [ 137.69737047000001, 36.01175397 ], [ 137.697600200000011, 36.01088008 ], [ 137.69852742, 36.01048869 ], [ 137.69962214, 36.01054786 ], [ 137.70115464, 36.00963203 ], [ 137.70283326, 36.00972231 ], [ 137.703821020000021, 36.01011592 ], [ 137.70741798, 36.01219259 ], [ 137.70811297, 36.01237536 ], [ 137.70814769, 36.01326731 ], [ 137.70777575, 36.01433147 ], [ 137.709058520000013, 36.01478814 ], [ 137.709743530000026, 36.01560703 ], [ 137.709524360000017, 36.0165148 ], [ 137.70901964, 36.0166448 ], [ 137.709016030000015, 36.01700508 ], [ 137.710135470000012, 36.01724731 ], [ 137.71078881, 36.01797759 ], [ 137.711379360000024, 36.0183348 ], [ 137.71207745000001, 36.01932953 ], [ 137.71303022, 36.01994147 ], [ 137.71364078000002, 36.02102897 ], [ 137.714704110000014, 36.02161787 ], [ 137.71590328000002, 36.022742 ], [ 137.716821050000021, 36.02269978 ], [ 137.71670272, 36.023847 ], [ 137.717005500000027, 36.02428172 ], [ 137.71831717, 36.02429867 ], [ 137.71880438, 36.02472228 ], [ 137.719065500000028, 36.02534895 ], [ 137.720001610000025, 36.02521339 ], [ 137.72015772, 36.02556922 ], [ 137.71980328, 36.02636811 ], [ 137.720150780000012, 36.0268395 ], [ 137.720049390000014, 36.02730561 ], [ 137.720526060000026, 36.02875478 ], [ 137.720579110000017, 36.02961728 ], [ 137.72120745, 36.02995505 ], [ 137.721131610000015, 36.03056311 ], [ 137.72168022, 36.03125395 ], [ 137.72177467, 36.03195061 ], [ 137.722293310000026, 36.03237144 ], [ 137.722686910000021, 36.03332033 ], [ 137.722804140000022, 36.03413978 ], [ 137.72321302, 36.03457284 ], [ 137.72409442, 36.03481228 ], [ 137.724934690000026, 36.03585005 ], [ 137.72662997, 36.03653756 ], [ 137.727084140000017, 36.03728367 ], [ 137.728734140000029, 36.038257 ], [ 137.729279140000017, 36.03881867 ], [ 137.729415250000017, 36.03937144 ], [ 137.730164700000017, 36.04071644 ], [ 137.73076248000001, 36.04121033 ], [ 137.73156859, 36.04153284 ], [ 137.73179553, 36.04256644 ], [ 137.73141747, 36.04348839 ], [ 137.73144776, 36.04414422 ], [ 137.732193020000011, 36.04509478 ], [ 137.733950250000021, 36.04641811 ], [ 137.735548030000018, 36.04697561 ], [ 137.736609970000018, 36.04700339 ], [ 137.73791942, 36.046847 ], [ 137.73706109, 36.047837 ], [ 137.736826640000032, 36.04900144 ], [ 137.73632387, 36.05051225 ], [ 137.73626275, 36.0525192 ], [ 137.73552584, 36.05382587 ], [ 137.73570361, 36.0546492 ], [ 137.73528, 36.05567613 ], [ 137.735503060000013, 36.05782753 ], [ 137.735918880000014, 36.05861864 ], [ 137.736016940000013, 36.06034031 ], [ 137.736595280000017, 36.06180308 ], [ 137.7357375, 36.06310475 ], [ 137.735627780000016, 36.06401253 ], [ 137.73493306, 36.06514336 ], [ 137.73491, 36.06611169 ], [ 137.735276670000019, 36.06725725 ], [ 137.7353975, 36.06860559 ], [ 137.735710580000017, 36.06955503 ], [ 137.73677167, 36.07064613 ], [ 137.738197500000012, 36.07163975 ], [ 137.73935416, 36.07173503 ], [ 137.74020416, 36.07298641 ], [ 137.741066390000015, 36.0728678 ], [ 137.74218416, 36.07322197 ], [ 137.742455840000019, 36.07381587 ], [ 137.743732500000021, 36.07570417 ], [ 137.744394160000013, 36.07629861 ], [ 137.74511501, 36.07762611 ], [ 137.745280270000023, 36.07868556 ], [ 137.746415840000026, 36.08018611 ], [ 137.74710973, 36.08134611 ], [ 137.74886834000003, 36.08247 ], [ 137.750050830000021, 36.08357556 ], [ 137.752781670000019, 36.08513417 ], [ 137.754138880000028, 36.08606028 ], [ 137.754639170000019, 36.08654639 ], [ 137.75588, 36.08600472 ], [ 137.759323310000013, 36.08534556 ], [ 137.759723580000013, 36.08502917 ], [ 137.760548590000013, 36.08311389 ], [ 137.76100302, 36.08259305 ], [ 137.76197636, 36.08214028 ], [ 137.764372190000017, 36.08127889 ], [ 137.765019420000016, 36.08117472 ], [ 137.767593310000024, 36.07993695 ], [ 137.769579420000014, 36.07986056 ], [ 137.771130250000027, 36.07932361 ], [ 137.771980220000017, 36.07877861 ], [ 137.772612440000017, 36.07804167 ], [ 137.773926610000018, 36.07767305 ], [ 137.77413411, 36.07713584 ], [ 137.77526051000001, 36.07564556 ], [ 137.776199100000014, 36.07498028 ], [ 137.77782966, 36.07510833 ], [ 137.77866911000001, 36.07498861 ], [ 137.780092170000017, 36.07449972 ], [ 137.78193995, 36.07319333 ], [ 137.782693, 36.07406889 ], [ 137.784155500000026, 36.07525889 ], [ 137.785924110000025, 36.07523084 ], [ 137.78665995, 36.07533111 ], [ 137.78732689, 36.07598833 ], [ 137.78830022, 36.07633695 ], [ 137.78860161, 36.07689417 ], [ 137.78864134, 36.07785969 ], [ 137.78918966, 36.07845275 ], [ 137.79046438, 36.07853692 ], [ 137.791644940000026, 36.07824053 ], [ 137.793141890000015, 36.07838469 ], [ 137.794816610000026, 36.07785997 ], [ 137.796022170000015, 36.07842914 ], [ 137.79671883, 36.07802831 ], [ 137.79694606000001, 36.07742331 ], [ 137.796926330000019, 36.0766658 ], [ 137.79652134, 36.07513108 ], [ 137.796318560000032, 36.07284305 ], [ 137.796832440000031, 36.071725 ], [ 137.79702995, 36.07027472 ], [ 137.798067440000011, 36.06835111 ], [ 137.798674940000012, 36.06815889 ], [ 137.799668, 36.06734111 ], [ 137.800809390000012, 36.06684056 ], [ 137.801105770000021, 36.06654417 ], [ 137.80366995, 36.06560639 ], [ 137.804430780000018, 36.06441611 ], [ 137.804351610000026, 36.06238861 ], [ 137.804529660000014, 36.06148305 ], [ 137.80445939, 36.06023556 ], [ 137.804177720000013, 36.05961056 ], [ 137.803261890000016, 36.05823584 ], [ 137.80260328, 36.05764777 ], [ 137.80393328, 36.05662278 ], [ 137.80559051000003, 36.05592389 ], [ 137.80665969, 36.05485167 ], [ 137.807144420000014, 36.054845 ], [ 137.809054690000011, 36.05538611 ], [ 137.809978590000014, 36.05551056 ], [ 137.812617760000023, 36.05511084 ], [ 137.814362190000026, 36.05495305 ], [ 137.815277760000015, 36.05447222 ], [ 137.81580886, 36.053625 ], [ 137.81502942, 36.05286695 ], [ 137.81482053, 36.05240861 ], [ 137.814961630000028, 36.05136861 ], [ 137.81535691000002, 36.05041611 ], [ 137.814509690000023, 36.04934389 ], [ 137.81492219, 36.047965 ], [ 137.81446442, 36.04669139 ], [ 137.813504420000015, 36.04572917 ], [ 137.81365691000002, 36.04431833 ], [ 137.813419970000012, 36.04394277 ], [ 137.813459420000015, 36.04261444 ], [ 137.813199420000018, 36.0423075 ], [ 137.8121772, 36.04203695 ], [ 137.811781630000013, 36.04118947 ], [ 137.811804420000016, 36.04023225 ], [ 137.81091192, 36.03934808 ], [ 137.811002190000011, 36.03858753 ], [ 137.810375530000016, 36.03797364 ], [ 137.810330250000021, 36.0372178 ], [ 137.81052803, 36.03638392 ], [ 137.810431920000013, 36.03466613 ], [ 137.81105331, 36.03399753 ], [ 137.811222750000013, 36.03261836 ], [ 137.811030800000026, 36.03225669 ], [ 137.811064690000023, 36.03081808 ], [ 137.811347200000029, 36.03014947 ], [ 137.81131883, 36.02934308 ], [ 137.810076330000015, 36.02662225 ], [ 137.81028523, 36.0258342 ], [ 137.810093280000018, 36.02396975 ], [ 137.810358830000013, 36.02327336 ], [ 137.81096328000001, 36.02279697 ], [ 137.810381340000021, 36.02188531 ], [ 137.80966995, 36.02151892 ], [ 137.809506060000018, 36.0200942 ], [ 137.80964745, 36.01845422 ], [ 137.808641890000018, 36.01659895 ], [ 137.808077170000018, 36.01579256 ], [ 137.808410510000016, 36.01496839 ], [ 137.808596890000018, 36.01395561 ], [ 137.808546060000026, 36.01304895 ], [ 137.808806060000023, 36.01191728 ], [ 137.80870995, 36.01106978 ], [ 137.80824103, 36.009242 ], [ 137.808404920000015, 36.00861895 ], [ 137.80824103, 36.00796395 ], [ 137.80815075000001, 36.00640644 ], [ 137.80860241000002, 36.005307 ], [ 137.80803769, 36.00434033 ], [ 137.80790769, 36.00315423 ], [ 137.80733713, 36.00169144 ], [ 137.80798825, 35.99998564 ], [ 137.808956860000023, 35.99794592 ], [ 137.80841326, 35.99749925 ], [ 137.808284360000016, 35.99649841 ], [ 137.80760075, 35.99543313 ], [ 137.80747156000001, 35.99456147 ], [ 137.808300440000011, 35.99356036 ], [ 137.808504890000023, 35.99276425 ], [ 137.808128220000015, 35.99246814 ], [ 137.80685294, 35.99090731 ], [ 137.80680462, 35.98996592 ], [ 137.806433220000031, 35.98898092 ], [ 137.806750730000033, 35.98805008 ], [ 137.806471, 35.9858762 ], [ 137.80706294, 35.9851062 ], [ 137.80640628, 35.98444425 ], [ 137.80580905, 35.98294841 ], [ 137.80523847, 35.98200647 ], [ 137.80518486, 35.98123177 ], [ 137.8054593, 35.98061317 ], [ 137.80494791000001, 35.97989205 ], [ 137.80563681000001, 35.9783315 ], [ 137.805879030000028, 35.97719039 ], [ 137.8057607, 35.97626484 ], [ 137.805997640000015, 35.97569984 ], [ 137.80682097, 35.97528539 ], [ 137.807057640000011, 35.97491428 ], [ 137.80692847, 35.974349 ], [ 137.808823190000027, 35.97378956 ], [ 137.808252630000027, 35.973219 ], [ 137.80661652, 35.97309539 ], [ 137.80607319, 35.97248177 ], [ 137.80491597, 35.97221261 ], [ 137.80330706, 35.97108261 ], [ 137.802230950000023, 35.97010317 ], [ 137.80153678, 35.96987678 ], [ 137.80057872, 35.969274 ], [ 137.80008372, 35.96744984 ], [ 137.79929261, 35.96586789 ], [ 137.798512610000017, 35.96462459 ], [ 137.798404810000022, 35.96344597 ], [ 137.79784508, 35.9630532 ], [ 137.797506200000015, 35.96239153 ], [ 137.796736740000028, 35.96178347 ], [ 137.796569800000015, 35.96076597 ], [ 137.795359250000018, 35.95991041 ], [ 137.795606470000024, 35.95949625 ], [ 137.79559064, 35.95868347 ], [ 137.795962020000019, 35.95693487 ], [ 137.795999810000012, 35.95602513 ], [ 137.795580050000012, 35.95426013 ], [ 137.796328110000019, 35.95328597 ], [ 137.796467830000012, 35.95194625 ], [ 137.79706533, 35.9503532 ], [ 137.797587560000011, 35.9496482 ], [ 137.798766160000014, 35.94883569 ], [ 137.79838949, 35.94805014 ], [ 137.79861034000001, 35.94749041 ], [ 137.798572550000017, 35.94662403 ], [ 137.79890061, 35.94565544 ], [ 137.798260340000013, 35.94491795 ], [ 137.79865336, 35.94308295 ], [ 137.799056980000017, 35.9426635 ], [ 137.80005781, 35.94087128 ], [ 137.800203360000012, 35.93972517 ], [ 137.80115586, 35.93813239 ], [ 137.801521700000023, 35.937126 ], [ 137.80159752, 35.93577544 ], [ 137.80127975000002, 35.93462377 ], [ 137.8007417, 35.933736 ], [ 137.80044555, 35.93289628 ], [ 137.80130139000002, 35.93143823 ], [ 137.80165667, 35.93110433 ], [ 137.801478880000019, 35.93016823 ], [ 137.800838880000015, 35.92950072 ], [ 137.800801120000017, 35.92910795 ], [ 137.8012425, 35.92761739 ], [ 137.80138222, 35.92645517 ], [ 137.80179694, 35.92616989 ], [ 137.802157500000021, 35.92545961 ], [ 137.80184, 35.92472239 ], [ 137.801183580000014, 35.92190795 ], [ 137.802195250000011, 35.92116544 ], [ 137.803733310000013, 35.91954517 ], [ 137.803815250000014, 35.91883711 ], [ 137.803536080000015, 35.91742767 ], [ 137.80462358, 35.9168535 ], [ 137.805756910000014, 35.915921 ], [ 137.80596331000001, 35.91523739 ], [ 137.806719970000017, 35.91451433 ], [ 137.806218590000015, 35.91372464 ], [ 137.80655581000002, 35.91271908 ], [ 137.805818, 35.9122088 ], [ 137.804854670000026, 35.91047408 ], [ 137.805465500000025, 35.90992103 ], [ 137.80508856000003, 35.90920408 ], [ 137.804359660000017, 35.90629687 ], [ 137.80445384, 35.90545241 ], [ 137.80469689, 35.90534631 ], [ 137.805168, 35.90431936 ], [ 137.80552051, 35.9039488 ], [ 137.806568270000014, 35.90341103 ], [ 137.805693530000013, 35.9018888 ], [ 137.805341020000014, 35.90053408 ], [ 137.80599131, 35.8996502 ], [ 137.804487420000015, 35.89844436 ], [ 137.804700200000013, 35.8980402 ], [ 137.80590297, 35.89707075 ], [ 137.805884920000011, 35.89663659 ], [ 137.80670519, 35.89596213 ], [ 137.80778380000001, 35.89542159 ], [ 137.809166300000015, 35.89521492 ], [ 137.80995575, 35.89488408 ], [ 137.811241020000011, 35.89373241 ], [ 137.811496010000013, 35.89255992 ], [ 137.81226795, 35.89183714 ], [ 137.813215720000017, 35.89006908 ], [ 137.813121560000013, 35.88920353 ], [ 137.81429406, 35.88842575 ], [ 137.814582670000021, 35.88757797 ], [ 137.814348780000017, 35.88633269 ], [ 137.8143035, 35.88482603 ], [ 137.81398128, 35.88425187 ], [ 137.813987640000022, 35.8833888 ], [ 137.813331530000028, 35.88196131 ], [ 137.813480410000011, 35.88158769 ], [ 137.81461625, 35.88043297 ], [ 137.81544876000001, 35.87922717 ], [ 137.816132360000012, 35.87856189 ], [ 137.815950140000012, 35.87662078 ], [ 137.81349261, 35.87444272 ], [ 137.81203733000001, 35.87403522 ], [ 137.811594, 35.87356744 ], [ 137.807930390000024, 35.87117328 ], [ 137.807173990000024, 35.87088772 ], [ 137.806523990000017, 35.86958189 ], [ 137.80697956, 35.86863356 ], [ 137.80692511, 35.86781661 ], [ 137.807168140000016, 35.86700272 ], [ 137.80831953, 35.86616717 ], [ 137.80759341000001, 35.86495217 ], [ 137.80734453, 35.8640255 ], [ 137.80687341, 35.8636155 ], [ 137.806399530000022, 35.86241578 ], [ 137.806187030000018, 35.86046244 ], [ 137.805473410000019, 35.85927133 ], [ 137.805221190000026, 35.85849967 ], [ 137.805543110000031, 35.85767356 ], [ 137.805300050000028, 35.85639744 ], [ 137.805245620000022, 35.85492133 ], [ 137.805421720000027, 35.85369411 ], [ 137.804950890000015, 35.85266411 ], [ 137.8047109, 35.85132772 ], [ 137.80439533, 35.85038578 ], [ 137.805112, 35.84996387 ], [ 137.806600610000032, 35.8494472 ], [ 137.808991410000033, 35.84837525 ], [ 137.81013698000001, 35.84807692 ], [ 137.8108417, 35.84628859 ], [ 137.81035864, 35.84529192 ], [ 137.80846614, 35.84240913 ], [ 137.80778586, 35.84077469 ], [ 137.807509440000018, 35.83934386 ], [ 137.807752500000021, 35.8383658 ], [ 137.80774944, 35.83745469 ], [ 137.80683278, 35.83588525 ], [ 137.80628167, 35.83456608 ], [ 137.8059, 35.83427941 ], [ 137.80764, 35.83231803 ], [ 137.808191390000019, 35.83146331 ], [ 137.808653060000012, 35.83108747 ], [ 137.81163691, 35.83047803 ], [ 137.812830530000014, 35.82951053 ], [ 137.81421942, 35.82908497 ], [ 137.814896640000029, 35.82910664 ], [ 137.816215810000017, 35.8287422 ], [ 137.816380800000019, 35.82711053 ], [ 137.816766910000013, 35.82623831 ], [ 137.817049140000023, 35.82476247 ], [ 137.81707942, 35.82388192 ], [ 137.81733136, 35.8233522 ], [ 137.81857248, 35.82298775 ], [ 137.81968387, 35.82077025 ], [ 137.81968387, 35.82040136 ], [ 137.82024358000001, 35.81987192 ], [ 137.820507720000023, 35.81790139 ], [ 137.82101606, 35.81712917 ], [ 137.821463280000017, 35.81569723 ], [ 137.821402440000014, 35.81487277 ], [ 137.82220995, 35.81417833 ], [ 137.824097450000011, 35.81312361 ], [ 137.824375230000015, 35.81258972 ], [ 137.82444078, 35.81120584 ], [ 137.824644670000026, 35.81081084 ], [ 137.825638560000016, 35.80985167 ], [ 137.826219920000028, 35.80894917 ], [ 137.82714436, 35.80810305 ], [ 137.82707908, 35.80756472 ], [ 137.827674090000016, 35.8066575 ], [ 137.82829464, 35.80617611 ], [ 137.82815158, 35.80470889 ], [ 137.82733575, 35.80353305 ], [ 137.827127420000011, 35.80346361 ], [ 137.82616852000001, 35.80218805 ], [ 137.82556075, 35.80197972 ], [ 137.82536547, 35.80103333 ], [ 137.82334742, 35.79990972 ], [ 137.82257905, 35.79921084 ], [ 137.82139462, 35.79883305 ], [ 137.81996655, 35.79880277 ], [ 137.818920730000031, 35.79864223 ], [ 137.817544890000022, 35.79743556 ], [ 137.8156485, 35.79708833 ], [ 137.813348500000018, 35.79553056 ], [ 137.812645450000019, 35.79463639 ], [ 137.811842670000033, 35.79304805 ], [ 137.8111135, 35.79236251 ], [ 137.80970739, 35.79133805 ], [ 137.80873986, 35.79086917 ], [ 137.805645420000019, 35.78997084 ], [ 137.80464681, 35.78954084 ], [ 137.804954030000033, 35.78892389 ], [ 137.805835140000028, 35.78775611 ], [ 137.807310700000016, 35.78609836 ], [ 137.807584030000015, 35.78482725 ], [ 137.809350420000015, 35.78262669 ], [ 137.80932486, 35.78138975 ], [ 137.808896520000019, 35.78028447 ], [ 137.808879, 35.77951225 ], [ 137.80915678, 35.7783228 ], [ 137.80965178, 35.77781947 ], [ 137.80946927, 35.77712975 ], [ 137.80954345, 35.77539364 ], [ 137.810124840000015, 35.77395308 ], [ 137.809938440000025, 35.77331059 ], [ 137.81005567, 35.77214753 ], [ 137.810476500000021, 35.77179169 ], [ 137.810619560000021, 35.77081503 ], [ 137.81045927, 35.76831113 ], [ 137.810672050000022, 35.76674447 ], [ 137.81029872000002, 35.7656592 ], [ 137.810607060000024, 35.76390169 ], [ 137.81055484, 35.76351113 ], [ 137.811058440000011, 35.76272613 ], [ 137.812000120000022, 35.76229641 ], [ 137.81225623, 35.7613592 ], [ 137.81210872, 35.75994864 ], [ 137.81189178, 35.75926697 ], [ 137.812377890000022, 35.75883336 ], [ 137.812590390000025, 35.75769169 ], [ 137.81290733, 35.75723613 ], [ 137.81326789000002, 35.75565225 ], [ 137.81363234, 35.75485336 ], [ 137.81358455, 35.75397725 ], [ 137.813818170000019, 35.75330836 ], [ 137.81329428, 35.75228225 ], [ 137.813313990000012, 35.75177113 ], [ 137.812782890000022, 35.75077475 ], [ 137.81196538, 35.74993697 ], [ 137.810899830000011, 35.74924447 ], [ 137.810761220000018, 35.74843975 ], [ 137.809465110000019, 35.74810336 ], [ 137.809089, 35.74744031 ], [ 137.80818234, 35.7467478 ], [ 137.807885380000016, 35.74629253 ], [ 137.806780390000029, 35.74561308 ], [ 137.80635817000001, 35.74458392 ], [ 137.80506872, 35.7436342 ], [ 137.80424733000001, 35.74248308 ], [ 137.80359761, 35.74068225 ], [ 137.803284280000014, 35.74046447 ], [ 137.80317872, 35.7394192 ], [ 137.80432012, 35.73779336 ], [ 137.804673160000021, 35.73702447 ], [ 137.804930120000023, 35.73575836 ], [ 137.80420122000001, 35.7337728 ], [ 137.804429, 35.7326842 ], [ 137.804119, 35.73165197 ], [ 137.80481484, 35.73094614 ], [ 137.805247060000028, 35.72855141 ], [ 137.805036230000013, 35.72620003 ], [ 137.805425380000031, 35.72587697 ], [ 137.80601261000001, 35.72481808 ], [ 137.80677789, 35.72464308 ], [ 137.808020950000014, 35.72331087 ], [ 137.810996500000016, 35.72204141 ], [ 137.811807610000017, 35.72227892 ], [ 137.812239560000023, 35.72218308 ], [ 137.81306759, 35.7214278 ], [ 137.81308759, 35.72101225 ], [ 137.813684530000018, 35.72039559 ], [ 137.815300920000027, 35.7201978 ], [ 137.816524250000015, 35.71960392 ], [ 137.817312870000023, 35.71886864 ], [ 137.81754036000001, 35.71821864 ], [ 137.816798150000011, 35.71685003 ], [ 137.81657064, 35.71636669 ], [ 137.81670341, 35.71546086 ], [ 137.81701314, 35.71536641 ], [ 137.81686008, 35.7147142 ], [ 137.8169837, 35.71395253 ], [ 137.816830360000012, 35.71209364 ], [ 137.81642008, 35.71159475 ], [ 137.81638759, 35.71075059 ], [ 137.81668564, 35.70976808 ], [ 137.8160337, 35.70798256 ], [ 137.815428690000033, 35.70697033 ], [ 137.815502580000015, 35.70636867 ], [ 137.81423647, 35.70587839 ], [ 137.813212310000011, 35.70480144 ], [ 137.81199397, 35.70265253 ], [ 137.81153953, 35.70167586 ], [ 137.81089314, 35.70127447 ], [ 137.81197036, 35.69990561 ], [ 137.812888140000013, 35.69541977 ], [ 137.813304250000016, 35.69482367 ], [ 137.8132837, 35.69438089 ], [ 137.81378842, 35.69360811 ], [ 137.813566740000027, 35.69205839 ], [ 137.8123037, 35.69105228 ], [ 137.811560360000016, 35.69071561 ], [ 137.810486200000014, 35.68958839 ], [ 137.807579250000032, 35.68700895 ], [ 137.80646678, 35.68583172 ], [ 137.80528428, 35.6838995 ], [ 137.804918720000018, 35.68289339 ], [ 137.80421345000002, 35.68258367 ], [ 137.803112340000013, 35.68137367 ], [ 137.80353150000002, 35.68022867 ], [ 137.803283990000011, 35.67943172 ], [ 137.80359678, 35.67903339 ], [ 137.804487890000019, 35.67664061 ], [ 137.80481844000002, 35.67615367 ], [ 137.805299800000029, 35.67428839 ], [ 137.80442317, 35.672317 ], [ 137.804201510000013, 35.67098617 ], [ 137.804179560000023, 35.66986172 ], [ 137.803935380000013, 35.6688745 ], [ 137.803209560000028, 35.66733422 ], [ 137.801760660000014, 35.66604172 ], [ 137.801367890000023, 35.66552505 ], [ 137.801571780000017, 35.66376644 ], [ 137.80114678000001, 35.66206672 ], [ 137.801412340000013, 35.66147951 ], [ 137.80254564, 35.65967617 ], [ 137.802079530000015, 35.65827478 ], [ 137.80208564, 35.65728311 ], [ 137.80130341, 35.65568089 ], [ 137.800949250000031, 35.65527061 ], [ 137.798830660000021, 35.65386839 ], [ 137.79739927, 35.65315423 ], [ 137.79703623, 35.65163172 ], [ 137.795717060000015, 35.64935033 ], [ 137.794870120000013, 35.64896977 ], [ 137.793512610000022, 35.64804895 ], [ 137.79246178, 35.6471195 ], [ 137.79277761, 35.64649089 ], [ 137.79244122, 35.64509505 ], [ 137.79190706, 35.644682 ], [ 137.790629270000011, 35.64412422 ], [ 137.79010983, 35.64366644 ], [ 137.788890950000024, 35.64216756 ], [ 137.78774594, 35.64117589 ], [ 137.787530660000016, 35.63995728 ], [ 137.7865065, 35.63941144 ], [ 137.786025380000012, 35.63882977 ], [ 137.785343720000014, 35.63849644 ], [ 137.78442039, 35.63835784 ], [ 137.78203542, 35.63747839 ], [ 137.781631530000027, 35.63720644 ], [ 137.781188750000013, 35.63604977 ], [ 137.77960403000003, 35.63386005 ], [ 137.7780218, 35.63269451 ], [ 137.777414310000012, 35.63167339 ], [ 137.77608319, 35.63092089 ], [ 137.774784580000016, 35.63053117 ], [ 137.77351542, 35.62997922 ], [ 137.772831530000019, 35.62991811 ], [ 137.771146830000021, 35.63043753 ], [ 137.76991934, 35.6305528 ], [ 137.766796840000012, 35.62997725 ], [ 137.763890440000011, 35.62851059 ], [ 137.761981030000015, 35.62799697 ], [ 137.76007798, 35.62762808 ], [ 137.757616860000013, 35.62551225 ], [ 137.75656908000002, 35.62411059 ], [ 137.756481020000024, 35.62247864 ], [ 137.754828520000018, 35.62122447 ], [ 137.754084920000025, 35.62029169 ], [ 137.75344189, 35.6198228 ], [ 137.751600510000031, 35.61951892 ], [ 137.75045523, 35.61847697 ], [ 137.748516610000024, 35.61738503 ], [ 137.74667248, 35.61718447 ], [ 137.74605664, 35.6169492 ], [ 137.74554914, 35.61627308 ], [ 137.744194140000019, 35.61620253 ], [ 137.742266640000025, 35.61582613 ], [ 137.741433310000019, 35.61520308 ], [ 137.740397200000018, 35.61472669 ], [ 137.739375250000023, 35.61449141 ], [ 137.739295810000016, 35.61404475 ], [ 137.737455250000011, 35.61295087 ], [ 137.734498590000015, 35.61353892 ], [ 137.73303442, 35.61346253 ], [ 137.732643310000014, 35.61358003 ], [ 137.730418830000019, 35.61289197 ], [ 137.729567170000024, 35.61338892 ], [ 137.72867939, 35.61295087 ], [ 137.72867939, 35.61165753 ] ] ] } },
{ "type": "Feature", "properties": { "kouiki": "松本", "area_km2": 1869.28, "chiiki": "中信" }, "geometry": { "type": "Polygon", "coordinates": [ [ [ 137.821463280000017, 35.81569723 ], [ 137.82101606, 35.81712917 ], [ 137.820507720000023, 35.81790139 ], [ 137.82024358000001, 35.81987192 ], [ 137.81968387, 35.82040136 ], [ 137.81968387, 35.82077025 ], [ 137.81857248, 35.82298775 ], [ 137.81733136, 35.8233522 ], [ 137.81707942, 35.82388192 ], [ 137.817049140000023, 35.82476247 ], [ 137.816766910000013, 35.82623831 ], [ 137.816380800000019, 35.82711053 ], [ 137.816215810000017, 35.8287422 ], [ 137.814896640000029, 35.82910664 ], [ 137.81421942, 35.82908497 ], [ 137.812830530000014, 35.82951053 ], [ 137.81163691, 35.83047803 ], [ 137.808653060000012, 35.83108747 ], [ 137.808191390000019, 35.83146331 ], [ 137.80764, 35.83231803 ], [ 137.8059, 35.83427941 ], [ 137.80628167, 35.83456608 ], [ 137.80683278, 35.83588525 ], [ 137.80774944, 35.83745469 ], [ 137.807752500000021, 35.8383658 ], [ 137.807509440000018, 35.83934386 ], [ 137.80778586, 35.84077469 ], [ 137.80846614, 35.84240913 ], [ 137.81035864, 35.84529192 ], [ 137.8108417, 35.84628859 ], [ 137.81013698000001, 35.84807692 ], [ 137.808991410000033, 35.84837525 ], [ 137.806600610000032, 35.8494472 ], [ 137.805112, 35.84996387 ], [ 137.80439533, 35.85038578 ], [ 137.8047109, 35.85132772 ], [ 137.804950890000015, 35.85266411 ], [ 137.805421720000027, 35.85369411 ], [ 137.805245620000022, 35.85492133 ], [ 137.805300050000028, 35.85639744 ], [ 137.805543110000031, 35.85767356 ], [ 137.805221190000026, 35.85849967 ], [ 137.805473410000019, 35.85927133 ], [ 137.806187030000018, 35.86046244 ], [ 137.806399530000022, 35.86241578 ], [ 137.80687341, 35.8636155 ], [ 137.80734453, 35.8640255 ], [ 137.80759341000001, 35.86495217 ], [ 137.80831953, 35.86616717 ], [ 137.807168140000016, 35.86700272 ], [ 137.80692511, 35.86781661 ], [ 137.80697956, 35.86863356 ], [ 137.806523990000017, 35.86958189 ], [ 137.807173990000024, 35.87088772 ], [ 137.807930390000024, 35.87117328 ], [ 137.811594, 35.87356744 ], [ 137.81203733000001, 35.87403522 ], [ 137.81349261, 35.87444272 ], [ 137.815950140000012, 35.87662078 ], [ 137.816132360000012, 35.87856189 ], [ 137.81544876000001, 35.87922717 ], [ 137.81461625, 35.88043297 ], [ 137.813480410000011, 35.88158769 ], [ 137.813331530000028, 35.88196131 ], [ 137.813987640000022, 35.8833888 ], [ 137.81398128, 35.88425187 ], [ 137.8143035, 35.88482603 ], [ 137.814348780000017, 35.88633269 ], [ 137.814582670000021, 35.88757797 ], [ 137.81429406, 35.88842575 ], [ 137.813121560000013, 35.88920353 ], [ 137.813215720000017, 35.89006908 ], [ 137.81226795, 35.89183714 ], [ 137.811496010000013, 35.89255992 ], [ 137.811241020000011, 35.89373241 ], [ 137.80995575, 35.89488408 ], [ 137.809166300000015, 35.89521492 ], [ 137.80778380000001, 35.89542159 ], [ 137.80670519, 35.89596213 ], [ 137.805884920000011, 35.89663659 ], [ 137.80590297, 35.89707075 ], [ 137.804700200000013, 35.8980402 ], [ 137.804487420000015, 35.89844436 ], [ 137.80599131, 35.8996502 ], [ 137.805341020000014, 35.90053408 ], [ 137.805693530000013, 35.9018888 ], [ 137.806568270000014, 35.90341103 ], [ 137.80552051, 35.9039488 ], [ 137.805168, 35.90431936 ], [ 137.80469689, 35.90534631 ], [ 137.80445384, 35.90545241 ], [ 137.804359660000017, 35.90629687 ], [ 137.80508856000003, 35.90920408 ], [ 137.805465500000025, 35.90992103 ], [ 137.804854670000026, 35.91047408 ], [ 137.805818, 35.9122088 ], [ 137.80655581000002, 35.91271908 ], [ 137.806218590000015, 35.91372464 ], [ 137.806719970000017, 35.91451433 ], [ 137.80596331000001, 35.91523739 ], [ 137.805756910000014, 35.915921 ], [ 137.80462358, 35.9168535 ], [ 137.803536080000015, 35.91742767 ], [ 137.803815250000014, 35.91883711 ], [ 137.803733310000013, 35.91954517 ], [ 137.802195250000011, 35.92116544 ], [ 137.801183580000014, 35.92190795 ], [ 137.80184, 35.92472239 ], [ 137.802157500000021, 35.92545961 ], [ 137.80179694, 35.92616989 ], [ 137.80138222, 35.92645517 ], [ 137.8012425, 35.92761739 ], [ 137.800801120000017, 35.92910795 ], [ 137.800838880000015, 35.92950072 ], [ 137.801478880000019, 35.93016823 ], [ 137.80165667, 35.93110433 ], [ 137.80130139000002, 35.93143823 ], [ 137.80044555, 35.93289628 ], [ 137.8007417, 35.933736 ], [ 137.80127975000002, 35.93462377 ], [ 137.80159752, 35.93577544 ], [ 137.801521700000023, 35.937126 ], [ 137.80115586, 35.93813239 ], [ 137.800203360000012, 35.93972517 ], [ 137.80005781, 35.94087128 ], [ 137.799056980000017, 35.9426635 ], [ 137.79865336, 35.94308295 ], [ 137.798260340000013, 35.94491795 ], [ 137.79890061, 35.94565544 ], [ 137.798572550000017, 35.94662403 ], [ 137.79861034000001, 35.94749041 ], [ 137.79838949, 35.94805014 ], [ 137.798766160000014, 35.94883569 ], [ 137.797587560000011, 35.9496482 ], [ 137.79706533, 35.9503532 ], [ 137.796467830000012, 35.95194625 ], [ 137.796328110000019, 35.95328597 ], [ 137.795580050000012, 35.95426013 ], [ 137.795999810000012, 35.95602513 ], [ 137.795962020000019, 35.95693487 ], [ 137.79559064, 35.95868347 ], [ 137.795606470000024, 35.95949625 ], [ 137.795359250000018, 35.95991041 ], [ 137.796569800000015, 35.96076597 ], [ 137.796736740000028, 35.96178347 ], [ 137.797506200000015, 35.96239153 ], [ 137.79784508, 35.9630532 ], [ 137.798404810000022, 35.96344597 ], [ 137.798512610000017, 35.96462459 ], [ 137.79929261, 35.96586789 ], [ 137.80008372, 35.96744984 ], [ 137.80057872, 35.969274 ], [ 137.80153678, 35.96987678 ], [ 137.802230950000023, 35.97010317 ], [ 137.80330706, 35.97108261 ], [ 137.80491597, 35.97221261 ], [ 137.80607319, 35.97248177 ], [ 137.80661652, 35.97309539 ], [ 137.808252630000027, 35.973219 ], [ 137.808823190000027, 35.97378956 ], [ 137.80692847, 35.974349 ], [ 137.807057640000011, 35.97491428 ], [ 137.80682097, 35.97528539 ], [ 137.805997640000015, 35.97569984 ], [ 137.8057607, 35.97626484 ], [ 137.805879030000028, 35.97719039 ], [ 137.80563681000001, 35.9783315 ], [ 137.80494791000001, 35.97989205 ], [ 137.8054593, 35.98061317 ], [ 137.80518486, 35.98123177 ], [ 137.80523847, 35.98200647 ], [ 137.80580905, 35.98294841 ], [ 137.80640628, 35.98444425 ], [ 137.80706294, 35.9851062 ], [ 137.806471, 35.9858762 ], [ 137.806750730000033, 35.98805008 ], [ 137.806433220000031, 35.98898092 ], [ 137.80680462, 35.98996592 ], [ 137.80685294, 35.99090731 ], [ 137.808128220000015, 35.99246814 ], [ 137.808504890000023, 35.99276425 ], [ 137.808300440000011, 35.99356036 ], [ 137.80747156000001, 35.99456147 ], [ 137.80760075, 35.99543313 ], [ 137.808284360000016, 35.99649841 ], [ 137.80841326, 35.99749925 ], [ 137.808956860000023, 35.99794592 ], [ 137.80798825, 35.99998564 ], [ 137.80733713, 36.00169144 ], [ 137.80790769, 36.00315423 ], [ 137.80803769, 36.00434033 ], [ 137.80860241000002, 36.005307 ], [ 137.80815075000001, 36.00640644 ], [ 137.80824103, 36.00796395 ], [ 137.808404920000015, 36.00861895 ], [ 137.80824103, 36.009242 ], [ 137.80870995, 36.01106978 ], [ 137.808806060000023, 36.01191728 ], [ 137.808546060000026, 36.01304895 ], [ 137.808596890000018, 36.01395561 ], [ 137.808410510000016, 36.01496839 ], [ 137.808077170000018, 36.01579256 ], [ 137.808641890000018, 36.01659895 ], [ 137.80964745, 36.01845422 ], [ 137.809506060000018, 36.0200942 ], [ 137.80966995, 36.02151892 ], [ 137.810381340000021, 36.02188531 ], [ 137.81096328000001, 36.02279697 ], [ 137.810358830000013, 36.02327336 ], [ 137.810093280000018, 36.02396975 ], [ 137.81028523, 36.0258342 ], [ 137.810076330000015, 36.02662225 ], [ 137.81131883, 36.02934308 ], [ 137.811347200000029, 36.03014947 ], [ 137.811064690000023, 36.03081808 ], [ 137.811030800000026, 36.03225669 ], [ 137.811222750000013, 36.03261836 ], [ 137.81105331, 36.03399753 ], [ 137.810431920000013, 36.03466613 ], [ 137.81052803, 36.03638392 ], [ 137.810330250000021, 36.0372178 ], [ 137.810375530000016, 36.03797364 ], [ 137.811002190000011, 36.03858753 ], [ 137.81091192, 36.03934808 ], [ 137.811804420000016, 36.04023225 ], [ 137.811781630000013, 36.04118947 ], [ 137.8121772, 36.04203695 ], [ 137.813199420000018, 36.0423075 ], [ 137.813459420000015, 36.04261444 ], [ 137.813419970000012, 36.04394277 ], [ 137.81365691000002, 36.04431833 ], [ 137.813504420000015, 36.04572917 ], [ 137.81446442, 36.04669139 ], [ 137.81492219, 36.047965 ], [ 137.814509690000023, 36.04934389 ], [ 137.81535691000002, 36.05041611 ], [ 137.814961630000028, 36.05136861 ], [ 137.81482053, 36.05240861 ], [ 137.81502942, 36.05286695 ], [ 137.81580886, 36.053625 ], [ 137.815277760000015, 36.05447222 ], [ 137.814362190000026, 36.05495305 ], [ 137.812617760000023, 36.05511084 ], [ 137.809978590000014, 36.05551056 ], [ 137.809054690000011, 36.05538611 ], [ 137.807144420000014, 36.054845 ], [ 137.80665969, 36.05485167 ], [ 137.80559051000003, 36.05592389 ], [ 137.80393328, 36.05662278 ], [ 137.80260328, 36.05764777 ], [ 137.803261890000016, 36.05823584 ], [ 137.804177720000013, 36.05961056 ], [ 137.80445939, 36.06023556 ], [ 137.804529660000014, 36.06148305 ], [ 137.804351610000026, 36.06238861 ], [ 137.804430780000018, 36.06441611 ], [ 137.80366995, 36.06560639 ], [ 137.801105770000021, 36.06654417 ], [ 137.800809390000012, 36.06684056 ], [ 137.799668, 36.06734111 ], [ 137.798674940000012, 36.06815889 ], [ 137.798067440000011, 36.06835111 ], [ 137.79702995, 36.07027472 ], [ 137.796832440000031, 36.071725 ], [ 137.796318560000032, 36.07284305 ], [ 137.79652134, 36.07513108 ], [ 137.796926330000019, 36.0766658 ], [ 137.79694606000001, 36.07742331 ], [ 137.79671883, 36.07802831 ], [ 137.796022170000015, 36.07842914 ], [ 137.794816610000026, 36.07785997 ], [ 137.793141890000015, 36.07838469 ], [ 137.791644940000026, 36.07824053 ], [ 137.79046438, 36.07853692 ], [ 137.78918966, 36.07845275 ], [ 137.78864134, 36.07785969 ], [ 137.78860161, 36.07689417 ], [ 137.78830022, 36.07633695 ], [ 137.78732689, 36.07598833 ], [ 137.78665995, 36.07533111 ], [ 137.785924110000025, 36.07523084 ], [ 137.784155500000026, 36.07525889 ], [ 137.782693, 36.07406889 ], [ 137.78193995, 36.07319333 ], [ 137.780092170000017, 36.07449972 ], [ 137.77866911000001, 36.07498861 ], [ 137.77782966, 36.07510833 ], [ 137.776199100000014, 36.07498028 ], [ 137.77526051000001, 36.07564556 ], [ 137.77413411, 36.07713584 ], [ 137.773926610000018, 36.07767305 ], [ 137.772612440000017, 36.07804167 ], [ 137.771980220000017, 36.07877861 ], [ 137.771130250000027, 36.07932361 ], [ 137.769579420000014, 36.07986056 ], [ 137.767593310000024, 36.07993695 ], [ 137.765019420000016, 36.08117472 ], [ 137.764372190000017, 36.08127889 ], [ 137.76197636, 36.08214028 ], [ 137.76100302, 36.08259305 ], [ 137.760548590000013, 36.08311389 ], [ 137.759723580000013, 36.08502917 ], [ 137.759323310000013, 36.08534556 ], [ 137.75588, 36.08600472 ], [ 137.754639170000019, 36.08654639 ], [ 137.754138880000028, 36.08606028 ], [ 137.752781670000019, 36.08513417 ], [ 137.750050830000021, 36.08357556 ], [ 137.74886834000003, 36.08247 ], [ 137.74710973, 36.08134611 ], [ 137.746415840000026, 36.08018611 ], [ 137.745280270000023, 36.07868556 ], [ 137.74511501, 36.07762611 ], [ 137.744394160000013, 36.07629861 ], [ 137.743732500000021, 36.07570417 ], [ 137.742455840000019, 36.07381587 ], [ 137.74218416, 36.07322197 ], [ 137.741066390000015, 36.0728678 ], [ 137.74020416, 36.07298641 ], [ 137.73935416, 36.07173503 ], [ 137.738197500000012, 36.07163975 ], [ 137.73677167, 36.07064613 ], [ 137.735710580000017, 36.06955503 ], [ 137.7353975, 36.06860559 ], [ 137.735276670000019, 36.06725725 ], [ 137.73491, 36.06611169 ], [ 137.73493306, 36.06514336 ], [ 137.735627780000016, 36.06401253 ], [ 137.7357375, 36.06310475 ], [ 137.736595280000017, 36.06180308 ], [ 137.736016940000013, 36.06034031 ], [ 137.735918880000014, 36.05861864 ], [ 137.735503060000013, 36.05782753 ], [ 137.73528, 36.05567613 ], [ 137.73570361, 36.0546492 ], [ 137.73552584, 36.05382587 ], [ 137.73626275, 36.0525192 ], [ 137.73632387, 36.05051225 ], [ 137.736826640000032, 36.04900144 ], [ 137.73706109, 36.047837 ], [ 137.73791942, 36.046847 ], [ 137.736609970000018, 36.04700339 ], [ 137.735548030000018, 36.04697561 ], [ 137.733950250000021, 36.04641811 ], [ 137.732193020000011, 36.04509478 ], [ 137.73144776, 36.04414422 ], [ 137.73141747, 36.04348839 ], [ 137.73179553, 36.04256644 ], [ 137.73156859, 36.04153284 ], [ 137.73076248000001, 36.04121033 ], [ 137.730164700000017, 36.04071644 ], [ 137.729415250000017, 36.03937144 ], [ 137.729279140000017, 36.03881867 ], [ 137.728734140000029, 36.038257 ], [ 137.727084140000017, 36.03728367 ], [ 137.72662997, 36.03653756 ], [ 137.724934690000026, 36.03585005 ], [ 137.72409442, 36.03481228 ], [ 137.72321302, 36.03457284 ], [ 137.722804140000022, 36.03413978 ], [ 137.722686910000021, 36.03332033 ], [ 137.722293310000026, 36.03237144 ], [ 137.72177467, 36.03195061 ], [ 137.72168022, 36.03125395 ], [ 137.721131610000015, 36.03056311 ], [ 137.72120745, 36.02995505 ], [ 137.720579110000017, 36.02961728 ], [ 137.720526060000026, 36.02875478 ], [ 137.720049390000014, 36.02730561 ], [ 137.720150780000012, 36.0268395 ], [ 137.71980328, 36.02636811 ], [ 137.72015772, 36.02556922 ], [ 137.720001610000025, 36.02521339 ], [ 137.719065500000028, 36.02534895 ], [ 137.71880438, 36.02472228 ], [ 137.71831717, 36.02429867 ], [ 137.717005500000027, 36.02428172 ], [ 137.71670272, 36.023847 ], [ 137.716821050000021, 36.02269978 ], [ 137.71590328000002, 36.022742 ], [ 137.714704110000014, 36.02161787 ], [ 137.71364078000002, 36.02102897 ], [ 137.71303022, 36.01994147 ], [ 137.71207745000001, 36.01932953 ], [ 137.711379360000024, 36.0183348 ], [ 137.71078881, 36.01797759 ], [ 137.710135470000012, 36.01724731 ], [ 137.709016030000015, 36.01700508 ], [ 137.70901964, 36.0166448 ], [ 137.709524360000017, 36.0165148 ], [ 137.709743530000026, 36.01560703 ], [ 137.709058520000013, 36.01478814 ], [ 137.70777575, 36.01433147 ], [ 137.70814769, 36.01326731 ], [ 137.70811297, 36.01237536 ], [ 137.70741798, 36.01219259 ], [ 137.703821020000021, 36.01011592 ], [ 137.70283326, 36.00972231 ], [ 137.70115464, 36.00963203 ], [ 137.69962214, 36.01054786 ], [ 137.69852742, 36.01048869 ], [ 137.697600200000011, 36.01088008 ], [ 137.69737047000001, 36.01175397 ], [ 137.696967130000019, 36.01226425 ], [ 137.697266300000024, 36.01313231 ], [ 137.696553800000032, 36.01343341 ], [ 137.695545190000018, 36.01456647 ], [ 137.694642140000013, 36.01491564 ], [ 137.692852410000029, 36.01517425 ], [ 137.692272410000015, 36.01492092 ], [ 137.691914090000012, 36.01444675 ], [ 137.69096603, 36.01454813 ], [ 137.68941270000002, 36.01447175 ], [ 137.68856713, 36.01470341 ], [ 137.68755214, 36.01557203 ], [ 137.686905500000023, 36.01570425 ], [ 137.68581828, 36.01629005 ], [ 137.684317170000014, 36.016352 ], [ 137.682040780000023, 36.01677756 ], [ 137.681546610000026, 36.01677756 ], [ 137.68036856, 36.01613756 ], [ 137.68002825, 36.01553367 ], [ 137.67874297, 36.01488589 ], [ 137.677894920000028, 36.01469144 ], [ 137.677679080000019, 36.01429089 ], [ 137.67674075, 36.01407423 ], [ 137.674172410000011, 36.01289617 ], [ 137.67316825, 36.01177172 ], [ 137.67252908, 36.01079672 ], [ 137.671569920000024, 36.01049867 ], [ 137.670319080000013, 36.01069923 ], [ 137.668904640000022, 36.01064867 ], [ 137.66821908, 36.01044533 ], [ 137.666257420000022, 36.010657 ], [ 137.665056860000021, 36.01098423 ], [ 137.66445575, 36.01143477 ], [ 137.663701850000024, 36.01138422 ], [ 137.66256214, 36.01155311 ], [ 137.660831020000018, 36.01324117 ], [ 137.65920881, 36.01361311 ], [ 137.65720547, 36.01341561 ], [ 137.656827130000011, 36.01372339 ], [ 137.65653881, 36.01454561 ], [ 137.65619075, 36.01476033 ], [ 137.65585436, 36.01590395 ], [ 137.65514131, 36.01705367 ], [ 137.654516300000012, 36.01750144 ], [ 137.653827980000017, 36.01903172 ], [ 137.65142633, 36.02060895 ], [ 137.648976300000015, 36.02015503 ], [ 137.64690825, 36.02041169 ], [ 137.64615769, 36.02105141 ], [ 137.64499686000002, 36.02126586 ], [ 137.643946860000028, 36.02231475 ], [ 137.642185470000015, 36.02275947 ], [ 137.641265190000013, 36.02314141 ], [ 137.639418520000021, 36.02332197 ], [ 137.638845190000012, 36.02413447 ], [ 137.638014360000028, 36.02473475 ], [ 137.63588436, 36.02565308 ], [ 137.635116610000011, 36.02630613 ], [ 137.63374328, 36.02674087 ], [ 137.63314158, 36.0267692 ], [ 137.631217420000013, 36.02590641 ], [ 137.62964964, 36.02580753 ], [ 137.62870075, 36.02483113 ], [ 137.628061020000018, 36.02442253 ], [ 137.62636575, 36.02375805 ], [ 137.62553881, 36.0235525 ], [ 137.62403047, 36.02402611 ], [ 137.622966030000015, 36.023755 ], [ 137.622164920000017, 36.02442667 ], [ 137.621354090000011, 36.02335861 ], [ 137.62163659, 36.0219375 ], [ 137.620541, 36.02098584 ], [ 137.62029462000001, 36.02004195 ], [ 137.619651280000028, 36.01941889 ], [ 137.61902545, 36.01924333 ], [ 137.616727670000017, 36.01954111 ], [ 137.61522489, 36.01933223 ], [ 137.613784620000018, 36.01890167 ], [ 137.612938500000013, 36.01842028 ], [ 137.61116988, 36.01950778 ], [ 137.61071934, 36.01994444 ], [ 137.610126010000016, 36.02109444 ], [ 137.609038220000031, 36.02219944 ], [ 137.6087635, 36.02407139 ], [ 137.608083500000021, 36.02448 ], [ 137.607192390000023, 36.02534584 ], [ 137.60670905, 36.025435 ], [ 137.605116010000017, 36.02481111 ], [ 137.604160440000015, 36.02482889 ], [ 137.603072670000017, 36.02544389 ], [ 137.601479610000013, 36.02604997 ], [ 137.599494060000012, 36.02593608 ], [ 137.59908572, 36.02653108 ], [ 137.599428500000016, 36.02760831 ], [ 137.6002235, 36.02857136 ], [ 137.600197660000021, 36.02932608 ], [ 137.59938822, 36.0315858 ], [ 137.59920655, 36.0334158 ], [ 137.598887660000031, 36.03438247 ], [ 137.59825881, 36.03751692 ], [ 137.59836519000001, 36.03875303 ], [ 137.59826131, 36.04057331 ], [ 137.597816030000018, 36.04169636 ], [ 137.597859360000029, 36.04240744 ], [ 137.598324640000016, 36.04318911 ], [ 137.600548270000019, 36.04547384 ], [ 137.60074828, 36.04620078 ], [ 137.601484380000016, 36.04692939 ], [ 137.60236577, 36.04685744 ], [ 137.603864940000022, 36.04799189 ], [ 137.60542328, 36.0486858 ], [ 137.60556384, 36.04923856 ], [ 137.605250220000016, 36.050073 ], [ 137.605293280000012, 36.05212744 ], [ 137.606576640000014, 36.05299911 ], [ 137.606949140000012, 36.05349689 ], [ 137.60707886, 36.05437522 ], [ 137.606862480000018, 36.05542856 ], [ 137.606971360000017, 36.05583105 ], [ 137.60894997, 36.056703 ], [ 137.610738590000011, 36.05773133 ], [ 137.612273330000022, 36.05881772 ], [ 137.613723330000028, 36.05961689 ], [ 137.61394472, 36.061113 ], [ 137.614783610000018, 36.062128 ], [ 137.61459973, 36.06312911 ], [ 137.612965550000013, 36.06445495 ], [ 137.61204333, 36.06579356 ], [ 137.611666940000021, 36.06654411 ], [ 137.61093112, 36.06725522 ], [ 137.61090944, 36.06757133 ], [ 137.611526130000016, 36.06869522 ], [ 137.611124470000021, 36.07014217 ], [ 137.611212530000017, 36.07106605 ], [ 137.611533650000013, 36.07189717 ], [ 137.611428910000029, 36.07269023 ], [ 137.611655860000013, 36.07343661 ], [ 137.61275975, 36.07389328 ], [ 137.612904470000018, 36.07490744 ], [ 137.613483380000019, 36.07546133 ], [ 137.613950050000028, 36.07638717 ], [ 137.612002280000013, 36.0778705 ], [ 137.60964311, 36.07807214 ], [ 137.60822533000001, 36.07793186 ], [ 137.607251410000032, 36.07729075 ], [ 137.605390310000018, 36.07690436 ], [ 137.60458947, 36.07651797 ], [ 137.60289058, 36.07622825 ], [ 137.60148365, 36.07657075 ], [ 137.599113640000013, 36.07630686 ], [ 137.598258910000027, 36.0758502 ], [ 137.597436390000013, 36.07570992 ], [ 137.596814450000011, 36.07584103 ], [ 137.595618050000013, 36.07659659 ], [ 137.595584450000018, 36.07704908 ], [ 137.59507725, 36.07839659 ], [ 137.59504586, 36.07902131 ], [ 137.593945580000025, 36.07982297 ], [ 137.593715030000027, 36.08025047 ], [ 137.59279031, 36.08094464 ], [ 137.5915928, 36.080846 ], [ 137.59036975, 36.08115323 ], [ 137.58840031, 36.08207517 ], [ 137.586420030000028, 36.08340961 ], [ 137.5856192, 36.08380433 ], [ 137.58437472, 36.08412044 ], [ 137.582567220000016, 36.08542877 ], [ 137.581647780000026, 36.08556044 ], [ 137.580641110000016, 36.08530572 ], [ 137.57948306, 36.08547239 ], [ 137.57881222, 36.08487989 ], [ 137.57799528000001, 36.08509017 ], [ 137.577416390000025, 36.08595072 ], [ 137.57658611, 36.08677795 ], [ 137.57589306, 36.08713489 ], [ 137.574572780000011, 36.08723736 ], [ 137.5734275, 36.08768264 ], [ 137.57234861, 36.08859208 ], [ 137.5714925, 36.09115459 ], [ 137.570268880000015, 36.09264625 ], [ 137.569219730000015, 36.0935168 ], [ 137.568243060000015, 36.09469041 ], [ 137.568195030000027, 36.09559014 ], [ 137.56788781, 36.09670041 ], [ 137.56754392000002, 36.0970232 ], [ 137.565343920000032, 36.09721375 ], [ 137.56442752000001, 36.09762459 ], [ 137.563842530000016, 36.09808428 ], [ 137.562962530000021, 36.09841651 ], [ 137.562287520000012, 36.09916956 ], [ 137.561733090000018, 36.10019177 ], [ 137.56190781, 36.10159511 ], [ 137.561745030000026, 36.10205984 ], [ 137.56072031, 36.10235317 ], [ 137.55775419, 36.10339956 ], [ 137.55605419, 36.10475928 ], [ 137.55546336, 36.105439 ], [ 137.554884470000019, 36.10553205 ], [ 137.554703640000014, 36.10599678 ], [ 137.553154190000015, 36.10808511 ], [ 137.552081410000028, 36.10916123 ], [ 137.550857520000022, 36.10987508 ], [ 137.55065253, 36.11038869 ], [ 137.55018003, 36.11259813 ], [ 137.550327, 36.11320592 ], [ 137.551194230000021, 36.11426369 ], [ 137.551335620000032, 36.11545564 ], [ 137.552039220000012, 36.11671259 ], [ 137.553666740000011, 36.11716259 ], [ 137.55567425000001, 36.11731953 ], [ 137.556892020000021, 36.11783313 ], [ 137.557452610000013, 36.11901147 ], [ 137.557316500000013, 36.11981425 ], [ 137.557500950000019, 36.1206112 ], [ 137.55691625, 36.12146675 ], [ 137.557898750000021, 36.12332564 ], [ 137.5584235, 36.12404453 ], [ 137.55908628, 36.12534564 ], [ 137.559405720000029, 36.12632397 ], [ 137.55958659, 36.12812369 ], [ 137.560159360000029, 36.12919008 ], [ 137.560466890000015, 36.1304712 ], [ 137.559417520000011, 36.13070917 ], [ 137.55776345000001, 36.13207225 ], [ 137.55615419, 36.13444639 ], [ 137.55512153, 36.13648864 ], [ 137.554712280000018, 36.13766022 ], [ 137.554689490000015, 36.14001064 ], [ 137.554890340000014, 36.14027259 ], [ 137.556469780000015, 36.14035564 ], [ 137.557241440000013, 36.14075203 ], [ 137.55823616, 36.14157841 ], [ 137.559061750000012, 36.14301175 ], [ 137.559429530000017, 36.14418092 ], [ 137.559748970000015, 36.14449397 ], [ 137.560840360000014, 36.14460147 ], [ 137.563082870000017, 36.14516397 ], [ 137.564017060000026, 36.14561397 ], [ 137.565500120000024, 36.14591759 ], [ 137.56751345, 36.14724313 ], [ 137.56795956000002, 36.14766869 ], [ 137.568044, 36.14817231 ], [ 137.56785708000001, 36.14948813 ], [ 137.568110420000011, 36.15026564 ], [ 137.56818239, 36.1514198 ], [ 137.56789294, 36.1533762 ], [ 137.568007670000014, 36.15382147 ], [ 137.5689963, 36.15443259 ], [ 137.57000908, 36.15470675 ], [ 137.57032852, 36.15547925 ], [ 137.570720470000026, 36.15570425 ], [ 137.572227420000019, 36.15601731 ], [ 137.57319798, 36.1568048 ], [ 137.573879080000012, 36.15711786 ], [ 137.57459633000002, 36.15801813 ], [ 137.57558523, 36.158204 ], [ 137.576766890000016, 36.1587615 ], [ 137.577743280000021, 36.15952428 ], [ 137.57987745, 36.159989 ], [ 137.58132995, 36.15990095 ], [ 137.58314438, 36.16017484 ], [ 137.584175500000015, 36.16080095 ], [ 137.585833, 36.16152484 ], [ 137.58690633, 36.16173039 ], [ 137.58856997, 36.16266956 ], [ 137.58925720000002, 36.16323205 ], [ 137.59084248000002, 36.16379956 ], [ 137.59122248, 36.16411705 ], [ 137.59138497, 36.16508567 ], [ 137.59202997, 36.16590261 ], [ 137.59212636, 36.16640623 ], [ 137.59190333, 36.16894956 ], [ 137.59202973, 36.1695265 ], [ 137.59329501000002, 36.17022344 ], [ 137.595063650000014, 36.17204817 ], [ 137.59508975, 36.17244789 ], [ 137.594170580000025, 36.17296789 ], [ 137.59394756, 36.17482817 ], [ 137.593672560000016, 36.17521817 ], [ 137.59346672, 36.17627733 ], [ 137.59277978, 36.17681344 ], [ 137.592023940000018, 36.17704344 ], [ 137.591259800000017, 36.17787956 ], [ 137.591156740000031, 36.17835317 ], [ 137.59168925000003, 36.17941205 ], [ 137.591723700000017, 36.18047789 ], [ 137.591998170000011, 36.18110511 ], [ 137.591800660000018, 36.18168344 ], [ 137.59244455000001, 36.18282567 ], [ 137.591276780000015, 36.18366869 ], [ 137.591027890000021, 36.18428869 ], [ 137.59123403000001, 36.18511787 ], [ 137.5909507, 36.18561231 ], [ 137.591122360000014, 36.18626703 ], [ 137.592066520000031, 36.18715203 ], [ 137.593526250000025, 36.18780703 ], [ 137.594024030000014, 36.18837092 ], [ 137.59432458, 36.18916536 ], [ 137.594745140000015, 36.18938147 ], [ 137.59517462, 36.19034953 ], [ 137.594393220000029, 36.19198675 ], [ 137.59205795, 36.19181259 ], [ 137.590907390000012, 36.19103925 ], [ 137.5897827, 36.19172897 ], [ 137.587103800000023, 36.19262759 ], [ 137.5862027, 36.19275313 ], [ 137.58500908000002, 36.19342869 ], [ 137.584459660000022, 36.19395814 ], [ 137.58104272, 36.1953098 ], [ 137.58062192, 36.1956162 ], [ 137.58002109, 36.19689813 ], [ 137.579523020000011, 36.19735064 ], [ 137.57868997, 36.19739231 ], [ 137.578552750000028, 36.19781036 ], [ 137.57867306, 36.19927341 ], [ 137.577831390000028, 36.20176759 ], [ 137.57609725, 36.20331397 ], [ 137.575118370000013, 36.20388536 ], [ 137.57475783000001, 36.20497897 ], [ 137.575204230000026, 36.20575925 ], [ 137.57468922000001, 36.20697147 ], [ 137.57421703, 36.20867814 ], [ 137.574062310000016, 36.20961897 ], [ 137.573392580000018, 36.21044786 ], [ 137.573521480000011, 36.21104008 ], [ 137.574963700000012, 36.21263564 ], [ 137.57605428, 36.21432841 ], [ 137.575813720000014, 36.21526897 ], [ 137.575161220000012, 36.21622341 ], [ 137.57490372, 36.21696175 ], [ 137.574345420000014, 36.2173312 ], [ 137.57389903, 36.21797175 ], [ 137.572980410000014, 36.21841092 ], [ 137.573787370000019, 36.21980425 ], [ 137.57469737, 36.2202362 ], [ 137.575744860000015, 36.22022231 ], [ 137.577050140000011, 36.21958841 ], [ 137.577616520000021, 36.21914953 ], [ 137.578157370000014, 36.21914953 ], [ 137.57903317, 36.21954647 ], [ 137.581797890000018, 36.2199298 ], [ 137.58208122000002, 36.22024341 ], [ 137.58302538, 36.22039647 ], [ 137.583703720000017, 36.22132313 ], [ 137.583703750000012, 36.22214508 ], [ 137.584536520000029, 36.22292536 ], [ 137.58402153000003, 36.22369869 ], [ 137.583549300000016, 36.22475786 ], [ 137.5836093, 36.22618592 ], [ 137.58314572, 36.22677117 ], [ 137.583669340000029, 36.22720978 ], [ 137.584682360000016, 36.22716092 ], [ 137.58615930000002, 36.22734925 ], [ 137.58721542, 36.22691036 ], [ 137.587902090000028, 36.22702203 ], [ 137.5896793, 36.22860341 ], [ 137.58965348000001, 36.22960675 ], [ 137.589807950000022, 36.23138339 ], [ 137.590735450000011, 36.23230284 ], [ 137.59079545, 36.23311811 ], [ 137.59134294, 36.2343545 ], [ 137.592838780000022, 36.235292 ], [ 137.59328489, 36.236267 ], [ 137.594324060000019, 36.23629505 ], [ 137.59502795, 36.23658756 ], [ 137.595611830000024, 36.23743061 ], [ 137.595646300000027, 36.23820395 ], [ 137.59541436, 36.23853117 ], [ 137.59556047, 36.23912339 ], [ 137.59532852000001, 36.24001533 ], [ 137.595577420000012, 36.24069117 ], [ 137.595560190000015, 36.24149228 ], [ 137.59635022, 36.24297617 ], [ 137.597329100000024, 36.24360311 ], [ 137.59841078, 36.2445995 ], [ 137.599011610000019, 36.2448295 ], [ 137.600102170000014, 36.24562367 ], [ 137.600763, 36.24589533 ], [ 137.60161328, 36.24721895 ], [ 137.60378523, 36.247867 ], [ 137.605923280000013, 36.24878672 ], [ 137.60630078, 36.25025644 ], [ 137.607322720000013, 36.25152478 ], [ 137.606893, 36.25240311 ], [ 137.606998560000022, 36.25311561 ], [ 137.60915691, 36.25463395 ], [ 137.609909970000018, 36.25491895 ], [ 137.61157691, 36.25681756 ], [ 137.6126208, 36.25741228 ], [ 137.61271136000002, 36.25846311 ], [ 137.613123020000018, 36.25988061 ], [ 137.613735530000014, 36.26091505 ], [ 137.614719440000016, 36.26292728 ], [ 137.614739440000022, 36.264777 ], [ 137.61584389, 36.26510284 ], [ 137.61700861, 36.26476061 ], [ 137.61825389, 36.26572977 ], [ 137.619498890000017, 36.26630839 ], [ 137.620924450000018, 36.26667505 ], [ 137.621035010000014, 36.26749395 ], [ 137.622593060000014, 36.26891922 ], [ 137.623033060000012, 36.26983228 ], [ 137.62379389, 36.27041895 ], [ 137.624711670000011, 36.27064867 ], [ 137.625466110000019, 36.27116369 ], [ 137.626352500000024, 36.27219897 ], [ 137.626578880000011, 36.27317841 ], [ 137.626635580000027, 36.27436703 ], [ 137.627113090000023, 36.27504008 ], [ 137.627031140000014, 36.27563703 ], [ 137.62739586, 36.27627453 ], [ 137.627968080000016, 36.27641231 ], [ 137.62829503, 36.27683564 ], [ 137.62879781, 36.27836592 ], [ 137.629520860000014, 36.27893703 ], [ 137.630859750000013, 36.27923814 ], [ 137.631670860000014, 36.27999814 ], [ 137.63300336, 36.28089564 ], [ 137.635260580000022, 36.28206897 ], [ 137.635618640000018, 36.28259953 ], [ 137.636366690000017, 36.28314036 ], [ 137.63763031000002, 36.28365508 ], [ 137.63762394, 36.28424175 ], [ 137.63869283, 36.28499675 ], [ 137.640622550000018, 36.28538953 ], [ 137.641364470000013, 36.2857212 ], [ 137.642182, 36.28644536 ], [ 137.64298005, 36.28689425 ], [ 137.643596160000016, 36.28748092 ], [ 137.64517394, 36.28782759 ], [ 137.645714770000012, 36.2881848 ], [ 137.647022550000031, 36.28858759 ], [ 137.647820610000025, 36.28905175 ], [ 137.64766978, 36.28990869 ], [ 137.648141170000031, 36.29053092 ], [ 137.648216720000022, 36.29229064 ], [ 137.64788341000002, 36.2930148 ], [ 137.647946470000022, 36.29446314 ], [ 137.646858720000012, 36.29645233 ], [ 137.64732372, 36.29695733 ], [ 137.647814, 36.29799817 ], [ 137.64808428, 36.29811039 ], [ 137.648229, 36.29915567 ], [ 137.64862484, 36.29937511 ], [ 137.648668750000013, 36.30005872 ], [ 137.65003292, 36.30111456 ], [ 137.65142236, 36.30185928 ], [ 137.65198791, 36.30241511 ], [ 137.652333750000025, 36.30354761 ], [ 137.653056830000025, 36.30467456 ], [ 137.652245720000025, 36.30566431 ], [ 137.65115183, 36.30612817 ], [ 137.65051686000001, 36.30711264 ], [ 137.649554920000014, 36.30806125 ], [ 137.648901020000011, 36.3089132 ], [ 137.648869640000015, 36.30928041 ], [ 137.64942910000002, 36.31035653 ], [ 137.649649110000013, 36.31123903 ], [ 137.64920272, 36.3123968 ], [ 137.64936608, 36.31329459 ], [ 137.649843870000012, 36.3147482 ], [ 137.64973691, 36.31554347 ], [ 137.65143917, 36.31708597 ], [ 137.65085278, 36.31909264 ], [ 137.650929170000012, 36.31966128 ], [ 137.65061058, 36.32059239 ], [ 137.650750860000016, 36.32099572 ], [ 137.651796420000011, 36.32135795 ], [ 137.65242114, 36.32182323 ], [ 137.652191410000029, 36.32277489 ], [ 137.651171730000016, 36.32367461 ], [ 137.651299220000027, 36.32464684 ], [ 137.65067425, 36.32739795 ], [ 137.648787590000012, 36.32879433 ], [ 137.64850733, 36.32971489 ], [ 137.64696455, 36.32990128 ], [ 137.646365670000023, 36.33023184 ], [ 137.64646733, 36.33214572 ], [ 137.646377910000012, 36.33355239 ], [ 137.64584263, 36.334721 ], [ 137.646059340000022, 36.33584351 ], [ 137.645880730000016, 36.33615377 ], [ 137.646031280000017, 36.33696184 ], [ 137.645699920000027, 36.33928933 ], [ 137.645963800000033, 36.34038184 ], [ 137.64560713, 36.34126072 ], [ 137.646679080000013, 36.34177103 ], [ 137.64760852, 36.34196269 ], [ 137.64820241000001, 36.3412088 ], [ 137.649504920000027, 36.3405538 ], [ 137.650921580000016, 36.34007186 ], [ 137.65240655, 36.3391138 ], [ 137.654463220000025, 36.33877408 ], [ 137.65538462, 36.3381252 ], [ 137.656740440000021, 36.33801439 ], [ 137.65827128, 36.33743328 ], [ 137.65879684, 36.337353 ], [ 137.6610435, 36.33752633 ], [ 137.662147910000016, 36.33732856 ], [ 137.66265820000001, 36.33751384 ], [ 137.662772390000015, 36.33791578 ], [ 137.66375489, 36.33800217 ], [ 137.665059860000014, 36.33710661 ], [ 137.66594014, 36.33730886 ], [ 137.667228200000011, 36.33785387 ], [ 137.668149590000013, 36.33767469 ], [ 137.66873597, 36.33723608 ], [ 137.670495140000014, 36.33686525 ], [ 137.671127370000022, 36.33718053 ], [ 137.67254431, 36.33734747 ], [ 137.673084860000017, 36.33784803 ], [ 137.67607791, 36.337255 ], [ 137.677281530000016, 36.33734139 ], [ 137.6787893, 36.33698305 ], [ 137.6795893, 36.33721167 ], [ 137.680883750000021, 36.33797195 ], [ 137.681485690000017, 36.33866417 ], [ 137.68153128000003, 36.33922 ], [ 137.68195795, 36.33957864 ], [ 137.682544330000013, 36.34098169 ], [ 137.68335156, 36.34176641 ], [ 137.684296030000013, 36.34298392 ], [ 137.68412852, 36.34365113 ], [ 137.68514131, 36.34470197 ], [ 137.685590750000017, 36.34554867 ], [ 137.68553745, 36.34657478 ], [ 137.68620772, 36.34825561 ], [ 137.68615442, 36.34923839 ], [ 137.686619140000033, 36.34995533 ], [ 137.686565810000019, 36.35151256 ], [ 137.68724333000003, 36.35301425 ], [ 137.687098610000021, 36.35389814 ], [ 137.68757086, 36.35569647 ], [ 137.688226140000012, 36.35620953 ], [ 137.689155310000018, 36.35656175 ], [ 137.689909200000017, 36.35659259 ], [ 137.69033558000001, 36.35701286 ], [ 137.69048031, 36.35763095 ], [ 137.69142506, 36.3587065 ], [ 137.691447830000016, 36.35912067 ], [ 137.6919809, 36.35983733 ], [ 137.69190477, 36.36084484 ], [ 137.692859810000016, 36.36269623 ], [ 137.693671750000021, 36.36287178 ], [ 137.694882580000012, 36.3628532 ], [ 137.69623092, 36.36310653 ], [ 137.697061190000028, 36.36369375 ], [ 137.698751750000014, 36.36409569 ], [ 137.699421750000027, 36.3646332 ], [ 137.7010137, 36.36500405 ], [ 137.701500950000025, 36.36667267 ], [ 137.70211817, 36.36752572 ], [ 137.702947890000019, 36.36814961 ], [ 137.70414403, 36.369596 ], [ 137.704509300000012, 36.37025714 ], [ 137.7059107, 36.37182075 ], [ 137.7065885, 36.37306297 ], [ 137.706443770000021, 36.37416297 ], [ 137.706992140000011, 36.37524436 ], [ 137.70781464, 36.37595522 ], [ 137.70901047000001, 36.37674633 ], [ 137.708324920000024, 36.37800689 ], [ 137.707708, 36.380108 ], [ 137.70760883, 36.38122633 ], [ 137.70718997, 36.382648 ], [ 137.706626350000022, 36.38346359 ], [ 137.706154160000011, 36.38497775 ], [ 137.70632167, 36.38706025 ], [ 137.707776420000016, 36.3887908 ], [ 137.707837250000011, 36.3895508 ], [ 137.70819531, 36.39036056 ], [ 137.708462, 36.39146667 ], [ 137.709550900000011, 36.39314778 ], [ 137.709627, 36.39400667 ], [ 137.71086064, 36.39535392 ], [ 137.71131786, 36.39561975 ], [ 137.711888970000018, 36.39666392 ], [ 137.71316092, 36.39727586 ], [ 137.714531500000021, 36.39825864 ], [ 137.714980950000012, 36.39877169 ], [ 137.715285670000014, 36.39965531 ], [ 137.71520927, 36.40120005 ], [ 137.71403652, 36.40245478 ], [ 137.71367847, 36.40328284 ], [ 137.71354156000001, 36.40446339 ], [ 137.713031, 36.40570533 ], [ 137.71310739, 36.40624313 ], [ 137.71217798, 36.4074048 ], [ 137.712299920000021, 36.40822675 ], [ 137.712170470000018, 36.4091662 ], [ 137.711431850000025, 36.40984589 ], [ 137.711469640000018, 36.41058728 ], [ 137.71271883, 36.41343005 ], [ 137.712239110000013, 36.41463531 ], [ 137.712376060000025, 36.41524697 ], [ 137.71207134, 36.41579086 ], [ 137.712216060000031, 36.41688503 ], [ 137.71347272, 36.41678614 ], [ 137.71486633, 36.41692805 ], [ 137.715574670000024, 36.41728667 ], [ 137.71638966, 36.41731751 ], [ 137.717257720000021, 36.41805917 ], [ 137.718088, 36.418535 ], [ 137.718506890000015, 36.41914667 ], [ 137.72030523, 36.42042441 ], [ 137.72085189, 36.42094887 ], [ 137.721684940000017, 36.42126636 ], [ 137.723039660000012, 36.42205831 ], [ 137.72347467, 36.42267331 ], [ 137.724904110000011, 36.42339439 ], [ 137.72596689, 36.42465495 ], [ 137.727004670000014, 36.42526495 ], [ 137.72944689, 36.42535105 ], [ 137.73017411, 36.42508884 ], [ 137.7317902, 36.42410022 ], [ 137.7324427, 36.42391384 ], [ 137.73309519, 36.42312217 ], [ 137.73390326, 36.42284995 ], [ 137.73513988000002, 36.42219939 ], [ 137.735941560000015, 36.42209353 ], [ 137.737377110000011, 36.42161964 ], [ 137.738676280000021, 36.42039436 ], [ 137.74010569, 36.41941964 ], [ 137.742040410000016, 36.41923159 ], [ 137.74339486, 36.41883547 ], [ 137.74693095, 36.41842964 ], [ 137.747736230000015, 36.41760436 ], [ 137.74969453, 36.41595241 ], [ 137.750629250000031, 36.41532572 ], [ 137.751755910000014, 36.41423239 ], [ 137.752474230000018, 36.41264795 ], [ 137.753876720000022, 36.41071239 ], [ 137.754021720000026, 36.41007572 ], [ 137.75382589, 36.40956214 ], [ 137.75322283, 36.40896297 ], [ 137.753124750000012, 36.40793603 ], [ 137.752755300000018, 36.40700659 ], [ 137.7532228, 36.40564936 ], [ 137.75338861, 36.40386436 ], [ 137.75406694, 36.40290464 ], [ 137.755182500000018, 36.40168797 ], [ 137.756599420000015, 36.40093603 ], [ 137.757277760000022, 36.399866 ], [ 137.7593808, 36.39842933 ], [ 137.760255230000013, 36.39721295 ], [ 137.76161966, 36.39639989 ], [ 137.762267720000011, 36.39559905 ], [ 137.763142140000014, 36.39537905 ], [ 137.763911020000023, 36.39485933 ], [ 137.765546860000029, 36.39429711 ], [ 137.767725160000026, 36.3931968 ], [ 137.76814711, 36.39248736 ], [ 137.77046128, 36.39182125 ], [ 137.77203655, 36.39273236 ], [ 137.773506280000021, 36.39496375 ], [ 137.77482545, 36.39607651 ], [ 137.7754285, 36.39723205 ], [ 137.776287670000016, 36.39769067 ], [ 137.77773516000002, 36.39772733 ], [ 137.77848905, 36.3972565 ], [ 137.780305450000014, 36.39680428 ], [ 137.78115739, 36.39682261 ], [ 137.7820318, 36.39635789 ], [ 137.78261236, 36.39646789 ], [ 137.785084580000017, 36.3965598 ], [ 137.78542375, 36.39600341 ], [ 137.785883750000011, 36.39580175 ], [ 137.786607370000013, 36.39495787 ], [ 137.788876500000015, 36.3934112 ], [ 137.789223170000014, 36.39293453 ], [ 137.789992050000023, 36.39265953 ], [ 137.79067817, 36.39210313 ], [ 137.792162890000014, 36.39240869 ], [ 137.793127890000022, 36.39344203 ], [ 137.795185670000023, 36.39417589 ], [ 137.79682148, 36.39413311 ], [ 137.79796730000001, 36.39429811 ], [ 137.799618150000015, 36.39476895 ], [ 137.800582870000028, 36.39438367 ], [ 137.80233175, 36.39437756 ], [ 137.80438202000002, 36.39381533 ], [ 137.80504536, 36.39352172 ], [ 137.806552830000015, 36.39347892 ], [ 137.807035330000019, 36.39331392 ], [ 137.808678390000011, 36.3945428 ], [ 137.81021616000001, 36.39486697 ], [ 137.812907280000019, 36.39422503 ], [ 137.81491975, 36.39241531 ], [ 137.81590725, 36.39185308 ], [ 137.81837975000002, 36.39176141 ], [ 137.820641140000021, 36.39220778 ], [ 137.821869750000019, 36.39204889 ], [ 137.823120860000017, 36.39231195 ], [ 137.82531472, 36.3911625 ], [ 137.825480560000017, 36.39044111 ], [ 137.82581195, 36.39019667 ], [ 137.82572167, 36.38951167 ], [ 137.82609861, 36.38888223 ], [ 137.82603083, 36.38793444 ], [ 137.82621167, 36.38736 ], [ 137.82713109, 36.38642444 ], [ 137.82722192, 36.38556251 ], [ 137.827590800000024, 36.38498777 ], [ 137.82733497000001, 36.38454751 ], [ 137.828194140000022, 36.38321472 ], [ 137.83000328, 36.38173528 ], [ 137.831066060000012, 36.3809775 ], [ 137.832468, 36.38127695 ], [ 137.833794940000018, 36.38187639 ], [ 137.836169110000014, 36.38320889 ], [ 137.836885500000022, 36.38379584 ], [ 137.837759660000017, 36.3848722 ], [ 137.83830995, 36.38507997 ], [ 137.84115911, 36.38565469 ], [ 137.841068830000012, 36.38646775 ], [ 137.843819950000011, 36.3880208 ], [ 137.84405358, 36.38835108 ], [ 137.853427470000014, 36.39378633 ], [ 137.85383411, 36.39245967 ], [ 137.854663280000011, 36.39248411 ], [ 137.855063, 36.391353 ], [ 137.855764110000024, 36.39160995 ], [ 137.85561328, 36.39258217 ], [ 137.856902440000027, 36.39270439 ], [ 137.86343020000001, 36.38711051 ], [ 137.86474185000003, 36.38627911 ], [ 137.86737241, 36.38656633 ], [ 137.867862410000015, 36.38433522 ], [ 137.869121, 36.38390105 ], [ 137.87010878000001, 36.38327133 ], [ 137.87044044000001, 36.38180384 ], [ 137.870990730000017, 36.38085633 ], [ 137.871397660000014, 36.38061189 ], [ 137.87191934, 36.37932105 ], [ 137.872386280000029, 36.37920884 ], [ 137.87476737, 36.37822828 ], [ 137.876330700000011, 36.37768967 ], [ 137.87708236, 36.37640967 ], [ 137.87774348, 36.37560633 ], [ 137.87904930000002, 36.37433133 ], [ 137.880932890000025, 36.37287522 ], [ 137.881725110000019, 36.37179411 ], [ 137.88274372, 36.36981995 ], [ 137.884976780000017, 36.36726578 ], [ 137.886873410000021, 36.36520661 ], [ 137.88809064, 36.36399605 ], [ 137.888514250000014, 36.36388911 ], [ 137.889999530000011, 36.36539578 ], [ 137.891071190000019, 36.36427772 ], [ 137.89601148, 36.36672661 ], [ 137.895801750000032, 36.36731911 ], [ 137.89587953, 36.36801744 ], [ 137.89689202, 36.36762605 ], [ 137.897953700000016, 36.36792551 ], [ 137.899924250000026, 36.36818717 ], [ 137.90207258, 36.36861856 ], [ 137.903054250000025, 36.36894439 ], [ 137.904852020000021, 36.36912189 ], [ 137.906433970000023, 36.36999105 ], [ 137.906885360000018, 36.36988411 ], [ 137.907013410000019, 36.36896522 ], [ 137.90781508, 36.36743105 ], [ 137.90835759, 36.36710495 ], [ 137.909619780000014, 36.36709772 ], [ 137.91194453, 36.36819995 ], [ 137.911800920000019, 36.36877384 ], [ 137.910472020000014, 36.36963272 ], [ 137.91007036000002, 36.37012772 ], [ 137.90872425, 36.37028523 ], [ 137.90864258000002, 36.37096078 ], [ 137.908257030000016, 36.37132161 ], [ 137.908921750000019, 36.37196384 ], [ 137.9089937, 36.37264772 ], [ 137.907843970000016, 36.37419133 ], [ 137.90629956, 36.37523023 ], [ 137.905807610000011, 36.37595967 ], [ 137.90566956, 36.3769605 ], [ 137.905982890000018, 36.37749884 ], [ 137.90519372, 36.37911661 ], [ 137.90438205, 36.37976911 ], [ 137.90454484, 36.38066022 ], [ 137.905676230000012, 36.38156967 ], [ 137.905039860000016, 36.38258384 ], [ 137.904967910000011, 36.38340939 ], [ 137.90531569, 36.38407939 ], [ 137.90501791, 36.38472992 ], [ 137.90416263, 36.38596131 ], [ 137.90409403000001, 36.38661353 ], [ 137.903533190000019, 36.38752353 ], [ 137.90230791, 36.38818103 ], [ 137.901600170000023, 36.38933908 ], [ 137.90150294, 36.38995992 ], [ 137.901785160000031, 36.39128741 ], [ 137.90182572, 36.3921738 ], [ 137.902405160000029, 36.39385297 ], [ 137.903633220000017, 36.39516297 ], [ 137.905384890000022, 36.39461713 ], [ 137.907295160000018, 36.39440186 ], [ 137.908708220000022, 36.3931702 ], [ 137.90971044, 36.3926952 ], [ 137.90991739, 36.39236547 ], [ 137.90978569, 36.39163659 ], [ 137.909951800000016, 36.39071603 ], [ 137.91046236, 36.38970769 ], [ 137.912364310000015, 36.38939325 ], [ 137.912839580000025, 36.38961631 ], [ 137.913710970000011, 36.39106436 ], [ 137.91406486, 36.39141241 ], [ 137.915330700000027, 36.39213436 ], [ 137.915603480000016, 36.39257297 ], [ 137.91382961, 36.39450631 ], [ 137.91263294, 36.39596464 ], [ 137.910481280000027, 36.3979802 ], [ 137.91035267, 36.39862103 ], [ 137.90966047, 36.4002252 ], [ 137.909604090000016, 36.40102297 ], [ 137.909958250000017, 36.40219214 ], [ 137.90977326, 36.4027002 ], [ 137.91016464, 36.40288964 ], [ 137.9105063, 36.40357408 ], [ 137.91109825, 36.40407408 ], [ 137.912216590000014, 36.40576797 ], [ 137.912836860000027, 36.40689131 ], [ 137.9139427, 36.40698464 ], [ 137.91436825, 36.40727714 ], [ 137.915399080000014, 36.4073502 ], [ 137.91615131, 36.40787686 ], [ 137.91682158, 36.40808214 ], [ 137.918381580000016, 36.40950184 ], [ 137.916564110000024, 36.41150795 ], [ 137.917494940000012, 36.41196323 ], [ 137.91809939, 36.41203184 ], [ 137.919691020000016, 36.411491 ], [ 137.921107980000016, 36.41181156 ], [ 137.922575470000027, 36.41156184 ], [ 137.923762970000013, 36.41179128 ], [ 137.9246602, 36.4115185 ], [ 137.925003800000013, 36.41229072 ], [ 137.92462769, 36.41285239 ], [ 137.923682440000022, 36.41369044 ], [ 137.92206883, 36.4145235 ], [ 137.921254670000025, 36.41518322 ], [ 137.919666060000026, 36.41623017 ], [ 137.918735500000025, 36.41712211 ], [ 137.91715969, 36.418231 ], [ 137.916777760000031, 36.41970656 ], [ 137.916291090000016, 36.42029017 ], [ 137.915160800000024, 36.42124544 ], [ 137.91443747, 36.42132989 ], [ 137.913739140000018, 36.42186433 ], [ 137.913337760000019, 36.4229835 ], [ 137.915773020000017, 36.42390461 ], [ 137.91769163, 36.42450767 ], [ 137.91938331, 36.425171 ], [ 137.918493860000012, 36.425921 ], [ 137.916718340000017, 36.42787459 ], [ 137.916519170000015, 36.42882069 ], [ 137.916048610000018, 36.42916236 ], [ 137.914546390000027, 36.42927736 ], [ 137.914382780000011, 36.43010513 ], [ 137.91369416, 36.43045903 ], [ 137.91299195000002, 36.43046792 ], [ 137.91215058, 36.43118041 ], [ 137.911335580000014, 36.43132208 ], [ 137.910624190000021, 36.43180625 ], [ 137.910011970000028, 36.43184541 ], [ 137.90951837, 36.43314541 ], [ 137.908463650000016, 36.43422069 ], [ 137.90687531, 36.43527569 ], [ 137.90665725, 36.43556931 ], [ 137.906475030000024, 36.43681236 ], [ 137.905385890000019, 36.43878623 ], [ 137.905326450000018, 36.43936095 ], [ 137.90685922, 36.43977984 ], [ 137.90740922, 36.44156844 ], [ 137.908340050000021, 36.44084511 ], [ 137.91045811, 36.44041928 ], [ 137.91248117, 36.44097289 ], [ 137.913700050000017, 36.44101733 ], [ 137.91468672000002, 36.44194789 ], [ 137.916168110000029, 36.44264344 ], [ 137.917347, 36.44287233 ], [ 137.918731440000016, 36.44399484 ], [ 137.919517830000018, 36.44484039 ], [ 137.92055783, 36.44539511 ], [ 137.92112283, 36.44541123 ], [ 137.921536450000019, 36.44620539 ], [ 137.92222953000001, 36.44992317 ], [ 137.92359202, 36.45000761 ], [ 137.92558481, 36.44960789 ], [ 137.927316470000022, 36.44984761 ], [ 137.928888980000011, 36.45021595 ], [ 137.92937953, 36.450879 ], [ 137.929780920000013, 36.45180928 ], [ 137.92997397000002, 36.45273344 ], [ 137.929626470000017, 36.45397428 ], [ 137.92977148, 36.45454178 ], [ 137.93102678, 36.45593039 ], [ 137.93181428, 36.45664595 ], [ 137.933333330000011, 36.45753903 ], [ 137.933684840000012, 36.45794039 ], [ 137.93323956, 36.45911259 ], [ 137.932947610000014, 36.46075759 ], [ 137.933665670000011, 36.46077759 ], [ 137.934046250000023, 36.46181675 ], [ 137.93504569000001, 36.46282675 ], [ 137.935119860000015, 36.46341341 ], [ 137.934832630000017, 36.46400841 ], [ 137.936204310000022, 36.46463259 ], [ 137.93704986, 36.46541508 ], [ 137.9370193, 36.46704925 ], [ 137.93565737, 36.46679592 ], [ 137.93510791, 36.46700592 ], [ 137.93402988, 36.46784813 ], [ 137.93360128, 36.46797064 ], [ 137.931243220000027, 36.46750425 ], [ 137.93032377, 36.46694231 ], [ 137.928612390000012, 36.46771036 ], [ 137.927591830000011, 36.46838925 ], [ 137.926880730000022, 36.46934756 ], [ 137.92634128, 36.47115533 ], [ 137.927213220000027, 36.47116339 ], [ 137.928201560000019, 36.47174228 ], [ 137.92893964000001, 36.47293395 ], [ 137.931117130000018, 36.47428644 ], [ 137.931372970000012, 36.47492256 ], [ 137.93191798, 36.47513172 ], [ 137.932428250000015, 36.47447644 ], [ 137.932967980000029, 36.47473367 ], [ 137.933026300000023, 36.47550228 ], [ 137.934950750000013, 36.47585367 ], [ 137.93501519, 36.47646839 ], [ 137.93444575, 36.47706339 ], [ 137.93679713, 36.47785644 ], [ 137.937227440000015, 36.47870644 ], [ 137.93739577, 36.47957478 ], [ 137.93883577, 36.48054033 ], [ 137.93916772, 36.48103061 ], [ 137.93918217, 36.48166367 ], [ 137.938905500000033, 36.48271839 ], [ 137.93838051000003, 36.48332533 ], [ 137.93834109, 36.48414644 ], [ 137.93745053, 36.48581225 ], [ 137.937021360000017, 36.48633141 ], [ 137.93835109, 36.4875492 ], [ 137.93958747, 36.48813559 ], [ 137.94138053, 36.48792253 ], [ 137.942383580000012, 36.48795141 ], [ 137.94425859, 36.48868867 ], [ 137.944754140000015, 36.48909475 ], [ 137.946421360000016, 36.48940367 ], [ 137.94693136, 36.48937561 ], [ 137.949296080000011, 36.48881839 ], [ 137.9509308, 36.48813117 ], [ 137.951820250000026, 36.48724144 ], [ 137.953221050000025, 36.48497922 ], [ 137.951373860000018, 36.48527339 ], [ 137.95028720000002, 36.48522033 ], [ 137.949597470000015, 36.48480867 ], [ 137.949319660000015, 36.48265784 ], [ 137.95015078, 36.48133144 ], [ 137.95099575, 36.47972033 ], [ 137.95156825, 36.47919759 ], [ 137.953051860000016, 36.47817369 ], [ 137.954536300000029, 36.47743786 ], [ 137.955212970000019, 36.47697869 ], [ 137.956481310000015, 36.47547064 ], [ 137.956806840000013, 36.47467341 ], [ 137.957118220000012, 36.47315231 ], [ 137.95753489, 36.47250841 ], [ 137.95877017, 36.47158675 ], [ 137.959063220000019, 36.4709162 ], [ 137.95882791, 36.46904928 ], [ 137.959354860000019, 36.46791956 ], [ 137.96016791, 36.46747095 ], [ 137.961414030000014, 36.46650317 ], [ 137.96280625, 36.46703123 ], [ 137.963281240000015, 36.46748539 ], [ 137.964670700000028, 36.46797761 ], [ 137.964950140000013, 36.46680456 ], [ 137.964644280000016, 36.46556372 ], [ 137.963935670000012, 36.46435705 ], [ 137.96359178, 36.46346789 ], [ 137.964639560000023, 36.463294 ], [ 137.965842890000033, 36.46285567 ], [ 137.968419830000016, 36.46135623 ], [ 137.970664250000027, 36.46118736 ], [ 137.971760640000014, 36.46132903 ], [ 137.97183623, 36.46207792 ], [ 137.97358234, 36.46201541 ], [ 137.97413536000002, 36.46180959 ], [ 137.97414842, 36.46126597 ], [ 137.97556148000001, 36.46134541 ], [ 137.976432870000025, 36.46110292 ], [ 137.977122580000014, 36.46070153 ], [ 137.978189800000024, 36.4617732 ], [ 137.978885640000016, 36.46221153 ], [ 137.980158140000015, 36.46255653 ], [ 137.980138720000014, 36.4633218 ], [ 137.980418440000022, 36.46414013 ], [ 137.98139261, 36.46442625 ], [ 137.981809, 36.46492764 ], [ 137.98343983, 36.46587792 ], [ 137.98437039, 36.46678625 ], [ 137.98548234, 36.46699014 ], [ 137.986879, 36.46752764 ], [ 137.98767927, 36.46824541 ], [ 137.99040678, 36.46932987 ], [ 137.991180970000016, 36.46983653 ], [ 137.991415140000015, 36.47047292 ], [ 137.99243014000001, 36.47140708 ], [ 137.99337764, 36.47180014 ], [ 137.993839580000014, 36.47246541 ], [ 137.995373480000012, 36.4721382 ], [ 137.995588200000014, 36.47273487 ], [ 137.996906250000023, 36.47382013 ], [ 137.997774030000016, 36.4739932 ], [ 137.99834847, 36.47442375 ], [ 137.998743750000017, 36.47513541 ], [ 137.999782630000027, 36.47579013 ], [ 137.99998961, 36.47628959 ], [ 138.00166017, 36.47784039 ], [ 138.004770730000018, 36.47971595 ], [ 138.005537660000016, 36.48009289 ], [ 138.006456, 36.47922153 ], [ 138.009328220000015, 36.47915597 ], [ 138.013857950000016, 36.48012792 ], [ 138.01519489, 36.48086708 ], [ 138.01743406, 36.48156569 ], [ 138.017849610000013, 36.48234431 ], [ 138.018919340000025, 36.48291903 ], [ 138.02032545, 36.48313736 ], [ 138.02124659, 36.48407792 ], [ 138.022783530000027, 36.4839682 ], [ 138.023800200000011, 36.48423541 ], [ 138.02466575, 36.4841268 ], [ 138.02565464, 36.48485764 ], [ 138.027044360000019, 36.48513431 ], [ 138.028527130000015, 36.48517597 ], [ 138.02970131, 36.48506041 ], [ 138.030686860000031, 36.48459459 ], [ 138.03221825, 36.48468513 ], [ 138.033371580000022, 36.4849082 ], [ 138.03631908, 36.48609764 ], [ 138.039119360000029, 36.48777931 ], [ 138.03979852, 36.48832708 ], [ 138.04107825, 36.48986875 ], [ 138.041367720000011, 36.49040653 ], [ 138.042590220000022, 36.49119541 ], [ 138.043432170000017, 36.49195486 ], [ 138.04346161, 36.49275847 ], [ 138.04473550000003, 36.49354431 ], [ 138.04540689000001, 36.4941032 ], [ 138.045690510000014, 36.49461236 ], [ 138.04647384, 36.49489264 ], [ 138.047706330000011, 36.49447875 ], [ 138.048147170000021, 36.49394487 ], [ 138.049103840000015, 36.4935168 ], [ 138.050542440000015, 36.49359431 ], [ 138.05160745, 36.49226513 ], [ 138.052605230000012, 36.49199708 ], [ 138.053769100000011, 36.49270514 ], [ 138.056015500000029, 36.49172628 ], [ 138.05688856, 36.49172156 ], [ 138.05798436, 36.49112822 ], [ 138.06016519, 36.49067017 ], [ 138.060614640000011, 36.49101377 ], [ 138.0634138, 36.49059767 ], [ 138.065597130000015, 36.49004211 ], [ 138.067260190000013, 36.48993267 ], [ 138.068834090000024, 36.49050851 ], [ 138.069937690000017, 36.48994684 ], [ 138.07066326, 36.48987767 ], [ 138.071393530000023, 36.49010295 ], [ 138.073122970000014, 36.49003989 ], [ 138.073787370000019, 36.49020772 ], [ 138.07457445, 36.49075075 ], [ 138.07453297, 36.48930711 ], [ 138.074966860000018, 36.48872992 ], [ 138.074806860000024, 36.48749825 ], [ 138.074198490000015, 36.48658741 ], [ 138.07314961, 36.48551214 ], [ 138.073137660000015, 36.48490408 ], [ 138.073496280000029, 36.48308964 ], [ 138.073762390000013, 36.48231103 ], [ 138.074430700000022, 36.48198575 ], [ 138.075532630000026, 36.48094131 ], [ 138.07580153, 36.48048464 ], [ 138.07671708, 36.48040464 ], [ 138.077460700000017, 36.48061936 ], [ 138.07869625, 36.48065408 ], [ 138.07887681, 36.48006408 ], [ 138.080694580000028, 36.47977908 ], [ 138.081577370000019, 36.47988269 ], [ 138.08206375, 36.47970269 ], [ 138.0832982, 36.47831047 ], [ 138.08411375, 36.47831633 ], [ 138.086570420000015, 36.47791828 ], [ 138.087042090000011, 36.47775495 ], [ 138.086172050000016, 36.47701077 ], [ 138.085932610000015, 36.47608467 ], [ 138.084659, 36.47472439 ], [ 138.08482956, 36.47390939 ], [ 138.085475670000022, 36.4733555 ], [ 138.087005380000022, 36.47373911 ], [ 138.08871234, 36.47329384 ], [ 138.089137890000018, 36.47294272 ], [ 138.089938170000011, 36.47315133 ], [ 138.090689270000013, 36.47309995 ], [ 138.09161789, 36.47390051 ], [ 138.093379270000014, 36.47348217 ], [ 138.094244550000013, 36.47296217 ], [ 138.095612870000025, 36.47174884 ], [ 138.096585080000011, 36.47146828 ], [ 138.09760064, 36.47044772 ], [ 138.0982937, 36.47039939 ], [ 138.09865953000002, 36.46993217 ], [ 138.0998362, 36.4692505 ], [ 138.10045341, 36.46860884 ], [ 138.10214231, 36.46808164 ], [ 138.10480148000002, 36.46868525 ], [ 138.10598008, 36.46865747 ], [ 138.10600341, 36.46754247 ], [ 138.10623866, 36.46608414 ], [ 138.106780610000015, 36.4648208 ], [ 138.106496720000024, 36.46360025 ], [ 138.105799220000023, 36.46283831 ], [ 138.105993650000016, 36.4613958 ], [ 138.106301700000017, 36.46101136 ], [ 138.1060692, 36.46018053 ], [ 138.106038910000024, 36.45919775 ], [ 138.106789750000019, 36.45866969 ], [ 138.10746475000002, 36.45795053 ], [ 138.108761970000018, 36.45782913 ], [ 138.109826670000018, 36.45708303 ], [ 138.111060270000024, 36.45709413 ], [ 138.11162056, 36.45672525 ], [ 138.111795840000013, 36.45571303 ], [ 138.11225056, 36.45501361 ], [ 138.113546110000016, 36.45435667 ], [ 138.114021950000023, 36.453515 ], [ 138.115370250000012, 36.45176667 ], [ 138.115756910000016, 36.45062917 ], [ 138.115836910000013, 36.44987111 ], [ 138.117600800000019, 36.4492975 ], [ 138.117952750000029, 36.44902417 ], [ 138.11778053, 36.44779417 ], [ 138.118691050000024, 36.44571972 ], [ 138.118796620000012, 36.44483 ], [ 138.11810828, 36.44374917 ], [ 138.118303, 36.44312305 ], [ 138.118790780000012, 36.44266361 ], [ 138.119903800000031, 36.44212056 ], [ 138.121530190000016, 36.44056587 ], [ 138.121761310000011, 36.44014559 ], [ 138.12152852, 36.43915531 ], [ 138.1216085, 36.43683086 ], [ 138.12136128, 36.43654169 ], [ 138.119275720000019, 36.43504559 ], [ 138.11884516, 36.43437031 ], [ 138.11773545, 36.43383253 ], [ 138.11524655, 36.43390836 ], [ 138.11430156, 36.43413641 ], [ 138.113976520000023, 36.43316725 ], [ 138.114251530000018, 36.43237808 ], [ 138.114870700000012, 36.43161364 ], [ 138.1144782, 36.43033169 ], [ 138.11465956, 36.4291042 ], [ 138.115073450000011, 36.42824864 ], [ 138.11505234, 36.42719256 ], [ 138.115664, 36.42667172 ], [ 138.116109560000012, 36.425987 ], [ 138.11656428, 36.42571117 ], [ 138.116281750000013, 36.42441839 ], [ 138.11640703, 36.42219228 ], [ 138.11727092000001, 36.42122895 ], [ 138.11721842, 36.42060311 ], [ 138.11682672, 36.41977756 ], [ 138.116298110000031, 36.41819228 ], [ 138.11568005, 36.41750839 ], [ 138.115268110000017, 36.4161945 ], [ 138.114930890000011, 36.415617 ], [ 138.11421891, 36.41494092 ], [ 138.113310580000018, 36.41367231 ], [ 138.113947520000011, 36.4122212 ], [ 138.113619730000011, 36.41061064 ], [ 138.113760270000029, 36.4096462 ], [ 138.113245280000029, 36.4088862 ], [ 138.11320778000001, 36.40784536 ], [ 138.11427555, 36.4064098 ], [ 138.115305810000024, 36.40485259 ], [ 138.115455810000014, 36.40375841 ], [ 138.114697200000023, 36.40219372 ], [ 138.11466883, 36.40112261 ], [ 138.114191340000019, 36.40058317 ], [ 138.11298328, 36.39999067 ], [ 138.112561610000029, 36.39952705 ], [ 138.111119100000025, 36.40026428 ], [ 138.108993280000021, 36.40075761 ], [ 138.10823438, 36.40136564 ], [ 138.108084690000027, 36.40207175 ], [ 138.10718553000001, 36.4028012 ], [ 138.10635192, 36.40286203 ], [ 138.105434420000023, 36.40244397 ], [ 138.104609970000013, 36.40243647 ], [ 138.103766910000019, 36.40286953 ], [ 138.10378581, 36.40314286 ], [ 138.102764690000015, 36.4040848 ], [ 138.102661630000028, 36.4045712 ], [ 138.101088300000015, 36.40461675 ], [ 138.0991683, 36.40534592 ], [ 138.09853136000001, 36.40571064 ], [ 138.097800800000016, 36.40647759 ], [ 138.09766973, 36.40694869 ], [ 138.096705010000022, 36.40717647 ], [ 138.093117760000013, 36.4060748 ], [ 138.092406079999989, 36.40522397 ], [ 138.091834690000013, 36.40492008 ], [ 138.091038590000011, 36.4055812 ], [ 138.09038275, 36.40589259 ], [ 138.089183890000015, 36.40612064 ], [ 138.08759167, 36.40606731 ], [ 138.086448860000019, 36.40535313 ], [ 138.08534358, 36.40530759 ], [ 138.08493167, 36.40552008 ], [ 138.08349834, 36.40681172 ], [ 138.082515280000024, 36.40577064 ], [ 138.080978860000016, 36.40447147 ], [ 138.079808300000025, 36.40447147 ], [ 138.07698886, 36.40405367 ], [ 138.07515333, 36.40398533 ], [ 138.07384195, 36.40411451 ], [ 138.07166917, 36.40464589 ], [ 138.06968361, 36.40309644 ], [ 138.068465810000021, 36.40258728 ], [ 138.06755720000001, 36.40242005 ], [ 138.066321110000018, 36.40249589 ], [ 138.065721630000013, 36.40219061 ], [ 138.065274970000019, 36.40023172 ], [ 138.064511630000027, 36.39952977 ], [ 138.06386025, 36.39916728 ], [ 138.063543580000015, 36.39851811 ], [ 138.064288300000015, 36.39734784 ], [ 138.06529358, 36.39655533 ], [ 138.06545189, 36.39548311 ], [ 138.06618717, 36.39445675 ], [ 138.066783, 36.39305259 ], [ 138.067676620000015, 36.39190508 ], [ 138.067732410000019, 36.39081814 ], [ 138.06805825, 36.39038008 ], [ 138.06792769, 36.38958008 ], [ 138.06810464, 36.38890064 ], [ 138.06854214, 36.38840231 ], [ 138.068923800000022, 36.38751925 ], [ 138.069519360000015, 36.3872248 ], [ 138.06977992000003, 36.38673397 ], [ 138.070533800000021, 36.38622092 ], [ 138.071362390000019, 36.38540536 ], [ 138.07185572000003, 36.38548841 ], [ 138.07244211, 36.3851562 ], [ 138.072200170000031, 36.38446203 ], [ 138.072227950000013, 36.38318592 ], [ 138.071809050000013, 36.38177428 ], [ 138.071967390000026, 36.38088344 ], [ 138.072991240000022, 36.37948705 ], [ 138.072888760000012, 36.378634 ], [ 138.07332625, 36.37774317 ], [ 138.074192090000025, 36.37664872 ], [ 138.07594180000001, 36.37550872 ], [ 138.076220950000021, 36.37511623 ], [ 138.07717039000002, 36.37449705 ], [ 138.07855733, 36.37305539 ], [ 138.07919956, 36.3721115 ], [ 138.08004345, 36.37106539 ], [ 138.079867890000031, 36.37070733 ], [ 138.079062890000017, 36.37020705 ], [ 138.078445940000023, 36.36957484 ], [ 138.07751761, 36.36897456 ], [ 138.07614759, 36.36707844 ], [ 138.07632953000001, 36.3647665 ], [ 138.07719953, 36.36371844 ], [ 138.07780341, 36.36267569 ], [ 138.077602310000032, 36.36196486 ], [ 138.07800477, 36.36087987 ], [ 138.07669339, 36.35938431 ], [ 138.075595890000017, 36.35882069 ], [ 138.074323390000018, 36.35695067 ], [ 138.073466450000012, 36.35636123 ], [ 138.073018390000016, 36.35536039 ], [ 138.071907830000015, 36.35452817 ], [ 138.071375620000026, 36.35352205 ], [ 138.07142117, 36.35246372 ], [ 138.070596450000011, 36.35103623 ], [ 138.06986949, 36.35056205 ], [ 138.06949283, 36.34955123 ], [ 138.070122560000016, 36.34752872 ], [ 138.070031730000011, 36.34696511 ], [ 138.068843390000012, 36.34629095 ], [ 138.067726720000024, 36.3460065 ], [ 138.066668390000018, 36.34527984 ], [ 138.066473380000019, 36.3441265 ], [ 138.065752800000013, 36.34154567 ], [ 138.066311410000026, 36.34048178 ], [ 138.06648031, 36.33979178 ], [ 138.06782419000001, 36.3372165 ], [ 138.067889470000011, 36.33672678 ], [ 138.067545030000019, 36.33635039 ], [ 138.06646031, 36.33570011 ], [ 138.06605475, 36.33477428 ], [ 138.06442309000002, 36.3334815 ], [ 138.065111700000017, 36.33291539 ], [ 138.06738475, 36.33159984 ], [ 138.069271140000012, 36.32993205 ], [ 138.06994086, 36.32770595 ], [ 138.07078973, 36.32601567 ], [ 138.071515840000018, 36.32491372 ], [ 138.07165778000001, 36.32390428 ], [ 138.071403060000023, 36.323384 ], [ 138.072185840000031, 36.32184651 ], [ 138.07212, 36.32141789 ], [ 138.07129917, 36.31968928 ], [ 138.071525550000018, 36.31795289 ], [ 138.071007220000013, 36.31654539 ], [ 138.07399694, 36.31541289 ], [ 138.07842027, 36.31285817 ], [ 138.081004450000023, 36.31233067 ], [ 138.081428890000012, 36.31112177 ], [ 138.08252306, 36.31041817 ], [ 138.08323973, 36.30943872 ], [ 138.083013330000028, 36.308284 ], [ 138.082504160000013, 36.30764122 ], [ 138.08142917, 36.30738123 ], [ 138.080778340000023, 36.30695261 ], [ 138.0797125, 36.30663122 ], [ 138.078986110000017, 36.30609595 ], [ 138.07819416000001, 36.30526205 ], [ 138.078486390000023, 36.303189 ], [ 138.07832611, 36.30239344 ], [ 138.077373330000029, 36.30180456 ], [ 138.076666390000014, 36.3011465 ], [ 138.076543610000016, 36.29908123 ], [ 138.075855010000026, 36.29856844 ], [ 138.07421416, 36.29830067 ], [ 138.072855840000017, 36.29768092 ], [ 138.074387780000023, 36.2966412 ], [ 138.07507834, 36.29564731 ], [ 138.074454450000019, 36.29337647 ], [ 138.074120560000011, 36.29166592 ], [ 138.073214450000023, 36.29122036 ], [ 138.073088340000027, 36.28916036 ], [ 138.072160270000012, 36.28849759 ], [ 138.07205611, 36.28791341 ], [ 138.071595840000015, 36.28722064 ], [ 138.071618050000012, 36.2866848 ], [ 138.070786390000023, 36.28641369 ], [ 138.07056361, 36.2855462 ], [ 138.070259170000014, 36.28526897 ], [ 138.069070830000015, 36.28488341 ], [ 138.070280270000012, 36.2841198 ], [ 138.070962780000031, 36.28344092 ], [ 138.072200270000025, 36.28257008 ], [ 138.072609730000011, 36.28193536 ], [ 138.072709730000014, 36.28108647 ], [ 138.073191950000023, 36.28001647 ], [ 138.07440222, 36.27853314 ], [ 138.07471167, 36.27771397 ], [ 138.074857220000013, 36.27656284 ], [ 138.074738880000012, 36.27552951 ], [ 138.073920270000031, 36.27452561 ], [ 138.073674720000014, 36.27372867 ], [ 138.072928340000033, 36.27273228 ], [ 138.07320139, 36.27180256 ], [ 138.07390222, 36.27158839 ], [ 138.07483027, 36.27084284 ], [ 138.075421700000021, 36.27075422 ], [ 138.076140580000015, 36.27028922 ], [ 138.076550030000021, 36.26939644 ], [ 138.079006980000031, 36.26735228 ], [ 138.079689200000018, 36.26651089 ], [ 138.07994419000002, 36.26540395 ], [ 138.08115419, 36.26363978 ], [ 138.08210058, 36.26288728 ], [ 138.08280141000003, 36.26178005 ], [ 138.082372240000012, 36.26133505 ], [ 138.080867250000011, 36.26037144 ], [ 138.080485580000015, 36.26024867 ], [ 138.079081410000015, 36.25833895 ], [ 138.078296420000015, 36.25628256 ], [ 138.07913197000002, 36.2549745 ], [ 138.07988086, 36.25427336 ], [ 138.080104190000014, 36.25358447 ], [ 138.079368080000023, 36.25313059 ], [ 138.07998781, 36.25213475 ], [ 138.07911586, 36.25111697 ], [ 138.08112392000001, 36.24964475 ], [ 138.08246975, 36.24852225 ], [ 138.083315030000023, 36.24800225 ], [ 138.08504837000001, 36.24720308 ], [ 138.084214190000012, 36.24588808 ], [ 138.08475253, 36.24406225 ], [ 138.085037810000017, 36.2437478 ], [ 138.086238370000018, 36.24379141 ], [ 138.087201970000024, 36.24360364 ], [ 138.08806336, 36.24373892 ], [ 138.090243360000017, 36.24362141 ], [ 138.091018640000016, 36.24316253 ], [ 138.091546390000019, 36.2419742 ], [ 138.09255861, 36.24131059 ], [ 138.09259361, 36.23984478 ], [ 138.092480830000028, 36.23718478 ], [ 138.09439167, 36.23706228 ], [ 138.096642190000011, 36.23676978 ], [ 138.097422750000021, 36.23648561 ], [ 138.099549140000022, 36.236237 ], [ 138.10116414, 36.236652 ], [ 138.10245469000003, 36.23654395 ], [ 138.10392442, 36.23554784 ], [ 138.105178860000024, 36.23440784 ], [ 138.10568497, 36.23350339 ], [ 138.10544859, 36.23219756 ], [ 138.10479523, 36.23095644 ], [ 138.10475467, 36.22959339 ], [ 138.105712440000019, 36.22777644 ], [ 138.107079660000011, 36.22598561 ], [ 138.10769883, 36.22582395 ], [ 138.109578, 36.22587228 ], [ 138.11170411, 36.22538284 ], [ 138.113034090000014, 36.22462286 ], [ 138.114422970000021, 36.22319869 ], [ 138.11613519, 36.22275313 ], [ 138.115499920000019, 36.22073953 ], [ 138.116199640000019, 36.22012787 ], [ 138.116904920000025, 36.21902286 ], [ 138.117604920000019, 36.21919759 ], [ 138.119812970000027, 36.21870064 ], [ 138.122050730000012, 36.21697397 ], [ 138.12265156, 36.21640314 ], [ 138.125706010000016, 36.21485814 ], [ 138.126776010000015, 36.21402286 ], [ 138.129338500000017, 36.21170759 ], [ 138.12957878, 36.21123453 ], [ 138.12931597, 36.20968453 ], [ 138.128972630000021, 36.20917397 ], [ 138.12947041000001, 36.2077498 ], [ 138.12915569, 36.20707231 ], [ 138.128297910000015, 36.20646425 ], [ 138.128109030000019, 36.20594925 ], [ 138.127342630000015, 36.20499813 ], [ 138.12674791, 36.20388456 ], [ 138.126616250000012, 36.20280344 ], [ 138.125731500000029, 36.20098344 ], [ 138.126543160000011, 36.199519 ], [ 138.12718983, 36.19900872 ], [ 138.12720066, 36.19806761 ], [ 138.127629829999989, 36.19736261 ], [ 138.12773261000001, 36.19674095 ], [ 138.12758983, 36.19553233 ], [ 138.12792647, 36.194379 ], [ 138.127629250000012, 36.19331344 ], [ 138.127955360000016, 36.19157789 ], [ 138.12776119000003, 36.18980344 ], [ 138.127315080000017, 36.18915095 ], [ 138.12719481000002, 36.18826956 ], [ 138.1265445, 36.18689567 ], [ 138.12668394, 36.186479 ], [ 138.12617645, 36.18508205 ], [ 138.126170050000013, 36.18356123 ], [ 138.126622, 36.18300872 ], [ 138.12693311000001, 36.18186764 ], [ 138.12793034, 36.18085569 ], [ 138.128240340000019, 36.18016736 ], [ 138.129678660000025, 36.17923875 ], [ 138.130165030000029, 36.17860708 ], [ 138.13017086, 36.17774708 ], [ 138.130922240000018, 36.17720903 ], [ 138.13123808, 36.17673541 ], [ 138.131009200000022, 36.17603541 ], [ 138.12972975, 36.17418069 ], [ 138.12825752, 36.17362487 ], [ 138.127278640000014, 36.17290292 ], [ 138.126880270000015, 36.17096236 ], [ 138.12738472, 36.1705932 ], [ 138.12759195000001, 36.16980847 ], [ 138.127411670000015, 36.16938513 ], [ 138.127438340000026, 36.16816487 ], [ 138.12821416, 36.16666792 ], [ 138.127832780000034, 36.16648347 ], [ 138.126091950000017, 36.16527597 ], [ 138.124055250000026, 36.16359125 ], [ 138.123453579999989, 36.16330597 ], [ 138.12190358, 36.16324792 ], [ 138.12104776000001, 36.16270431 ], [ 138.120129690000027, 36.16302736 ], [ 138.119707200000022, 36.1634518 ], [ 138.118529420000016, 36.16401653 ], [ 138.117057760000023, 36.16392375 ], [ 138.11620553, 36.16399653 ], [ 138.115166360000018, 36.16331959 ], [ 138.113341360000021, 36.16282236 ], [ 138.112121920000021, 36.16282792 ], [ 138.10890136, 36.16234431 ], [ 138.108177200000029, 36.16239208 ], [ 138.106338030000018, 36.16326041 ], [ 138.10481414000003, 36.16310569 ], [ 138.104349970000015, 36.16326597 ], [ 138.10404859, 36.16391764 ], [ 138.099508, 36.16307736 ], [ 138.09865939, 36.1625518 ], [ 138.09828883, 36.16154069 ], [ 138.09797022, 36.16118931 ], [ 138.096602170000011, 36.16064987 ], [ 138.09609995, 36.16066375 ], [ 138.09532772, 36.16114986 ], [ 138.09403244, 36.16060764 ], [ 138.092750780000017, 36.16046153 ], [ 138.091756860000032, 36.15943292 ], [ 138.091421020000013, 36.15939931 ], [ 138.0883327, 36.15749125 ], [ 138.08712603, 36.15792403 ], [ 138.085571030000011, 36.15790987 ], [ 138.08500992, 36.15759513 ], [ 138.084126590000011, 36.15783125 ], [ 138.08269992000001, 36.15761764 ], [ 138.081653800000026, 36.15725513 ], [ 138.080043220000022, 36.15712041 ], [ 138.079509880000018, 36.15691792 ], [ 138.07788545, 36.15676903 ], [ 138.076880730000028, 36.15695736 ], [ 138.076177660000013, 36.15775233 ], [ 138.07505545, 36.15860095 ], [ 138.07311572, 36.160309 ], [ 138.072786590000021, 36.16136261 ], [ 138.07212519, 36.16204261 ], [ 138.071709360000028, 36.16210456 ], [ 138.070102390000017, 36.16165484 ], [ 138.06880711, 36.16168872 ], [ 138.06690905, 36.16149178 ], [ 138.06619211, 36.16221372 ], [ 138.063964890000022, 36.16271123 ], [ 138.06285655, 36.1632815 ], [ 138.060051, 36.16431539 ], [ 138.059694330000013, 36.16473705 ], [ 138.059659610000011, 36.16571177 ], [ 138.05908825, 36.16769539 ], [ 138.058457690000012, 36.16796205 ], [ 138.05720073, 36.16772595 ], [ 138.055061280000018, 36.16842953 ], [ 138.0539185, 36.16834425 ], [ 138.052648780000027, 36.16760036 ], [ 138.05206961, 36.16669564 ], [ 138.050481, 36.16576592 ], [ 138.050131, 36.16512787 ], [ 138.049310420000012, 36.16415814 ], [ 138.046882360000012, 36.16269814 ], [ 138.045519860000013, 36.16128841 ], [ 138.04545791000001, 36.1607712 ], [ 138.045783160000013, 36.1602562 ], [ 138.04527511, 36.15934897 ], [ 138.045643720000015, 36.15776869 ], [ 138.04544872, 36.15595231 ], [ 138.04586372, 36.15448011 ], [ 138.045513990000018, 36.15340956 ], [ 138.044429800000017, 36.15250261 ], [ 138.04467148, 36.15156567 ], [ 138.04337092, 36.15104039 ], [ 138.042785360000011, 36.15053287 ], [ 138.041964810000024, 36.14939703 ], [ 138.04234786, 36.14812733 ], [ 138.041899780000023, 36.14651261 ], [ 138.0421909, 36.145714 ], [ 138.043402, 36.14485205 ], [ 138.043460900000014, 36.14428956 ], [ 138.042928390000014, 36.14274677 ], [ 138.042278110000012, 36.14235733 ], [ 138.04179172000002, 36.141214 ], [ 138.041673920000022, 36.13964123 ], [ 138.034763020000014, 36.12682428 ], [ 138.034828590000018, 36.12597872 ], [ 138.034613310000026, 36.12384039 ], [ 138.034424700000017, 36.12308011 ], [ 138.033503280000019, 36.12103984 ], [ 138.03345078000001, 36.12047539 ], [ 138.033731890000013, 36.11941484 ], [ 138.034230510000015, 36.11833484 ], [ 138.03246662, 36.11835844 ], [ 138.03153217000002, 36.11782789 ], [ 138.03126438000001, 36.11672261 ], [ 138.030563550000011, 36.11588789 ], [ 138.03059547, 36.115119 ], [ 138.030188520000024, 36.11433289 ], [ 138.03062158, 36.11331511 ], [ 138.030222410000022, 36.11239484 ], [ 138.030697690000011, 36.11168761 ], [ 138.03063713, 36.11117233 ], [ 138.030049640000016, 36.10922789 ], [ 138.030138810000011, 36.10724095 ], [ 138.030506280000026, 36.10655956 ], [ 138.030031, 36.10462567 ], [ 138.02886322, 36.10352233 ], [ 138.02844572, 36.10250678 ], [ 138.028356550000012, 36.10166956 ], [ 138.02859795, 36.1008815 ], [ 138.029600730000027, 36.10034067 ], [ 138.028926, 36.09967177 ], [ 138.028222920000019, 36.09870511 ], [ 138.028107370000015, 36.09730789 ], [ 138.027868470000016, 36.09645177 ], [ 138.029304310000015, 36.09443705 ], [ 138.029616520000019, 36.09334011 ], [ 138.028314580000028, 36.09263344 ], [ 138.02797597, 36.09189844 ], [ 138.02872403, 36.09016484 ], [ 138.029196520000028, 36.08851233 ], [ 138.02846428, 36.08806705 ], [ 138.02898428, 36.08686595 ], [ 138.02872234, 36.08552317 ], [ 138.027659560000018, 36.08429928 ], [ 138.02626956, 36.08373261 ], [ 138.02586484, 36.08324372 ], [ 138.02444927, 36.08247733 ], [ 138.023364, 36.081584 ], [ 138.023276470000013, 36.08102344 ], [ 138.02283258, 36.08023844 ], [ 138.02245703, 36.07902705 ], [ 138.0224537, 36.0774965 ], [ 138.02295620000001, 36.07627761 ], [ 138.022901190000027, 36.07588817 ], [ 138.01998397, 36.07724456 ], [ 138.017132870000012, 36.07870233 ], [ 138.015423410000011, 36.07531372 ], [ 138.01419228, 36.07299622 ], [ 138.01374533, 36.0719665 ], [ 138.01263394, 36.06983844 ], [ 138.013117280000017, 36.06990428 ], [ 138.01322034, 36.06818317 ], [ 138.013482830000015, 36.06733789 ], [ 138.014008390000015, 36.06698539 ], [ 138.01469173000001, 36.06521511 ], [ 138.01484645, 36.06384261 ], [ 138.016013640000011, 36.06289928 ], [ 138.015955030000015, 36.06219733 ], [ 138.0150028, 36.06070317 ], [ 138.014574470000014, 36.06060844 ], [ 138.014266980000031, 36.06006761 ], [ 138.012950859999989, 36.05983372 ], [ 138.01074141, 36.05853567 ], [ 138.010466690000015, 36.05751123 ], [ 138.00983503, 36.05652928 ], [ 138.009183650000011, 36.05614567 ], [ 138.008996130000014, 36.05535789 ], [ 138.00825083, 36.05435122 ], [ 138.00762167, 36.05413344 ], [ 138.00685139, 36.05318733 ], [ 138.003989440000026, 36.05439814 ], [ 138.002313610000016, 36.05458064 ], [ 138.00145778000001, 36.05439203 ], [ 138.000862500000011, 36.05450536 ], [ 138.000420830000024, 36.05408453 ], [ 137.99774611, 36.05307453 ], [ 137.9957875, 36.05182286 ], [ 137.99464667, 36.05059453 ], [ 137.99321333, 36.04965314 ], [ 137.99249361, 36.04938841 ], [ 137.991913330000017, 36.04877759 ], [ 137.99056361, 36.04851286 ], [ 137.98980219, 36.0478162 ], [ 137.98791691, 36.04733425 ], [ 137.9875208, 36.04671203 ], [ 137.986045250000018, 36.04666897 ], [ 137.984887760000021, 36.04620508 ], [ 137.983744140000027, 36.04590869 ], [ 137.983462480000014, 36.04560759 ], [ 137.981752750000027, 36.044922 ], [ 137.981426350000021, 36.0446595 ], [ 137.97970859, 36.04425005 ], [ 137.978179970000014, 36.04445144 ], [ 137.9763308, 36.04518228 ], [ 137.97552192, 36.04532005 ], [ 137.974079690000025, 36.04527923 ], [ 137.972869420000023, 36.04625672 ], [ 137.972144140000012, 36.04706895 ], [ 137.972102480000018, 36.04753505 ], [ 137.971357760000018, 36.04763922 ], [ 137.971019970000015, 36.04877922 ], [ 137.969037200000031, 36.04941284 ], [ 137.968019140000024, 36.04915478 ], [ 137.96612803, 36.04924061 ], [ 137.96438747000002, 36.04999864 ], [ 137.963274720000015, 36.05011614 ], [ 137.96242139, 36.05063864 ], [ 137.961523060000019, 36.05183559 ], [ 137.960399170000017, 36.05295336 ], [ 137.960354450000011, 36.05371808 ], [ 137.95936445000001, 36.0540842 ], [ 137.95796973, 36.05364559 ], [ 137.956951950000018, 36.05347559 ], [ 137.955640830000021, 36.0528628 ], [ 137.95424639, 36.05318364 ], [ 137.95320333, 36.05366113 ], [ 137.950458880000014, 36.05459308 ], [ 137.95019667, 36.05536031 ], [ 137.949683330000028, 36.05599364 ], [ 137.949340270000022, 36.05691669 ], [ 137.95051722, 36.05923141 ], [ 137.9505675, 36.06013613 ], [ 137.949766940000018, 36.06161587 ], [ 137.95042222, 36.06349392 ], [ 137.94970555, 36.06378113 ], [ 137.94786167, 36.06380611 ], [ 137.947039170000011, 36.06403195 ], [ 137.946333330000016, 36.06368584 ], [ 137.944966670000014, 36.06361111 ], [ 137.944275280000028, 36.06372195 ], [ 137.94316222, 36.06363833 ], [ 137.941065010000017, 36.06291222 ], [ 137.94021139, 36.06226056 ], [ 137.938705280000022, 36.06151611 ], [ 137.93876667, 36.06073777 ], [ 137.939463610000018, 36.05959305 ], [ 137.9395, 36.05896389 ], [ 137.938571390000021, 36.05827833 ], [ 137.938019170000018, 36.05730556 ], [ 137.937996670000018, 36.055215 ], [ 137.93826722, 36.05349805 ], [ 137.93798555, 36.05301584 ], [ 137.93550056, 36.05270361 ], [ 137.934716940000015, 36.05140944 ], [ 137.93413139, 36.05099111 ], [ 137.93144528000002, 36.05043444 ], [ 137.93005917, 36.04959944 ], [ 137.929478890000013, 36.04961305 ], [ 137.927699440000026, 36.04932778 ], [ 137.92742611, 36.04848833 ], [ 137.927563060000011, 36.04653028 ], [ 137.92779302, 36.04525917 ], [ 137.927554140000012, 36.04481277 ], [ 137.9276872, 36.04390751 ], [ 137.92729248, 36.04237277 ], [ 137.926893580000012, 36.04221723 ], [ 137.925840530000016, 36.04229222 ], [ 137.924744690000011, 36.04132805 ], [ 137.92398497, 36.04112361 ], [ 137.92364219000001, 36.04024361 ], [ 137.92284387, 36.03949889 ], [ 137.922607200000016, 36.03888805 ], [ 137.921675810000011, 36.03808889 ], [ 137.92058219, 36.03762417 ], [ 137.91971192, 36.03768639 ], [ 137.918784970000019, 36.03810139 ], [ 137.91745691, 36.03748111 ], [ 137.917042190000018, 36.03706944 ], [ 137.916663310000018, 36.03561556 ], [ 137.915754690000028, 36.03518 ], [ 137.91528331, 36.03471917 ], [ 137.912843580000015, 36.03459636 ], [ 137.911774690000016, 36.03432941 ], [ 137.911183860000023, 36.0338758 ], [ 137.908878610000016, 36.03437192 ], [ 137.906468340000032, 36.03463636 ], [ 137.90513306, 36.03434441 ], [ 137.90513306, 36.03372608 ], [ 137.90401083, 36.03234053 ], [ 137.90261611, 36.03136553 ], [ 137.901560530000012, 36.0308172 ], [ 137.90016248, 36.02951025 ], [ 137.90008581, 36.02840275 ], [ 137.89893053, 36.02701469 ], [ 137.8976355, 36.02597497 ], [ 137.896661610000024, 36.024545 ], [ 137.89900911, 36.02465611 ], [ 137.89918911, 36.02413695 ], [ 137.90023272000002, 36.02314028 ], [ 137.900904940000032, 36.02280639 ], [ 137.902099100000015, 36.02086084 ], [ 137.90450547, 36.01824139 ], [ 137.90371769, 36.01762833 ], [ 137.90282769, 36.01722695 ], [ 137.901544920000021, 36.01523972 ], [ 137.901241309999989, 36.01354889 ], [ 137.90016825, 36.01405278 ], [ 137.899116830000025, 36.01346389 ], [ 137.89803878, 36.0132 ], [ 137.89666462, 36.01246251 ], [ 137.895562110000014, 36.01122361 ], [ 137.89470961, 36.01065223 ], [ 137.894586010000012, 36.01003695 ], [ 137.893830440000016, 36.00992778 ], [ 137.892636520000025, 36.00907056 ], [ 137.89166319, 36.00807169 ], [ 137.891424030000024, 36.00748697 ], [ 137.89004431, 36.00622169 ], [ 137.88910872, 36.00503725 ], [ 137.888476780000019, 36.00474947 ], [ 137.887581510000018, 36.00398364 ], [ 137.885690950000026, 36.00315559 ], [ 137.88426983, 36.00208641 ], [ 137.88313008, 36.00184447 ], [ 137.88051314, 36.00154087 ], [ 137.879540920000011, 36.00066836 ], [ 137.878885360000027, 35.99941864 ], [ 137.87865536000001, 35.99861141 ], [ 137.878057, 35.99742669 ], [ 137.87820450000001, 35.99709697 ], [ 137.876958660000014, 35.99566003 ], [ 137.87667228, 35.9944842 ], [ 137.87548783, 35.99305644 ], [ 137.87499728, 35.99297839 ], [ 137.873087520000013, 35.99198423 ], [ 137.872701410000019, 35.99107728 ], [ 137.872940310000018, 35.99008367 ], [ 137.872810030000011, 35.98957589 ], [ 137.871878910000021, 35.98843311 ], [ 137.871776690000019, 35.9875345 ], [ 137.87049056, 35.98497839 ], [ 137.870824160000012, 35.98384284 ], [ 137.870598340000015, 35.98248144 ], [ 137.868687760000029, 35.981292 ], [ 137.86693358, 35.98092617 ], [ 137.865389140000019, 35.9801245 ], [ 137.86427525000002, 35.97849895 ], [ 137.864146080000012, 35.97699231 ], [ 137.86321523, 35.9745762 ], [ 137.862160510000024, 35.97343508 ], [ 137.861439100000013, 35.97219231 ], [ 137.86193438, 35.97141731 ], [ 137.859421340000011, 35.97176731 ], [ 137.85863022, 35.97177759 ], [ 137.857839360000014, 35.97134203 ], [ 137.85655825, 35.97112092 ], [ 137.85557326, 35.97078731 ], [ 137.85394825, 35.96866175 ], [ 137.8519627, 35.96833341 ], [ 137.85126872, 35.96800517 ], [ 137.851295470000025, 35.96739147 ], [ 137.85097239000001, 35.96679425 ], [ 137.85109073000001, 35.96578259 ], [ 137.850299880000023, 35.96411453 ], [ 137.850386, 35.96319956 ], [ 137.84944961, 35.96143984 ], [ 137.846753480000018, 35.95948623 ], [ 137.84617236, 35.95837261 ], [ 137.84445542, 35.95778067 ], [ 137.843799030000014, 35.95739317 ], [ 137.84135014, 35.95689789 ], [ 137.839639030000029, 35.9570215 ], [ 137.839047080000029, 35.9568815 ], [ 137.837589, 35.95559011 ], [ 137.83665234, 35.95456761 ], [ 137.83704511000002, 35.95380317 ], [ 137.83665761, 35.95302817 ], [ 137.836469560000012, 35.95181761 ], [ 137.836114550000019, 35.95085956 ], [ 137.834591500000016, 35.9498965 ], [ 137.83372484, 35.94961653 ], [ 137.832648690000013, 35.94861569 ], [ 137.831324810000012, 35.94789431 ], [ 137.83050674, 35.94691486 ], [ 137.82983425, 35.9466568 ], [ 137.829306740000021, 35.94586569 ], [ 137.8298237, 35.94446653 ], [ 137.8297373, 35.94333069 ], [ 137.82941453, 35.94276597 ], [ 137.82949506, 35.94113541 ], [ 137.82894117, 35.93883764 ], [ 137.828882, 35.93800903 ], [ 137.82914589, 35.93769125 ], [ 137.831416720000021, 35.93609847 ], [ 137.832310050000018, 35.93466153 ], [ 137.832648950000021, 35.93379014 ], [ 137.833165620000017, 35.93337569 ], [ 137.833806160000023, 35.93183653 ], [ 137.833967520000016, 35.93074959 ], [ 137.83437114, 35.92923208 ], [ 137.834807250000011, 35.9282418 ], [ 137.83679837, 35.92737569 ], [ 137.837863640000023, 35.92679459 ], [ 137.83875197, 35.92609513 ], [ 137.840274470000026, 35.92554625 ], [ 137.841926980000011, 35.92442708 ], [ 137.84333669, 35.92420653 ], [ 137.84475781, 35.92449153 ], [ 137.845871410000029, 35.92495986 ], [ 137.84885781, 35.92521292 ], [ 137.849848370000018, 35.92458903 ], [ 137.850881410000028, 35.92436292 ], [ 137.851661700000022, 35.92389987 ], [ 137.85235058, 35.92302847 ], [ 137.85299086, 35.9216832 ], [ 137.853001410000019, 35.92106431 ], [ 137.85369864, 35.9198318 ], [ 137.8538892, 35.91854295 ], [ 137.857873360000013, 35.91678433 ], [ 137.858085860000017, 35.91648323 ], [ 137.857973610000016, 35.91549739 ], [ 137.858145010000015, 35.91395711 ], [ 137.858357500000011, 35.91327822 ], [ 137.85841056000001, 35.91202128 ], [ 137.85700917, 35.91143572 ], [ 137.856003330000021, 35.91013433 ], [ 137.85526861, 35.90973489 ], [ 137.854246640000014, 35.90807377 ], [ 137.854314690000024, 35.90777461 ], [ 137.85143163, 35.90611739 ], [ 137.851168300000012, 35.90519905 ], [ 137.851060530000012, 35.90374184 ], [ 137.85068136000001, 35.90336267 ], [ 137.850318030000011, 35.90230044 ], [ 137.850585530000018, 35.90198933 ], [ 137.850605500000029, 35.90080739 ], [ 137.850269950000012, 35.90002905 ], [ 137.849998270000015, 35.89820017 ], [ 137.84993105, 35.89674297 ], [ 137.85029438, 35.89480659 ], [ 137.84761519, 35.89254686 ], [ 137.84763519, 35.89186408 ], [ 137.847211860000016, 35.89026687 ], [ 137.848154360000024, 35.88853408 ], [ 137.848896860000025, 35.88769187 ], [ 137.84935214, 35.88644214 ], [ 137.84953575, 35.88540825 ], [ 137.850426280000022, 35.88488103 ], [ 137.851995720000019, 35.88369131 ], [ 137.852660730000025, 35.88358936 ], [ 137.85217516000003, 35.88179908 ], [ 137.852251, 35.88118408 ], [ 137.853867950000023, 35.87867241 ], [ 137.85472239, 35.87798992 ], [ 137.855728780000021, 35.87747492 ], [ 137.856970730000029, 35.87715575 ], [ 137.857489610000016, 35.87600186 ], [ 137.857086520000024, 35.87512353 ], [ 137.856770700000027, 35.87333853 ], [ 137.857114310000014, 35.87278353 ], [ 137.856803750000012, 35.87186575 ], [ 137.856174580000015, 35.87110075 ], [ 137.85553486, 35.86909687 ], [ 137.85609403, 35.86835187 ], [ 137.8562918, 35.86773772 ], [ 137.8563407, 35.86712884 ], [ 137.85598317, 35.86635884 ], [ 137.855802050000023, 35.86540689 ], [ 137.855197890000028, 35.86423911 ], [ 137.855258440000028, 35.86287995 ], [ 137.85487095000002, 35.86158133 ], [ 137.854307060000025, 35.860388 ], [ 137.854125940000017, 35.85957244 ], [ 137.852660950000029, 35.85974856 ], [ 137.851327060000017, 35.85911911 ], [ 137.850188980000013, 35.85909411 ], [ 137.849358420000016, 35.85875661 ], [ 137.84684647, 35.85802661 ], [ 137.84628258, 35.85677828 ], [ 137.84635842, 35.85492577 ], [ 137.845930360000011, 35.85396411 ], [ 137.846217560000014, 35.85118078 ], [ 137.84661533000002, 35.849313 ], [ 137.846182280000022, 35.84793356 ], [ 137.846529780000026, 35.84631244 ], [ 137.846036450000014, 35.84464633 ], [ 137.846172560000014, 35.84361411 ], [ 137.846172530000018, 35.84209886 ], [ 137.84734058, 35.8409058 ], [ 137.84947003000002, 35.83892275 ], [ 137.848845860000011, 35.83819275 ], [ 137.847058910000015, 35.83733664 ], [ 137.846943360000012, 35.8364358 ], [ 137.847289470000021, 35.83572108 ], [ 137.84733725000001, 35.8347058 ], [ 137.846829470000017, 35.83451469 ], [ 137.844477520000027, 35.83432803 ], [ 137.8439, 35.83306525 ], [ 137.842758340000017, 35.8316808 ], [ 137.84217694, 35.83137275 ], [ 137.841495840000022, 35.82982331 ], [ 137.839907220000015, 35.82896413 ], [ 137.83846639, 35.82860803 ], [ 137.83834944, 35.82826553 ], [ 137.83729445, 35.82715441 ], [ 137.83710358, 35.82562692 ], [ 137.83697387, 35.82328359 ], [ 137.83574553, 35.82285831 ], [ 137.83556747, 35.82211164 ], [ 137.8349383, 35.82070997 ], [ 137.83440442, 35.82000247 ], [ 137.833159140000021, 35.81883913 ], [ 137.83216525, 35.8184358 ], [ 137.831006640000027, 35.81757664 ], [ 137.829557170000015, 35.81609667 ], [ 137.82796883, 35.81483389 ], [ 137.826102720000023, 35.81385278 ], [ 137.824800510000017, 35.81347528 ], [ 137.824097450000011, 35.81312361 ], [ 137.82220995, 35.81417833 ], [ 137.821402440000014, 35.81487277 ], [ 137.821463280000017, 35.81569723 ] ] ] } },
{ "type": "Feature", "properties": { "kouiki": "諏訪", "area_km2": 715.34, "chiiki": "南信" }, "geometry": { "type": "Polygon", "coordinates": [ [ [ 138.195658080000015, 35.78092989 ], [ 138.194564190000023, 35.78095128 ], [ 138.193163640000023, 35.78134184 ], [ 138.192723090000015, 35.78199267 ], [ 138.19189781, 35.78217961 ], [ 138.190068640000021, 35.78162211 ], [ 138.18774031, 35.78151711 ], [ 138.186378080000026, 35.78254961 ], [ 138.184266690000015, 35.78310711 ], [ 138.182439750000015, 35.78384767 ], [ 138.18026669, 35.78557156 ], [ 138.17937197, 35.78587323 ], [ 138.17749555, 35.78618517 ], [ 138.177407500000015, 35.78704461 ], [ 138.176090580000022, 35.78819905 ], [ 138.175848910000013, 35.78913544 ], [ 138.175249200000025, 35.79025656 ], [ 138.174589470000029, 35.79296459 ], [ 138.17406725, 35.7935382 ], [ 138.174163640000017, 35.79561375 ], [ 138.172805580000016, 35.7998518 ], [ 138.17228531, 35.80076292 ], [ 138.17281781, 35.80279708 ], [ 138.17356114, 35.80420541 ], [ 138.173825310000012, 35.8053932 ], [ 138.17381114, 35.8068718 ], [ 138.17337475, 35.80841513 ], [ 138.173153650000017, 35.80871208 ], [ 138.173981140000024, 35.81026375 ], [ 138.17432309, 35.8111432 ], [ 138.174918910000031, 35.81189903 ], [ 138.17515839, 35.8130168 ], [ 138.175070340000019, 35.81371264 ], [ 138.174718110000015, 35.8143518 ], [ 138.175070340000019, 35.81517431 ], [ 138.175232280000017, 35.81639069 ], [ 138.175686720000016, 35.8173068 ], [ 138.17594477, 35.81911708 ], [ 138.17580533, 35.82069708 ], [ 138.175926160000017, 35.82185875 ], [ 138.175526720000022, 35.8232418 ], [ 138.17609589, 35.82405264 ], [ 138.17713645, 35.82497069 ], [ 138.17804783, 35.82666264 ], [ 138.178635620000023, 35.82719653 ], [ 138.17912064, 35.82818289 ], [ 138.17935008, 35.829364 ], [ 138.17999953, 35.83027844 ], [ 138.18001591, 35.83111289 ], [ 138.180509250000028, 35.83194511 ], [ 138.18065453, 35.83314344 ], [ 138.17970008, 35.83402595 ], [ 138.17859008, 35.83614178 ], [ 138.17735148, 35.83755678 ], [ 138.17595674, 35.83875289 ], [ 138.17593258, 35.83998456 ], [ 138.17660036, 35.84139733 ], [ 138.176476470000011, 35.84288789 ], [ 138.176681190000011, 35.84408428 ], [ 138.17709511000001, 35.8448065 ], [ 138.17877872, 35.84678233 ], [ 138.180390950000032, 35.848234 ], [ 138.181043720000019, 35.84865623 ], [ 138.18147733, 35.849234 ], [ 138.18283205, 35.85020095 ], [ 138.18377872, 35.85056567 ], [ 138.183739, 35.85255456 ], [ 138.18486625, 35.85400984 ], [ 138.18552403000001, 35.85431928 ], [ 138.186128200000013, 35.85503372 ], [ 138.187340700000021, 35.85542261 ], [ 138.18793014000002, 35.85590984 ], [ 138.18798014, 35.85650428 ], [ 138.18863431, 35.85722261 ], [ 138.18889153, 35.85781344 ], [ 138.188169030000012, 35.85930956 ], [ 138.187868470000012, 35.86105233 ], [ 138.187829580000027, 35.86308733 ], [ 138.185629300000016, 35.86356678 ], [ 138.18448486, 35.86399817 ], [ 138.18426876, 35.86477789 ], [ 138.183118760000013, 35.86537789 ], [ 138.182307370000018, 35.86638147 ], [ 138.18085097, 35.8670962 ], [ 138.177628200000015, 35.86725369 ], [ 138.177051530000028, 35.86763703 ], [ 138.177208470000011, 35.86807731 ], [ 138.178440420000015, 35.86886259 ], [ 138.179607640000029, 35.86938675 ], [ 138.181305160000022, 35.87125508 ], [ 138.181861280000021, 35.87256064 ], [ 138.18228905, 35.87293092 ], [ 138.183654330000024, 35.87339203 ], [ 138.18326406, 35.8740848 ], [ 138.182961280000029, 35.8753698 ], [ 138.18206711, 35.87606259 ], [ 138.181271, 35.87633453 ], [ 138.179054620000016, 35.87655675 ], [ 138.178544890000012, 35.87681425 ], [ 138.177808780000021, 35.87761425 ], [ 138.17769739000002, 35.87841953 ], [ 138.178138500000017, 35.8792012 ], [ 138.179150170000014, 35.88017675 ], [ 138.17944713, 35.88226925 ], [ 138.179806300000024, 35.88289897 ], [ 138.18033881, 35.88318231 ], [ 138.18089742, 35.88397313 ], [ 138.18097713, 35.8844862 ], [ 138.18073603000002, 35.8852898 ], [ 138.181222970000022, 35.88599341 ], [ 138.18142519, 35.88686731 ], [ 138.18088241, 35.88915064 ], [ 138.178757420000011, 35.89073564 ], [ 138.178029080000016, 35.89180425 ], [ 138.17740214, 35.89156175 ], [ 138.176096300000012, 35.89071341 ], [ 138.17494603, 35.89040786 ], [ 138.174163530000015, 35.89060425 ], [ 138.17420214, 35.8915598 ], [ 138.173847130000013, 35.89311147 ], [ 138.17382659, 35.89407259 ], [ 138.173138280000018, 35.89493172 ], [ 138.171754940000028, 35.89603561 ], [ 138.17173438, 35.89652977 ], [ 138.172956060000018, 35.89826284 ], [ 138.17312217, 35.89904089 ], [ 138.17250438, 35.90045922 ], [ 138.171257450000013, 35.90220172 ], [ 138.170545230000016, 35.90294422 ], [ 138.169414110000019, 35.90454589 ], [ 138.169311610000022, 35.90494033 ], [ 138.16965997, 35.90623284 ], [ 138.1708772, 35.90725533 ], [ 138.171820250000025, 35.90782367 ], [ 138.17199636, 35.90987005 ], [ 138.17282248, 35.91090117 ], [ 138.17313302, 35.911742 ], [ 138.173814140000019, 35.91230505 ], [ 138.17374722, 35.91363089 ], [ 138.172921120000012, 35.91480284 ], [ 138.17219750000001, 35.91612144 ], [ 138.170663890000014, 35.91660284 ], [ 138.168912780000028, 35.91660117 ], [ 138.16846361, 35.91675284 ], [ 138.167978880000021, 35.91765117 ], [ 138.16639973, 35.91911005 ], [ 138.166140270000028, 35.9196195 ], [ 138.16531222, 35.91996589 ], [ 138.166145280000023, 35.92261395 ], [ 138.16627195, 35.92389256 ], [ 138.16579558, 35.92607477 ], [ 138.165087810000017, 35.92693422 ], [ 138.16380475, 35.92735725 ], [ 138.163301140000016, 35.92883059 ], [ 138.162834190000012, 35.92945253 ], [ 138.161825030000017, 35.93025197 ], [ 138.161859470000024, 35.93060559 ], [ 138.161182240000016, 35.93130641 ], [ 138.161028910000027, 35.93302141 ], [ 138.160789200000011, 35.9334578 ], [ 138.15937781, 35.93410086 ], [ 138.15833003000003, 35.9344428 ], [ 138.157676980000019, 35.9344792 ], [ 138.157113920000029, 35.93506641 ], [ 138.156166140000011, 35.93516697 ], [ 138.154731140000024, 35.93584253 ], [ 138.154222800000014, 35.93678336 ], [ 138.153629200000012, 35.9370092 ], [ 138.15253253000003, 35.9369128 ], [ 138.152164470000031, 35.93731031 ], [ 138.15225003, 35.93809059 ], [ 138.151533640000025, 35.93861225 ], [ 138.15120586, 35.93915669 ], [ 138.15063086, 35.93954475 ], [ 138.15039336000001, 35.94048725 ], [ 138.149993110000025, 35.94087336 ], [ 138.14858669, 35.94108586 ], [ 138.148020050000014, 35.94172531 ], [ 138.146651970000022, 35.94132141 ], [ 138.146716160000011, 35.94253808 ], [ 138.14745839, 35.94397086 ], [ 138.147401170000023, 35.94527086 ], [ 138.14769228, 35.94628669 ], [ 138.148937, 35.94767141 ], [ 138.149680610000019, 35.94813308 ], [ 138.15111647, 35.94951614 ], [ 138.151794530000018, 35.94984641 ], [ 138.15239786, 35.95049308 ], [ 138.15204036, 35.95172753 ], [ 138.151050920000017, 35.95230669 ], [ 138.15096759, 35.95328975 ], [ 138.150583970000014, 35.95412225 ], [ 138.149431750000019, 35.95534447 ], [ 138.14783202000001, 35.95592975 ], [ 138.14586591, 35.95568253 ], [ 138.14420536, 35.95706139 ], [ 138.14381925, 35.95839778 ], [ 138.14350564, 35.95863528 ], [ 138.14228591, 35.95860444 ], [ 138.14090815, 35.95838028 ], [ 138.140148970000013, 35.95980944 ], [ 138.138870950000012, 35.96111889 ], [ 138.136586780000016, 35.96238195 ], [ 138.13404148, 35.96196472 ], [ 138.1335662, 35.96217139 ], [ 138.13350202, 35.96260389 ], [ 138.133893990000018, 35.96351917 ], [ 138.13168484, 35.96544084 ], [ 138.13062983, 35.96565917 ], [ 138.13052761, 35.96617111 ], [ 138.12899428, 35.96726417 ], [ 138.127419, 35.96808861 ], [ 138.126700390000025, 35.9696475 ], [ 138.12587844, 35.97044667 ], [ 138.125115670000014, 35.97093361 ], [ 138.124766500000021, 35.97146667 ], [ 138.123154840000012, 35.97192223 ], [ 138.122834, 35.97260417 ], [ 138.12089927, 35.97301305 ], [ 138.120156230000021, 35.97359222 ], [ 138.118387610000013, 35.97347223 ], [ 138.117225940000026, 35.97449417 ], [ 138.115469, 35.97438639 ], [ 138.114770390000018, 35.974015 ], [ 138.11378012, 35.97465 ], [ 138.11315317, 35.97485361 ], [ 138.11325317, 35.97334056 ], [ 138.11269844, 35.97295695 ], [ 138.11068567, 35.97244584 ], [ 138.108066470000011, 35.97125611 ], [ 138.10693674, 35.97096859 ], [ 138.10564703, 35.97013441 ], [ 138.104812580000015, 35.96977887 ], [ 138.103838420000017, 35.96845692 ], [ 138.102241190000029, 35.96832136 ], [ 138.101718420000026, 35.96769053 ], [ 138.09934647, 35.96713941 ], [ 138.097785640000012, 35.96752664 ], [ 138.094483380000014, 35.96747469 ], [ 138.09298589, 35.96765025 ], [ 138.092023940000018, 35.96744664 ], [ 138.091369220000018, 35.9663608 ], [ 138.09087005, 35.96596525 ], [ 138.090043940000015, 35.96486331 ], [ 138.08904949, 35.96396525 ], [ 138.08870224, 35.96233192 ], [ 138.08762837, 35.96082692 ], [ 138.086550030000012, 35.96018025 ], [ 138.085256690000023, 35.96057914 ], [ 138.08390309, 35.96030525 ], [ 138.082590580000016, 35.96024941 ], [ 138.08126114, 35.96046831 ], [ 138.080323640000017, 35.96034331 ], [ 138.0796292, 35.96050303 ], [ 138.07839669, 35.95930164 ], [ 138.077504480000016, 35.9576422 ], [ 138.07732361, 35.95673941 ], [ 138.076542780000011, 35.9557222 ], [ 138.07623722, 35.95493747 ], [ 138.07557112, 35.95450247 ], [ 138.07500722, 35.9536658 ], [ 138.074091110000012, 35.9514508 ], [ 138.074014450000021, 35.9503158 ], [ 138.072039140000015, 35.95008303 ], [ 138.07019886, 35.94953803 ], [ 138.06895248, 35.94929136 ], [ 138.067393870000018, 35.9488122 ], [ 138.06576886000002, 35.94885022 ], [ 138.064855810000012, 35.94841967 ], [ 138.064303860000024, 35.94794411 ], [ 138.063578300000017, 35.94773911 ], [ 138.063217200000025, 35.94709689 ], [ 138.06151248, 35.94688523 ], [ 138.06060969, 35.94654133 ], [ 138.059023310000015, 35.94624633 ], [ 138.056880800000016, 35.94632217 ], [ 138.05468331, 35.94698189 ], [ 138.054499140000019, 35.94845744 ], [ 138.054054690000015, 35.94913467 ], [ 138.052672750000028, 35.94986022 ], [ 138.05130136, 35.950978 ], [ 138.04967302, 35.95166911 ], [ 138.0467672, 35.95197411 ], [ 138.04379497, 35.95357797 ], [ 138.04324997, 35.95472741 ], [ 138.04248608, 35.95495269 ], [ 138.04055917, 35.95599797 ], [ 138.03978167, 35.95682075 ], [ 138.03869472, 35.95740047 ], [ 138.037687780000027, 35.95842103 ], [ 138.036979730000013, 35.95859131 ], [ 138.035517780000021, 35.95948687 ], [ 138.03501112, 35.96026797 ], [ 138.034868610000018, 35.96144853 ], [ 138.03501083, 35.96242408 ], [ 138.03598639, 35.96228547 ], [ 138.037937780000021, 35.96294853 ], [ 138.038437500000015, 35.96262908 ], [ 138.03898973, 35.96186159 ], [ 138.04020472, 35.96176797 ], [ 138.041420270000032, 35.96231297 ], [ 138.042346940000016, 35.96255964 ], [ 138.04329837, 35.96340353 ], [ 138.044284190000013, 35.96379214 ], [ 138.044971700000019, 35.96480631 ], [ 138.045930030000022, 35.96513603 ], [ 138.0469228, 35.96691353 ], [ 138.046908910000013, 35.96771908 ], [ 138.04648531, 35.9685938 ], [ 138.04681864, 35.97040297 ], [ 138.047020050000015, 35.97064603 ], [ 138.048144770000022, 35.97073631 ], [ 138.048821730000014, 35.97135741 ], [ 138.04832866000001, 35.97298241 ], [ 138.048207280000014, 35.97440213 ], [ 138.045316520000029, 35.99960686 ], [ 138.045293750000013, 36.00022159 ], [ 138.044071530000025, 36.00081353 ], [ 138.0440982, 36.00117631 ], [ 138.04359403, 36.00155075 ], [ 138.042616520000024, 36.0012488 ], [ 138.040405140000018, 36.00022156 ], [ 138.039030140000023, 36.00031322 ], [ 138.038315970000014, 36.00088211 ], [ 138.036788200000018, 36.00135933 ], [ 138.03756737, 36.00274961 ], [ 138.037299860000019, 36.00302851 ], [ 138.036598750000024, 36.00272905 ], [ 138.036717370000019, 36.00368489 ], [ 138.035930440000016, 36.00438211 ], [ 138.03588044, 36.00514851 ], [ 138.035128500000013, 36.00595239 ], [ 138.03436156, 36.00770795 ], [ 138.03437545, 36.00894461 ], [ 138.035096010000018, 36.00879017 ], [ 138.035497390000018, 36.009441 ], [ 138.03634267000001, 36.00989767 ], [ 138.036696010000014, 36.01110851 ], [ 138.037326010000015, 36.01229711 ], [ 138.03617211, 36.01200711 ], [ 138.03533128, 36.01204933 ], [ 138.034279880000014, 36.01232156 ], [ 138.03320711, 36.01224989 ], [ 138.032570730000032, 36.01274823 ], [ 138.032429340000022, 36.01314572 ], [ 138.03108158, 36.01452239 ], [ 138.03056464, 36.01433072 ], [ 138.028597980000029, 36.01395739 ], [ 138.026539610000015, 36.0138468 ], [ 138.026138780000025, 36.01358875 ], [ 138.02456380000001, 36.0142868 ], [ 138.024140730000028, 36.01422487 ], [ 138.023572670000021, 36.01354487 ], [ 138.02225961, 36.01294792 ], [ 138.021406830000018, 36.01271792 ], [ 138.019420170000018, 36.01077208 ], [ 138.018274330000025, 36.0107682 ], [ 138.015517390000014, 36.0105168 ], [ 138.014861280000019, 36.00964764 ], [ 138.01461655, 36.00961069 ], [ 138.01282545, 36.01072875 ], [ 138.010963770000018, 36.01131847 ], [ 138.009241280000026, 36.01206013 ], [ 138.009247390000013, 36.0127518 ], [ 138.007848490000015, 36.0130718 ], [ 138.00687711, 36.01346095 ], [ 138.006122940000012, 36.01395511 ], [ 138.00485322000003, 36.01336678 ], [ 138.002753220000017, 36.01256984 ], [ 138.001235160000022, 36.01164511 ], [ 138.00075988, 36.011209 ], [ 137.999602940000017, 36.01131761 ], [ 137.99878156, 36.01161789 ], [ 137.99785211, 36.01173317 ], [ 137.99647545000002, 36.01214623 ], [ 137.995392940000016, 36.01265372 ], [ 137.994511830000022, 36.01273761 ], [ 137.992026010000018, 36.01409428 ], [ 137.992058500000013, 36.01473623 ], [ 137.99157433000002, 36.01638456 ], [ 137.99245825, 36.01798178 ], [ 137.992806300000012, 36.01883761 ], [ 137.993989360000029, 36.01935817 ], [ 137.994574090000015, 36.01999372 ], [ 137.995104360000028, 36.02088511 ], [ 137.99635297, 36.02206095 ], [ 137.997150190000013, 36.02311844 ], [ 137.99722241, 36.02435539 ], [ 137.99703686, 36.02478122 ], [ 137.997749360000029, 36.02624623 ], [ 137.99758189, 36.02792344 ], [ 137.997138560000025, 36.02813872 ], [ 137.997184940000011, 36.02923844 ], [ 137.997715770000013, 36.03022733 ], [ 137.99795995, 36.03123567 ], [ 137.99806883, 36.03384341 ], [ 137.99916384, 36.03421844 ], [ 137.999193, 36.03503595 ], [ 137.99981577, 36.03623539 ], [ 137.999163580000015, 36.03716425 ], [ 137.999442750000014, 36.03784341 ], [ 137.999362750000017, 36.03847341 ], [ 137.999729140000028, 36.04080897 ], [ 138.00078109, 36.04099869 ], [ 138.00172219000001, 36.04165731 ], [ 138.001811920000023, 36.04240536 ], [ 138.002725520000013, 36.04357844 ], [ 138.002848300000011, 36.04408595 ], [ 138.002487200000019, 36.04470259 ], [ 138.00253969000002, 36.04593759 ], [ 138.003087780000016, 36.0466398 ], [ 138.004524450000019, 36.04766817 ], [ 138.004700270000029, 36.0489562 ], [ 138.00428222, 36.04963369 ], [ 138.0054575, 36.05005761 ], [ 138.005805010000017, 36.05094844 ], [ 138.00546112, 36.05141425 ], [ 138.005767500000019, 36.05219287 ], [ 138.00685139, 36.05318733 ], [ 138.00762167, 36.05413344 ], [ 138.00825083, 36.05435122 ], [ 138.008996130000014, 36.05535789 ], [ 138.009183650000011, 36.05614567 ], [ 138.00983503, 36.05652928 ], [ 138.010466690000015, 36.05751123 ], [ 138.01074141, 36.05853567 ], [ 138.012950859999989, 36.05983372 ], [ 138.014266980000031, 36.06006761 ], [ 138.014574470000014, 36.06060844 ], [ 138.0150028, 36.06070317 ], [ 138.015955030000015, 36.06219733 ], [ 138.016013640000011, 36.06289928 ], [ 138.01484645, 36.06384261 ], [ 138.01469173000001, 36.06521511 ], [ 138.014008390000015, 36.06698539 ], [ 138.013482830000015, 36.06733789 ], [ 138.01322034, 36.06818317 ], [ 138.013117280000017, 36.06990428 ], [ 138.01263394, 36.06983844 ], [ 138.01374533, 36.0719665 ], [ 138.01419228, 36.07299622 ], [ 138.015423410000011, 36.07531372 ], [ 138.017132870000012, 36.07870233 ], [ 138.01998397, 36.07724456 ], [ 138.022901190000027, 36.07588817 ], [ 138.02295620000001, 36.07627761 ], [ 138.0224537, 36.0774965 ], [ 138.02245703, 36.07902705 ], [ 138.02283258, 36.08023844 ], [ 138.023276470000013, 36.08102344 ], [ 138.023364, 36.081584 ], [ 138.02444927, 36.08247733 ], [ 138.02586484, 36.08324372 ], [ 138.02626956, 36.08373261 ], [ 138.027659560000018, 36.08429928 ], [ 138.02872234, 36.08552317 ], [ 138.02898428, 36.08686595 ], [ 138.02846428, 36.08806705 ], [ 138.029196520000028, 36.08851233 ], [ 138.02872403, 36.09016484 ], [ 138.02797597, 36.09189844 ], [ 138.028314580000028, 36.09263344 ], [ 138.029616520000019, 36.09334011 ], [ 138.029304310000015, 36.09443705 ], [ 138.027868470000016, 36.09645177 ], [ 138.028107370000015, 36.09730789 ], [ 138.028222920000019, 36.09870511 ], [ 138.028926, 36.09967177 ], [ 138.029600730000027, 36.10034067 ], [ 138.02859795, 36.1008815 ], [ 138.028356550000012, 36.10166956 ], [ 138.02844572, 36.10250678 ], [ 138.02886322, 36.10352233 ], [ 138.030031, 36.10462567 ], [ 138.030506280000026, 36.10655956 ], [ 138.030138810000011, 36.10724095 ], [ 138.030049640000016, 36.10922789 ], [ 138.03063713, 36.11117233 ], [ 138.030697690000011, 36.11168761 ], [ 138.030222410000022, 36.11239484 ], [ 138.03062158, 36.11331511 ], [ 138.030188520000024, 36.11433289 ], [ 138.03059547, 36.115119 ], [ 138.030563550000011, 36.11588789 ], [ 138.03126438000001, 36.11672261 ], [ 138.03153217000002, 36.11782789 ], [ 138.03246662, 36.11835844 ], [ 138.034230510000015, 36.11833484 ], [ 138.033731890000013, 36.11941484 ], [ 138.03345078000001, 36.12047539 ], [ 138.033503280000019, 36.12103984 ], [ 138.034424700000017, 36.12308011 ], [ 138.034613310000026, 36.12384039 ], [ 138.034828590000018, 36.12597872 ], [ 138.034763020000014, 36.12682428 ], [ 138.041673920000022, 36.13964123 ], [ 138.04179172000002, 36.141214 ], [ 138.042278110000012, 36.14235733 ], [ 138.042928390000014, 36.14274677 ], [ 138.043460900000014, 36.14428956 ], [ 138.043402, 36.14485205 ], [ 138.0421909, 36.145714 ], [ 138.041899780000023, 36.14651261 ], [ 138.04234786, 36.14812733 ], [ 138.041964810000024, 36.14939703 ], [ 138.042785360000011, 36.15053287 ], [ 138.04337092, 36.15104039 ], [ 138.04467148, 36.15156567 ], [ 138.044429800000017, 36.15250261 ], [ 138.045513990000018, 36.15340956 ], [ 138.04586372, 36.15448011 ], [ 138.04544872, 36.15595231 ], [ 138.045643720000015, 36.15776869 ], [ 138.04527511, 36.15934897 ], [ 138.045783160000013, 36.1602562 ], [ 138.04545791000001, 36.1607712 ], [ 138.045519860000013, 36.16128841 ], [ 138.046882360000012, 36.16269814 ], [ 138.049310420000012, 36.16415814 ], [ 138.050131, 36.16512787 ], [ 138.050481, 36.16576592 ], [ 138.05206961, 36.16669564 ], [ 138.052648780000027, 36.16760036 ], [ 138.0539185, 36.16834425 ], [ 138.055061280000018, 36.16842953 ], [ 138.05720073, 36.16772595 ], [ 138.058457690000012, 36.16796205 ], [ 138.05908825, 36.16769539 ], [ 138.059659610000011, 36.16571177 ], [ 138.059694330000013, 36.16473705 ], [ 138.060051, 36.16431539 ], [ 138.06285655, 36.1632815 ], [ 138.063964890000022, 36.16271123 ], [ 138.06619211, 36.16221372 ], [ 138.06690905, 36.16149178 ], [ 138.06880711, 36.16168872 ], [ 138.070102390000017, 36.16165484 ], [ 138.071709360000028, 36.16210456 ], [ 138.07212519, 36.16204261 ], [ 138.072786590000021, 36.16136261 ], [ 138.07311572, 36.160309 ], [ 138.07505545, 36.15860095 ], [ 138.076177660000013, 36.15775233 ], [ 138.076880730000028, 36.15695736 ], [ 138.07788545, 36.15676903 ], [ 138.079509880000018, 36.15691792 ], [ 138.080043220000022, 36.15712041 ], [ 138.081653800000026, 36.15725513 ], [ 138.08269992000001, 36.15761764 ], [ 138.084126590000011, 36.15783125 ], [ 138.08500992, 36.15759513 ], [ 138.085571030000011, 36.15790987 ], [ 138.08712603, 36.15792403 ], [ 138.0883327, 36.15749125 ], [ 138.091421020000013, 36.15939931 ], [ 138.091756860000032, 36.15943292 ], [ 138.092750780000017, 36.16046153 ], [ 138.09403244, 36.16060764 ], [ 138.09532772, 36.16114986 ], [ 138.09609995, 36.16066375 ], [ 138.096602170000011, 36.16064987 ], [ 138.09797022, 36.16118931 ], [ 138.09828883, 36.16154069 ], [ 138.09865939, 36.1625518 ], [ 138.099508, 36.16307736 ], [ 138.10404859, 36.16391764 ], [ 138.104349970000015, 36.16326597 ], [ 138.10481414000003, 36.16310569 ], [ 138.106338030000018, 36.16326041 ], [ 138.108177200000029, 36.16239208 ], [ 138.10890136, 36.16234431 ], [ 138.112121920000021, 36.16282792 ], [ 138.113341360000021, 36.16282236 ], [ 138.115166360000018, 36.16331959 ], [ 138.11620553, 36.16399653 ], [ 138.117057760000023, 36.16392375 ], [ 138.118529420000016, 36.16401653 ], [ 138.119707200000022, 36.1634518 ], [ 138.120129690000027, 36.16302736 ], [ 138.12104776000001, 36.16270431 ], [ 138.12190358, 36.16324792 ], [ 138.123453579999989, 36.16330597 ], [ 138.124055250000026, 36.16359125 ], [ 138.126091950000017, 36.16527597 ], [ 138.127832780000034, 36.16648347 ], [ 138.128842500000019, 36.16591431 ], [ 138.129838880000023, 36.16493792 ], [ 138.13055416, 36.16471017 ], [ 138.13149056, 36.16398905 ], [ 138.132734160000012, 36.16385877 ], [ 138.13387778, 36.16294211 ], [ 138.134058300000021, 36.16196072 ], [ 138.13361025, 36.16103851 ], [ 138.13499442, 36.15812072 ], [ 138.134593310000014, 36.15603267 ], [ 138.13540219, 36.155756 ], [ 138.13521497, 36.15443822 ], [ 138.13478717000001, 36.15344017 ], [ 138.134934110000017, 36.153131 ], [ 138.13444633, 36.1519435 ], [ 138.134633550000018, 36.15073408 ], [ 138.134212170000012, 36.15000714 ], [ 138.134700510000016, 36.14823908 ], [ 138.13639856, 36.14787575 ], [ 138.137194380000011, 36.14742575 ], [ 138.13710078, 36.14629769 ], [ 138.137274670000011, 36.14598297 ], [ 138.14014326, 36.14388408 ], [ 138.14396772, 36.14513159 ], [ 138.145118, 36.14495825 ], [ 138.147056890000016, 36.1441502 ], [ 138.148013280000015, 36.14296269 ], [ 138.14932384, 36.14214353 ], [ 138.150086030000011, 36.14138964 ], [ 138.150821580000013, 36.14001214 ], [ 138.151035470000011, 36.13934492 ], [ 138.152098810000012, 36.13834187 ], [ 138.15328908, 36.13771797 ], [ 138.153268810000014, 36.13584161 ], [ 138.153054920000017, 36.13484356 ], [ 138.154231830000015, 36.13186605 ], [ 138.154292390000023, 36.13043439 ], [ 138.15453294, 36.12976717 ], [ 138.15683322000001, 36.12934411 ], [ 138.15781601, 36.12780384 ], [ 138.15702044, 36.12685467 ], [ 138.157107390000021, 36.12635023 ], [ 138.15819739, 36.12485884 ], [ 138.1596685, 36.12399133 ], [ 138.160216830000024, 36.12349772 ], [ 138.160898780000025, 36.12236967 ], [ 138.161079340000015, 36.12171359 ], [ 138.162008500000013, 36.12132303 ], [ 138.16288462, 36.12145859 ], [ 138.164409050000017, 36.12193051 ], [ 138.165633500000013, 36.12251856 ], [ 138.166756, 36.12339495 ], [ 138.16757156, 36.12368244 ], [ 138.169290170000011, 36.12372577 ], [ 138.17270044, 36.12227244 ], [ 138.17494683000001, 36.12125272 ], [ 138.17524795, 36.12103578 ], [ 138.17665211, 36.1211555 ], [ 138.177708490000015, 36.121508 ], [ 138.178999050000016, 36.12150244 ], [ 138.17976128, 36.12181717 ], [ 138.180603530000013, 36.12379661 ], [ 138.180964640000013, 36.12393772 ], [ 138.18178713, 36.12369911 ], [ 138.186100190000019, 36.12335772 ], [ 138.18749075, 36.12342272 ], [ 138.18857409, 36.12406272 ], [ 138.19112825, 36.12269577 ], [ 138.191235190000015, 36.12211577 ], [ 138.18987131, 36.11928467 ], [ 138.189791, 36.11874772 ], [ 138.18991822000001, 36.11641023 ], [ 138.190265720000014, 36.11582439 ], [ 138.19119545, 36.11482661 ], [ 138.19402406, 36.11215272 ], [ 138.194532110000011, 36.11141522 ], [ 138.199386280000027, 36.11094356 ], [ 138.20040294, 36.11035244 ], [ 138.199681, 36.10874717 ], [ 138.199533770000016, 36.10773303 ], [ 138.20123211, 36.10696831 ], [ 138.203378500000014, 36.10655636 ], [ 138.204434890000016, 36.10669189 ], [ 138.20513711000001, 36.10658328 ], [ 138.208767670000015, 36.10675161 ], [ 138.209750440000022, 36.10738078 ], [ 138.212177950000012, 36.10748384 ], [ 138.21457156, 36.10743495 ], [ 138.214952670000031, 36.10733772 ], [ 138.216858780000024, 36.10519077 ], [ 138.218015160000022, 36.10552105 ], [ 138.219924920000011, 36.105878 ], [ 138.222331020000013, 36.1070055 ], [ 138.22441881, 36.10815244 ], [ 138.22509297000002, 36.10823967 ], [ 138.22785464, 36.10808022 ], [ 138.229821030000011, 36.10917772 ], [ 138.2304527, 36.10910939 ], [ 138.232166060000026, 36.10959551 ], [ 138.232830510000014, 36.11022578 ], [ 138.234029100000015, 36.11017272 ], [ 138.234736060000017, 36.11048411 ], [ 138.233885500000014, 36.10818522 ], [ 138.23403883, 36.10800189 ], [ 138.23696689, 36.10726911 ], [ 138.24237856000002, 36.1059805 ], [ 138.24335467, 36.10570605 ], [ 138.24420161, 36.10448244 ], [ 138.245169660000016, 36.10333133 ], [ 138.24659689, 36.101918 ], [ 138.24754411, 36.10083995 ], [ 138.246631850000028, 36.09495414 ], [ 138.24720492000003, 36.0948422 ], [ 138.250804640000013, 36.09348831 ], [ 138.252243800000031, 36.09274803 ], [ 138.25355131, 36.09251053 ], [ 138.254322700000017, 36.09252941 ], [ 138.256047420000016, 36.09221164 ], [ 138.25803686, 36.09196831 ], [ 138.259425470000025, 36.09163053 ], [ 138.260988520000012, 36.09099747 ], [ 138.262512140000013, 36.09097636 ], [ 138.264683800000029, 36.09139247 ], [ 138.266484940000026, 36.09140108 ], [ 138.267254940000015, 36.09121887 ], [ 138.26902438, 36.09010969 ], [ 138.269585230000018, 36.08963331 ], [ 138.271013550000021, 36.08884164 ], [ 138.27221689000001, 36.08851108 ], [ 138.273428560000013, 36.08799608 ], [ 138.274328, 36.08739553 ], [ 138.275400220000023, 36.08634664 ], [ 138.275783280000013, 36.08637303 ], [ 138.278004940000017, 36.08765441 ], [ 138.279558560000027, 36.08794969 ], [ 138.28302939, 36.08844469 ], [ 138.28504328, 36.08915359 ], [ 138.286655250000024, 36.08989914 ], [ 138.287632750000029, 36.0909872 ], [ 138.28878497, 36.09190303 ], [ 138.29046997, 36.0935458 ], [ 138.29067889, 36.09449441 ], [ 138.290200270000014, 36.0959022 ], [ 138.290136390000015, 36.09664331 ], [ 138.29036222, 36.09705053 ], [ 138.29135611, 36.09804553 ], [ 138.29250167, 36.10000553 ], [ 138.292882530000014, 36.10100359 ], [ 138.293725310000013, 36.10210775 ], [ 138.2946517, 36.10307553 ], [ 138.295285300000018, 36.10411969 ], [ 138.29566975, 36.10521608 ], [ 138.29861506, 36.1075808 ], [ 138.29950394, 36.10866497 ], [ 138.301704230000013, 36.11091469 ], [ 138.302270610000022, 36.11134025 ], [ 138.30346839, 36.11165497 ], [ 138.304468390000011, 36.11162413 ], [ 138.306110610000019, 36.11035969 ], [ 138.30691672, 36.10996803 ], [ 138.30771895, 36.10993108 ], [ 138.30874173, 36.10955775 ], [ 138.30963895, 36.10957331 ], [ 138.31160064, 36.11117053 ], [ 138.312973410000012, 36.1119972 ], [ 138.31414786000002, 36.11150997 ], [ 138.31476759, 36.11144192 ], [ 138.315421750000013, 36.11182136 ], [ 138.317094250000025, 36.11212053 ], [ 138.317850920000012, 36.11244747 ], [ 138.319478420000024, 36.1121422 ], [ 138.320761480000016, 36.11165775 ], [ 138.323788690000015, 36.10978469 ], [ 138.325647590000017, 36.10815664 ], [ 138.327451750000023, 36.10709303 ], [ 138.325913110000016, 36.10532664 ], [ 138.325108110000031, 36.10459192 ], [ 138.32484811, 36.10398469 ], [ 138.324657, 36.10092108 ], [ 138.32504895, 36.0987308 ], [ 138.325478080000011, 36.09780831 ], [ 138.32587003, 36.09740692 ], [ 138.32633365, 36.0959708 ], [ 138.326381970000028, 36.09476386 ], [ 138.326832240000016, 36.09371887 ], [ 138.327339750000021, 36.09296913 ], [ 138.32798698000002, 36.09146192 ], [ 138.325761950000015, 36.09015608 ], [ 138.32348306, 36.0885008 ], [ 138.322803060000012, 36.08786525 ], [ 138.32186944, 36.08815497 ], [ 138.321173610000017, 36.08773831 ], [ 138.320067780000016, 36.0874358 ], [ 138.319491390000024, 36.08636969 ], [ 138.3199525, 36.08596831 ], [ 138.321515550000015, 36.08530441 ], [ 138.32338472, 36.08488025 ], [ 138.324748340000014, 36.08491303 ], [ 138.326386110000016, 36.08551331 ], [ 138.327239170000013, 36.08552331 ], [ 138.32882834000003, 36.08608775 ], [ 138.33105472, 36.08671608 ], [ 138.33224973, 36.08646803 ], [ 138.33321805, 36.08600553 ], [ 138.33394056, 36.08543859 ], [ 138.33420611, 36.08480887 ], [ 138.333304160000012, 36.08317472 ], [ 138.332995840000024, 36.08195556 ], [ 138.333120800000017, 36.08112889 ], [ 138.333179140000027, 36.07859889 ], [ 138.332948860000016, 36.07711639 ], [ 138.33238691, 36.07542861 ], [ 138.332441360000018, 36.07489667 ], [ 138.33334747, 36.07488084 ], [ 138.3336208, 36.07447861 ], [ 138.333648, 36.07323723 ], [ 138.334062440000025, 36.06974417 ], [ 138.33440217, 36.06853444 ], [ 138.33547966, 36.06827777 ], [ 138.33894328, 36.066815 ], [ 138.33995883, 36.06630528 ], [ 138.341157720000012, 36.06549444 ], [ 138.341708250000011, 36.06469305 ], [ 138.34243852, 36.06227389 ], [ 138.342586860000011, 36.06214417 ], [ 138.34517964, 36.06159917 ], [ 138.34562852000002, 36.06107361 ], [ 138.346147980000012, 36.05979417 ], [ 138.347319880000015, 36.056415 ], [ 138.347842940000021, 36.05453389 ], [ 138.34799934, 36.052425 ], [ 138.34810486, 36.04765556 ], [ 138.350010420000018, 36.04742444 ], [ 138.351744310000015, 36.04697139 ], [ 138.352954580000016, 36.04694305 ], [ 138.353380140000013, 36.04674056 ], [ 138.353204310000024, 36.04573639 ], [ 138.35354014, 36.04505556 ], [ 138.35487569, 36.04421028 ], [ 138.356074580000012, 36.04288639 ], [ 138.356465140000012, 36.04170833 ], [ 138.356437890000024, 36.04038141 ], [ 138.35612538, 36.03928559 ], [ 138.35538372000002, 36.03820559 ], [ 138.35500872, 36.03732864 ], [ 138.35626234, 36.03666669 ], [ 138.356422330000015, 36.0360492 ], [ 138.3557037, 36.03435808 ], [ 138.35581703, 36.03403503 ], [ 138.356617590000013, 36.03352225 ], [ 138.358866740000025, 36.03304697 ], [ 138.36013202, 36.03248003 ], [ 138.361201750000021, 36.0316728 ], [ 138.36132258, 36.03089364 ], [ 138.36115508, 36.0300892 ], [ 138.35939815, 36.02759364 ], [ 138.358945080000012, 36.02715697 ], [ 138.3591245, 36.02608641 ], [ 138.35976506, 36.0252342 ], [ 138.360546160000013, 36.02475003 ], [ 138.360729490000011, 36.02419892 ], [ 138.36032728, 36.0231378 ], [ 138.359733670000026, 36.0223178 ], [ 138.359468390000018, 36.02055697 ], [ 138.359581720000023, 36.0201042 ], [ 138.36093642000003, 36.01909059 ], [ 138.361660310000019, 36.01746586 ], [ 138.361307520000025, 36.01663308 ], [ 138.360280580000023, 36.01553447 ], [ 138.360268640000015, 36.01476169 ], [ 138.359616940000024, 36.01327336 ], [ 138.359120830000023, 36.01289336 ], [ 138.36212752, 36.01261447 ], [ 138.3626275, 36.01233613 ], [ 138.36304501, 36.01137003 ], [ 138.36361112, 36.01067003 ], [ 138.36378306, 36.00998003 ], [ 138.364720270000021, 36.00886531 ], [ 138.36492722, 36.00699031 ], [ 138.36494667, 36.00588197 ], [ 138.36468886, 36.00484951 ], [ 138.36491053, 36.00316728 ], [ 138.366795250000024, 36.00178005 ], [ 138.367661630000015, 35.99997895 ], [ 138.367610800000023, 35.99870005 ], [ 138.367919140000026, 35.99849923 ], [ 138.36915192, 35.99829589 ], [ 138.370050530000015, 35.99779728 ], [ 138.370728, 35.99631256 ], [ 138.371888, 35.99505033 ], [ 138.37214355, 35.99455089 ], [ 138.37214078, 35.99253505 ], [ 138.372824940000015, 35.99112089 ], [ 138.373001050000028, 35.99013117 ], [ 138.37402717, 35.98952256 ], [ 138.37403297, 35.98915951 ], [ 138.373264920000025, 35.98728423 ], [ 138.373102970000019, 35.98613561 ], [ 138.3739127, 35.98406978 ], [ 138.374518810000012, 35.98308895 ], [ 138.373720170000013, 35.98097561 ], [ 138.372774890000017, 35.98011061 ], [ 138.372543220000011, 35.97968367 ], [ 138.37213545, 35.97778589 ], [ 138.37216903, 35.97564061 ], [ 138.371437640000011, 35.97432841 ], [ 138.37129847, 35.97359647 ], [ 138.37060847, 35.97257313 ], [ 138.37046042, 35.97138064 ], [ 138.370261240000019, 35.97073897 ], [ 138.370285670000015, 35.96941508 ], [ 138.36964122, 35.9684598 ], [ 138.369444, 35.96722453 ], [ 138.368055380000015, 35.96626259 ], [ 138.364433170000012, 35.96468314 ], [ 138.362769250000014, 35.96318675 ], [ 138.361902870000023, 35.96259564 ], [ 138.36104842, 35.96038508 ], [ 138.361044530000015, 35.95940341 ], [ 138.3616237, 35.95855536 ], [ 138.36034645, 35.9572112 ], [ 138.359705620000028, 35.95570203 ], [ 138.35966061000002, 35.95327731 ], [ 138.36007949, 35.95101369 ], [ 138.359561970000016, 35.95047592 ], [ 138.358871970000024, 35.95043259 ], [ 138.35738114, 35.95094147 ], [ 138.35594336, 35.95042092 ], [ 138.354801410000022, 35.94957592 ], [ 138.35406642, 35.9488712 ], [ 138.35264114, 35.94832703 ], [ 138.352164470000019, 35.94797313 ], [ 138.351405030000024, 35.9468612 ], [ 138.350669470000014, 35.94633675 ], [ 138.34898167, 35.94448203 ], [ 138.345046670000016, 35.94133314 ], [ 138.34518639, 35.93940317 ], [ 138.345559970000011, 35.93841123 ], [ 138.34572886, 35.93524595 ], [ 138.345601360000018, 35.934094 ], [ 138.345322190000019, 35.93347956 ], [ 138.34427886, 35.93230095 ], [ 138.34404883000002, 35.93055456 ], [ 138.343354670000025, 35.92850095 ], [ 138.342032440000025, 35.92566928 ], [ 138.341038270000013, 35.92506511 ], [ 138.33937078, 35.92459761 ], [ 138.33870131, 35.92401984 ], [ 138.337871580000012, 35.9229715 ], [ 138.33764964, 35.92222344 ], [ 138.33770297, 35.921459 ], [ 138.337329360000012, 35.92088456 ], [ 138.33586713, 35.92043705 ], [ 138.33516881, 35.92004289 ], [ 138.333776860000029, 35.91800289 ], [ 138.33283294, 35.91678844 ], [ 138.33237961, 35.91576011 ], [ 138.331527670000014, 35.91437705 ], [ 138.331258220000024, 35.91354261 ], [ 138.331098490000016, 35.91179677 ], [ 138.33091017000001, 35.91089233 ], [ 138.32998597, 35.90925789 ], [ 138.329112090000024, 35.908249 ], [ 138.328452920000018, 35.90656567 ], [ 138.32751097, 35.90541261 ], [ 138.326825690000021, 35.90383597 ], [ 138.32632428, 35.90317653 ], [ 138.32431817, 35.90232986 ], [ 138.323102330000012, 35.90138013 ], [ 138.32224844000001, 35.90005013 ], [ 138.320597060000011, 35.89877236 ], [ 138.319017890000026, 35.89680541 ], [ 138.31492953, 35.89294375 ], [ 138.31430759, 35.89218264 ], [ 138.31278341, 35.89097431 ], [ 138.310867280000025, 35.88982013 ], [ 138.3097045, 35.88889653 ], [ 138.307678660000022, 35.88744931 ], [ 138.306971170000025, 35.88659013 ], [ 138.306795890000018, 35.88510014 ], [ 138.306590340000014, 35.88444764 ], [ 138.305753650000014, 35.88335153 ], [ 138.304978370000015, 35.88200931 ], [ 138.304056420000023, 35.88119292 ], [ 138.30324837, 35.87942569 ], [ 138.3024992, 35.87882486 ], [ 138.301932240000014, 35.87809959 ], [ 138.30148531, 35.87707903 ], [ 138.300147220000014, 35.87582569 ], [ 138.298671110000015, 35.87400513 ], [ 138.298384160000012, 35.87341764 ], [ 138.296995840000022, 35.87187875 ], [ 138.29598834, 35.86995625 ], [ 138.294821110000015, 35.86928959 ], [ 138.293055810000027, 35.86706236 ], [ 138.292416640000027, 35.86662569 ], [ 138.29081747, 35.8660268 ], [ 138.290342480000021, 35.86570764 ], [ 138.289324140000019, 35.86399208 ], [ 138.28853136, 35.86332097 ], [ 138.28696525, 35.86223347 ], [ 138.28610691, 35.86131489 ], [ 138.2848672, 35.86082292 ], [ 138.28409217, 35.86023986 ], [ 138.283640780000013, 35.85931572 ], [ 138.281069660000014, 35.85967292 ], [ 138.278949660000023, 35.86039125 ], [ 138.27831022, 35.86080292 ], [ 138.27772328, 35.8615168 ], [ 138.27636523000001, 35.86266013 ], [ 138.27578939, 35.86298653 ], [ 138.274578030000015, 35.86399153 ], [ 138.272841090000014, 35.86492931 ], [ 138.270712480000014, 35.86716264 ], [ 138.269709140000032, 35.86852597 ], [ 138.26882219, 35.86927487 ], [ 138.267838860000012, 35.87041375 ], [ 138.26749497, 35.87172708 ], [ 138.266967200000011, 35.87291987 ], [ 138.26630803, 35.87361487 ], [ 138.265817420000019, 35.87466644 ], [ 138.26444053, 35.87591125 ], [ 138.26062973, 35.87830513 ], [ 138.25884167000001, 35.87894653 ], [ 138.256490270000029, 35.88049264 ], [ 138.25559056, 35.88129289 ], [ 138.254405280000014, 35.88189761 ], [ 138.25297555, 35.88303233 ], [ 138.25195944, 35.88467595 ], [ 138.25145584, 35.88501039 ], [ 138.24998112, 35.88560177 ], [ 138.24860361, 35.88592456 ], [ 138.24740917, 35.88553789 ], [ 138.246381110000016, 35.88542067 ], [ 138.244985010000022, 35.88493817 ], [ 138.24352056, 35.8848315 ], [ 138.241894700000017, 35.88452817 ], [ 138.240842750000013, 35.88405344 ], [ 138.23987997, 35.88334205 ], [ 138.23890997, 35.88304261 ], [ 138.23823497, 35.882379 ], [ 138.23684830000002, 35.88026844 ], [ 138.235461360000016, 35.87890317 ], [ 138.23360105, 35.87723289 ], [ 138.232598560000014, 35.87613177 ], [ 138.232305500000024, 35.87555872 ], [ 138.232308, 35.87482844 ], [ 138.23198939, 35.87350705 ], [ 138.23089772, 35.87183177 ], [ 138.230391610000027, 35.87046872 ], [ 138.22985995, 35.86942456 ], [ 138.22969828, 35.86830177 ], [ 138.229133530000013, 35.86625567 ], [ 138.228714360000026, 35.86387317 ], [ 138.228266860000019, 35.86180539 ], [ 138.22767908, 35.85959736 ], [ 138.226978520000017, 35.85832097 ], [ 138.226788780000021, 35.85740375 ], [ 138.2257535, 35.85664208 ], [ 138.22417406, 35.85621125 ], [ 138.22327934, 35.85521847 ], [ 138.222468780000014, 35.85388875 ], [ 138.222325720000015, 35.85230153 ], [ 138.22082183, 35.85017153 ], [ 138.21987542, 35.84860792 ], [ 138.2197418, 35.84813875 ], [ 138.21892209, 35.8468168 ], [ 138.217959030000031, 35.84607486 ], [ 138.216145690000019, 35.84549125 ], [ 138.215630410000017, 35.84489153 ], [ 138.215482630000025, 35.84362959 ], [ 138.21446597, 35.84270653 ], [ 138.213873190000015, 35.84162069 ], [ 138.21363431, 35.83959014 ], [ 138.21281678, 35.8386882 ], [ 138.21247956000002, 35.83787764 ], [ 138.21265761, 35.83701514 ], [ 138.21236012, 35.83651959 ], [ 138.21154205000002, 35.83577431 ], [ 138.210645380000017, 35.83463653 ], [ 138.208109, 35.83229987 ], [ 138.20677956, 35.83153541 ], [ 138.20560927, 35.82984431 ], [ 138.20530012, 35.8288432 ], [ 138.20470008, 35.82813903 ], [ 138.204233140000014, 35.82685764 ], [ 138.204220920000012, 35.82625875 ], [ 138.203895360000018, 35.82530931 ], [ 138.204818970000019, 35.82472208 ], [ 138.20515258, 35.82416236 ], [ 138.20468564, 35.82350153 ], [ 138.204096740000011, 35.82318875 ], [ 138.20341092000001, 35.82321431 ], [ 138.203454250000021, 35.82267541 ], [ 138.20408759, 35.82232513 ], [ 138.204374250000029, 35.82103875 ], [ 138.20580314, 35.81969041 ], [ 138.20572536, 35.81933347 ], [ 138.205053970000023, 35.81885292 ], [ 138.20601202, 35.81825541 ], [ 138.20601008, 35.81678208 ], [ 138.20569287, 35.81573431 ], [ 138.203873970000018, 35.81451487 ], [ 138.202628660000016, 35.81347513 ], [ 138.201979490000014, 35.81234736 ], [ 138.201178660000011, 35.81188513 ], [ 138.199310890000021, 35.81224569 ], [ 138.19886034000001, 35.81185013 ], [ 138.19876506, 35.81114931 ], [ 138.198418950000018, 35.81070541 ], [ 138.197470900000013, 35.80809931 ], [ 138.19576090000001, 35.80596013 ], [ 138.19572005, 35.80569153 ], [ 138.194601730000016, 35.80528764 ], [ 138.193885890000018, 35.80583653 ], [ 138.193331170000022, 35.80574487 ], [ 138.19360756, 35.80501069 ], [ 138.19354506, 35.80409792 ], [ 138.193316720000013, 35.80383764 ], [ 138.191780610000023, 35.80391931 ], [ 138.190318390000016, 35.80305153 ], [ 138.190122, 35.80240097 ], [ 138.18948477, 35.80186541 ], [ 138.18880114000001, 35.80088569 ], [ 138.187785030000015, 35.79995292 ], [ 138.187584470000019, 35.79885513 ], [ 138.18689864000001, 35.79782236 ], [ 138.18653808000002, 35.7975518 ], [ 138.186620030000029, 35.79649264 ], [ 138.186390580000023, 35.79587514 ], [ 138.18562864, 35.7955682 ], [ 138.18607309, 35.79399653 ], [ 138.185966690000015, 35.7926982 ], [ 138.185438080000011, 35.79191375 ], [ 138.18517419, 35.79107989 ], [ 138.1857292, 35.79045905 ], [ 138.187516980000026, 35.78903405 ], [ 138.188413090000012, 35.78855184 ], [ 138.18930837, 35.787771 ], [ 138.18996558, 35.78673823 ], [ 138.190789200000012, 35.78491433 ], [ 138.1914917, 35.78428877 ], [ 138.192802530000023, 35.78362795 ], [ 138.19469669, 35.78306767 ], [ 138.19832086, 35.78155739 ], [ 138.197343640000014, 35.78152544 ], [ 138.195658080000015, 35.78092989 ] ] ] } },
{ "type": "Feature", "properties": { "kouiki": "長野", "area_km2": 1557.73, "chiiki": "北信" }, "geometry": { "type": "Polygon", "coordinates": [ [ [ 138.20496481, 36.49837541 ], [ 138.20717898, 36.49790597 ], [ 138.20932148, 36.49673931 ], [ 138.209870360000025, 36.49593097 ], [ 138.21081314, 36.49557292 ], [ 138.212668980000018, 36.49456597 ], [ 138.213003140000012, 36.49380125 ], [ 138.21498453, 36.49344292 ], [ 138.21602869000003, 36.49229569 ], [ 138.21727008, 36.49186986 ], [ 138.21781898, 36.49119208 ], [ 138.21838008, 36.4913518 ], [ 138.219555360000015, 36.49048541 ], [ 138.21865453, 36.488936 ], [ 138.21880981000001, 36.4887085 ], [ 138.220570080000016, 36.487876 ], [ 138.221107300000028, 36.48672405 ], [ 138.2217637, 36.48600267 ], [ 138.22149506, 36.48333489 ], [ 138.221692, 36.48303989 ], [ 138.223750610000025, 36.48278823 ], [ 138.22549314, 36.48242017 ], [ 138.226543140000018, 36.48183905 ], [ 138.22844397, 36.48123295 ], [ 138.22947647, 36.48061823 ], [ 138.230636740000023, 36.4796235 ], [ 138.230532550000021, 36.47886072 ], [ 138.22953311, 36.47811017 ], [ 138.22943756, 36.47744684 ], [ 138.22967922, 36.47567989 ], [ 138.22906477, 36.47500933 ], [ 138.22879031, 36.47373851 ], [ 138.229303640000012, 36.47279211 ], [ 138.22933058000001, 36.47196433 ], [ 138.229142530000018, 36.47086295 ], [ 138.228909750000014, 36.47056739 ], [ 138.228844190000018, 36.46893131 ], [ 138.22892805, 36.46624687 ], [ 138.22868917, 36.46465631 ], [ 138.22895195000001, 36.46391325 ], [ 138.22990083000002, 36.46384297 ], [ 138.231165840000017, 36.4629338 ], [ 138.232717220000012, 36.46270159 ], [ 138.233886940000019, 36.46227075 ], [ 138.23489805, 36.46116269 ], [ 138.235807780000016, 36.46070131 ], [ 138.2368525, 36.45935797 ], [ 138.23855805, 36.45818159 ], [ 138.2392475, 36.45872936 ], [ 138.239972500000022, 36.4589602 ], [ 138.23984472, 36.4578588 ], [ 138.24138, 36.45702269 ], [ 138.24106, 36.45590964 ], [ 138.24125195000002, 36.45502159 ], [ 138.241735280000029, 36.45452575 ], [ 138.242048050000022, 36.45379936 ], [ 138.242360830000024, 36.4524788 ], [ 138.24184888000002, 36.45173492 ], [ 138.241863330000029, 36.45105464 ], [ 138.24215472, 36.45081241 ], [ 138.24426528, 36.45072603 ], [ 138.245267500000011, 36.45030492 ], [ 138.245217780000019, 36.44933047 ], [ 138.24661805, 36.44795214 ], [ 138.247266390000021, 36.44690825 ], [ 138.248004720000012, 36.44669936 ], [ 138.248365550000017, 36.44624631 ], [ 138.2488208, 36.44468047 ], [ 138.249781950000028, 36.44413908 ], [ 138.25033969, 36.44279575 ], [ 138.250219140000013, 36.44182159 ], [ 138.25050275000001, 36.4411888 ], [ 138.249824690000025, 36.44032687 ], [ 138.24963581, 36.43945047 ], [ 138.249206360000017, 36.43894856 ], [ 138.24861494000001, 36.43748272 ], [ 138.248597720000021, 36.43637495 ], [ 138.248383, 36.43553967 ], [ 138.24830606, 36.43426856 ], [ 138.248690510000017, 36.433313 ], [ 138.247789110000014, 36.43331661 ], [ 138.245706860000013, 36.43291661 ], [ 138.244139640000014, 36.43305856 ], [ 138.24167519, 36.43243939 ], [ 138.24038214, 36.43239689 ], [ 138.23881462, 36.43182495 ], [ 138.237428220000027, 36.43192911 ], [ 138.236484330000025, 36.43173995 ], [ 138.23412489, 36.43166439 ], [ 138.233478220000023, 36.43176356 ], [ 138.22954597, 36.431688 ], [ 138.22627205, 36.42994831 ], [ 138.22548538, 36.42995303 ], [ 138.223621220000012, 36.42945192 ], [ 138.222380120000025, 36.42968831 ], [ 138.221331780000014, 36.43014692 ], [ 138.220609270000011, 36.43021303 ], [ 138.219175910000018, 36.42995303 ], [ 138.21782453, 36.42936692 ], [ 138.21678148, 36.42922497 ], [ 138.216152310000012, 36.42939525 ], [ 138.21464925, 36.42851136 ], [ 138.213850900000011, 36.42820887 ], [ 138.21215005000002, 36.42718331 ], [ 138.211060340000017, 36.42609136 ], [ 138.208316420000017, 36.42580775 ], [ 138.20738419, 36.42589747 ], [ 138.2063528, 36.42557136 ], [ 138.20535114, 36.42578859 ], [ 138.20458781, 36.42569889 ], [ 138.203440030000024, 36.42528305 ], [ 138.202676670000017, 36.42481528 ], [ 138.201342780000033, 36.42460251 ], [ 138.199385010000015, 36.42371389 ], [ 138.19840056000001, 36.42354361 ], [ 138.19616358, 36.42271639 ], [ 138.19410664000003, 36.42233805 ], [ 138.189323840000014, 36.42176611 ], [ 138.188578, 36.42163861 ], [ 138.184552170000018, 36.42124141 ], [ 138.18321828, 36.42124114 ], [ 138.18061409, 36.42104753 ], [ 138.17970519, 36.42075892 ], [ 138.17739964, 36.41965613 ], [ 138.17482795, 36.4196092 ], [ 138.17204128000003, 36.41929364 ], [ 138.17083739, 36.41831003 ], [ 138.170323220000029, 36.41757447 ], [ 138.16940681, 36.41698197 ], [ 138.169530970000011, 36.41604364 ], [ 138.168779590000014, 36.415217 ], [ 138.167529030000026, 36.41539256 ], [ 138.165849580000014, 36.41674336 ], [ 138.164862630000016, 36.41827531 ], [ 138.164067080000024, 36.41855641 ], [ 138.163371250000012, 36.41984725 ], [ 138.1624807, 36.4200592 ], [ 138.16159042000001, 36.41983197 ], [ 138.160924310000013, 36.42010975 ], [ 138.159069030000012, 36.419857 ], [ 138.159218200000026, 36.42059475 ], [ 138.1589193, 36.42140308 ], [ 138.157369030000012, 36.42234253 ], [ 138.156864580000018, 36.42319114 ], [ 138.155986520000027, 36.42391836 ], [ 138.154224310000018, 36.42451975 ], [ 138.153595450000012, 36.42555503 ], [ 138.15238739, 36.42620169 ], [ 138.150526, 36.42654003 ], [ 138.149361530000022, 36.42656003 ], [ 138.148315720000028, 36.4273128 ], [ 138.146690440000015, 36.42805531 ], [ 138.146074060000018, 36.42854031 ], [ 138.144231, 36.4292928 ], [ 138.14306044, 36.42940392 ], [ 138.142275720000015, 36.4304042 ], [ 138.141958220000021, 36.43056086 ], [ 138.14160322, 36.43149003 ], [ 138.13985961, 36.43401586 ], [ 138.138969340000017, 36.4342228 ], [ 138.13721988, 36.43424308 ], [ 138.136298220000015, 36.43443003 ], [ 138.13447406, 36.43426836 ], [ 138.132593500000013, 36.43492475 ], [ 138.13212017, 36.43552087 ], [ 138.131061580000022, 36.4363592 ], [ 138.13082492, 36.43688475 ], [ 138.129025750000011, 36.43816253 ], [ 138.12861852, 36.43820697 ], [ 138.128099920000011, 36.43812059 ], [ 138.12702575, 36.43739586 ], [ 138.1263638, 36.4371628 ], [ 138.124271560000011, 36.43707141 ], [ 138.122347660000031, 36.4365342 ], [ 138.1216085, 36.43683086 ], [ 138.12152852, 36.43915531 ], [ 138.121761310000011, 36.44014559 ], [ 138.121530190000016, 36.44056587 ], [ 138.119903800000031, 36.44212056 ], [ 138.118790780000012, 36.44266361 ], [ 138.118303, 36.44312305 ], [ 138.11810828, 36.44374917 ], [ 138.118796620000012, 36.44483 ], [ 138.118691050000024, 36.44571972 ], [ 138.11778053, 36.44779417 ], [ 138.117952750000029, 36.44902417 ], [ 138.117600800000019, 36.4492975 ], [ 138.115836910000013, 36.44987111 ], [ 138.115756910000016, 36.45062917 ], [ 138.115370250000012, 36.45176667 ], [ 138.114021950000023, 36.453515 ], [ 138.113546110000016, 36.45435667 ], [ 138.11225056, 36.45501361 ], [ 138.111795840000013, 36.45571303 ], [ 138.11162056, 36.45672525 ], [ 138.111060270000024, 36.45709413 ], [ 138.109826670000018, 36.45708303 ], [ 138.108761970000018, 36.45782913 ], [ 138.10746475000002, 36.45795053 ], [ 138.106789750000019, 36.45866969 ], [ 138.106038910000024, 36.45919775 ], [ 138.1060692, 36.46018053 ], [ 138.106301700000017, 36.46101136 ], [ 138.105993650000016, 36.4613958 ], [ 138.105799220000023, 36.46283831 ], [ 138.106496720000024, 36.46360025 ], [ 138.106780610000015, 36.4648208 ], [ 138.10623866, 36.46608414 ], [ 138.10600341, 36.46754247 ], [ 138.10598008, 36.46865747 ], [ 138.10480148000002, 36.46868525 ], [ 138.10214231, 36.46808164 ], [ 138.10045341, 36.46860884 ], [ 138.0998362, 36.4692505 ], [ 138.09865953000002, 36.46993217 ], [ 138.0982937, 36.47039939 ], [ 138.09760064, 36.47044772 ], [ 138.096585080000011, 36.47146828 ], [ 138.095612870000025, 36.47174884 ], [ 138.094244550000013, 36.47296217 ], [ 138.093379270000014, 36.47348217 ], [ 138.09161789, 36.47390051 ], [ 138.090689270000013, 36.47309995 ], [ 138.089938170000011, 36.47315133 ], [ 138.089137890000018, 36.47294272 ], [ 138.08871234, 36.47329384 ], [ 138.087005380000022, 36.47373911 ], [ 138.085475670000022, 36.4733555 ], [ 138.08482956, 36.47390939 ], [ 138.084659, 36.47472439 ], [ 138.085932610000015, 36.47608467 ], [ 138.086172050000016, 36.47701077 ], [ 138.087042090000011, 36.47775495 ], [ 138.086570420000015, 36.47791828 ], [ 138.08411375, 36.47831633 ], [ 138.0832982, 36.47831047 ], [ 138.08206375, 36.47970269 ], [ 138.081577370000019, 36.47988269 ], [ 138.080694580000028, 36.47977908 ], [ 138.07887681, 36.48006408 ], [ 138.07869625, 36.48065408 ], [ 138.077460700000017, 36.48061936 ], [ 138.07671708, 36.48040464 ], [ 138.07580153, 36.48048464 ], [ 138.075532630000026, 36.48094131 ], [ 138.074430700000022, 36.48198575 ], [ 138.073762390000013, 36.48231103 ], [ 138.073496280000029, 36.48308964 ], [ 138.073137660000015, 36.48490408 ], [ 138.07314961, 36.48551214 ], [ 138.074198490000015, 36.48658741 ], [ 138.074806860000024, 36.48749825 ], [ 138.074966860000018, 36.48872992 ], [ 138.07453297, 36.48930711 ], [ 138.07457445, 36.49075075 ], [ 138.073787370000019, 36.49020772 ], [ 138.073122970000014, 36.49003989 ], [ 138.071393530000023, 36.49010295 ], [ 138.07066326, 36.48987767 ], [ 138.069937690000017, 36.48994684 ], [ 138.068834090000024, 36.49050851 ], [ 138.067260190000013, 36.48993267 ], [ 138.065597130000015, 36.49004211 ], [ 138.0634138, 36.49059767 ], [ 138.060614640000011, 36.49101377 ], [ 138.06016519, 36.49067017 ], [ 138.05798436, 36.49112822 ], [ 138.05688856, 36.49172156 ], [ 138.056015500000029, 36.49172628 ], [ 138.053769100000011, 36.49270514 ], [ 138.052605230000012, 36.49199708 ], [ 138.05160745, 36.49226513 ], [ 138.050542440000015, 36.49359431 ], [ 138.049103840000015, 36.4935168 ], [ 138.048147170000021, 36.49394487 ], [ 138.047706330000011, 36.49447875 ], [ 138.04647384, 36.49489264 ], [ 138.045690510000014, 36.49461236 ], [ 138.04540689000001, 36.4941032 ], [ 138.04473550000003, 36.49354431 ], [ 138.04346161, 36.49275847 ], [ 138.043432170000017, 36.49195486 ], [ 138.042590220000022, 36.49119541 ], [ 138.041367720000011, 36.49040653 ], [ 138.04107825, 36.48986875 ], [ 138.03979852, 36.48832708 ], [ 138.039119360000029, 36.48777931 ], [ 138.03631908, 36.48609764 ], [ 138.033371580000022, 36.4849082 ], [ 138.03221825, 36.48468513 ], [ 138.030686860000031, 36.48459459 ], [ 138.02970131, 36.48506041 ], [ 138.028527130000015, 36.48517597 ], [ 138.027044360000019, 36.48513431 ], [ 138.02565464, 36.48485764 ], [ 138.02466575, 36.4841268 ], [ 138.023800200000011, 36.48423541 ], [ 138.022783530000027, 36.4839682 ], [ 138.02124659, 36.48407792 ], [ 138.02032545, 36.48313736 ], [ 138.018919340000025, 36.48291903 ], [ 138.017849610000013, 36.48234431 ], [ 138.01743406, 36.48156569 ], [ 138.01519489, 36.48086708 ], [ 138.013857950000016, 36.48012792 ], [ 138.009328220000015, 36.47915597 ], [ 138.006456, 36.47922153 ], [ 138.005537660000016, 36.48009289 ], [ 138.004770730000018, 36.47971595 ], [ 138.00166017, 36.47784039 ], [ 137.99998961, 36.47628959 ], [ 137.999782630000027, 36.47579013 ], [ 137.998743750000017, 36.47513541 ], [ 137.99834847, 36.47442375 ], [ 137.997774030000016, 36.4739932 ], [ 137.996906250000023, 36.47382013 ], [ 137.995588200000014, 36.47273487 ], [ 137.995373480000012, 36.4721382 ], [ 137.993839580000014, 36.47246541 ], [ 137.99337764, 36.47180014 ], [ 137.99243014000001, 36.47140708 ], [ 137.991415140000015, 36.47047292 ], [ 137.991180970000016, 36.46983653 ], [ 137.99040678, 36.46932987 ], [ 137.98767927, 36.46824541 ], [ 137.986879, 36.46752764 ], [ 137.98548234, 36.46699014 ], [ 137.98437039, 36.46678625 ], [ 137.98343983, 36.46587792 ], [ 137.981809, 36.46492764 ], [ 137.98139261, 36.46442625 ], [ 137.980418440000022, 36.46414013 ], [ 137.980138720000014, 36.4633218 ], [ 137.980158140000015, 36.46255653 ], [ 137.978885640000016, 36.46221153 ], [ 137.978189800000024, 36.4617732 ], [ 137.977122580000014, 36.46070153 ], [ 137.976432870000025, 36.46110292 ], [ 137.97556148000001, 36.46134541 ], [ 137.97414842, 36.46126597 ], [ 137.97413536000002, 36.46180959 ], [ 137.97358234, 36.46201541 ], [ 137.97183623, 36.46207792 ], [ 137.971760640000014, 36.46132903 ], [ 137.970664250000027, 36.46118736 ], [ 137.968419830000016, 36.46135623 ], [ 137.965842890000033, 36.46285567 ], [ 137.964639560000023, 36.463294 ], [ 137.96359178, 36.46346789 ], [ 137.963935670000012, 36.46435705 ], [ 137.964644280000016, 36.46556372 ], [ 137.964950140000013, 36.46680456 ], [ 137.964670700000028, 36.46797761 ], [ 137.963281240000015, 36.46748539 ], [ 137.96280625, 36.46703123 ], [ 137.961414030000014, 36.46650317 ], [ 137.96016791, 36.46747095 ], [ 137.959354860000019, 36.46791956 ], [ 137.95882791, 36.46904928 ], [ 137.959063220000019, 36.4709162 ], [ 137.95877017, 36.47158675 ], [ 137.95753489, 36.47250841 ], [ 137.957118220000012, 36.47315231 ], [ 137.956806840000013, 36.47467341 ], [ 137.956481310000015, 36.47547064 ], [ 137.955212970000019, 36.47697869 ], [ 137.954536300000029, 36.47743786 ], [ 137.953051860000016, 36.47817369 ], [ 137.95156825, 36.47919759 ], [ 137.95099575, 36.47972033 ], [ 137.95015078, 36.48133144 ], [ 137.949319660000015, 36.48265784 ], [ 137.949597470000015, 36.48480867 ], [ 137.95028720000002, 36.48522033 ], [ 137.951373860000018, 36.48527339 ], [ 137.953221050000025, 36.48497922 ], [ 137.95574328, 36.48503505 ], [ 137.95654384, 36.48529644 ], [ 137.957538590000013, 36.48731756 ], [ 137.957632190000027, 36.48833839 ], [ 137.957029140000031, 36.49024922 ], [ 137.955773330000028, 36.49266422 ], [ 137.955243060000015, 36.49455336 ], [ 137.954329200000018, 36.49650308 ], [ 137.953102530000024, 36.49815614 ], [ 137.95236781, 36.49899392 ], [ 137.951141170000028, 36.50004808 ], [ 137.95022645, 36.50066392 ], [ 137.949841720000023, 36.50144808 ], [ 137.950290610000025, 36.50196725 ], [ 137.95156922000001, 36.5021192 ], [ 137.953419780000019, 36.50178197 ], [ 137.955179220000019, 36.50125087 ], [ 137.956094230000019, 36.50114947 ], [ 137.957258390000021, 36.50147003 ], [ 137.959046450000017, 36.50281141 ], [ 137.961068660000024, 36.50361031 ], [ 137.962632830000018, 36.5046342 ], [ 137.9639237, 36.50571531 ], [ 137.96417148, 36.50639947 ], [ 137.96382341, 36.5069578 ], [ 137.961344250000025, 36.50841864 ], [ 137.961379810000011, 36.50919225 ], [ 137.962882310000026, 36.50990808 ], [ 137.96354122, 36.51041392 ], [ 137.965930950000029, 36.51254697 ], [ 137.966573450000027, 36.51344167 ], [ 137.96716178, 36.51487667 ], [ 137.96722097, 36.51579889 ], [ 137.96667348, 36.51692 ], [ 137.96488847, 36.51841056 ], [ 137.96148628, 36.52086777 ], [ 137.959883500000018, 36.52174305 ], [ 137.9579702, 36.52329887 ], [ 137.9575163, 36.52377192 ], [ 137.95691659000002, 36.52498859 ], [ 137.956921850000015, 36.52557553 ], [ 137.957275190000018, 36.5263308 ], [ 137.957839920000026, 36.52699275 ], [ 137.95632575, 36.52718887 ], [ 137.95566241, 36.52698164 ], [ 137.95538131, 36.52645497 ], [ 137.95407742, 36.52489053 ], [ 137.9537527, 36.52410914 ], [ 137.95312353, 36.52350636 ], [ 137.95172158, 36.52378192 ], [ 137.949733800000018, 36.52397831 ], [ 137.94905047, 36.52302275 ], [ 137.947576860000026, 36.52262275 ], [ 137.94648239, 36.5215458 ], [ 137.945192390000017, 36.52144331 ], [ 137.944392670000013, 36.52116053 ], [ 137.943956830000019, 36.52012359 ], [ 137.94359294, 36.51969441 ], [ 137.94095128, 36.51903859 ], [ 137.940631280000019, 36.51875108 ], [ 137.939914860000016, 36.5167458 ], [ 137.93919681, 36.5167258 ], [ 137.93802739, 36.51740303 ], [ 137.93609433, 36.51805887 ], [ 137.935652940000011, 36.51856692 ], [ 137.9343935, 36.51792831 ], [ 137.93346211, 36.5180108 ], [ 137.93299183000002, 36.51891164 ], [ 137.931887660000029, 36.51953941 ], [ 137.93084961, 36.51968136 ], [ 137.92999131, 36.52179995 ], [ 137.930382970000011, 36.52263633 ], [ 137.931174090000013, 36.523483 ], [ 137.93123745, 36.52456689 ], [ 137.930515500000013, 36.52468439 ], [ 137.929342440000028, 36.52522328 ], [ 137.927209660000017, 36.52535689 ], [ 137.92617689, 36.52634828 ], [ 137.92591966, 36.52695133 ], [ 137.926273870000017, 36.52807633 ], [ 137.92658886000001, 36.52960995 ], [ 137.925910250000015, 36.53015939 ], [ 137.925867760000017, 36.53117439 ], [ 137.925324140000015, 36.53111522 ], [ 137.924607470000012, 36.5306505 ], [ 137.923991090000015, 36.530548 ], [ 137.92332163, 36.5311688 ], [ 137.924189440000021, 36.53297269 ], [ 137.925352780000026, 36.53508325 ], [ 137.925362800000016, 36.53656547 ], [ 137.92518336, 36.53703797 ], [ 137.92431141000003, 36.53660464 ], [ 137.923395310000018, 36.53687659 ], [ 137.92197475, 36.53625492 ], [ 137.921295860000015, 36.53632547 ], [ 137.920922530000013, 36.53716659 ], [ 137.920898640000019, 36.53799713 ], [ 137.91988086, 36.53747769 ], [ 137.919342530000023, 36.5369502 ], [ 137.91934224, 36.5379252 ], [ 137.91901725, 36.53825436 ], [ 137.919710340000023, 36.53939103 ], [ 137.919467560000015, 36.5396352 ], [ 137.919692, 36.54055825 ], [ 137.918755620000013, 36.54085353 ], [ 137.917927, 36.53998325 ], [ 137.91712562, 36.54006908 ], [ 137.917611720000025, 36.54045187 ], [ 137.91813506, 36.54124547 ], [ 137.918348110000011, 36.54191769 ], [ 137.919153380000012, 36.54303353 ], [ 137.91742258, 36.54422489 ], [ 137.91736425000002, 36.54529377 ], [ 137.917044250000032, 36.54627544 ], [ 137.917073450000032, 36.547291 ], [ 137.91772789, 36.54833544 ], [ 137.91759678, 36.549641 ], [ 137.919085140000021, 36.5513235 ], [ 137.919055690000022, 36.552541 ], [ 137.919356250000021, 36.55349684 ], [ 137.91997183, 36.55463211 ], [ 137.92142601, 36.55595295 ], [ 137.922914060000011, 36.55662128 ], [ 137.924154890000011, 36.55664489 ], [ 137.92449905, 36.55752517 ], [ 137.925521280000027, 36.558496 ], [ 137.92656406, 36.55873184 ], [ 137.926001830000018, 36.55918739 ], [ 137.925788250000011, 36.55979684 ], [ 137.925599080000012, 36.56133628 ], [ 137.92577384, 36.56454433 ], [ 137.926093840000021, 36.5651735 ], [ 137.927130510000012, 36.56603156 ], [ 137.928012170000017, 36.56545544 ], [ 137.92908467, 36.56553405 ], [ 137.92906022, 36.56677295 ], [ 137.929588560000013, 36.56744156 ], [ 137.93084384, 36.56793239 ], [ 137.93135331000002, 36.56854211 ], [ 137.931784420000014, 36.56963044 ], [ 137.931764970000017, 36.57185097 ], [ 137.932608030000011, 36.5723582 ], [ 137.93356302, 36.57244069 ], [ 137.93427053, 36.57286931 ], [ 137.935540800000012, 36.57288822 ], [ 137.93533306, 36.57354903 ], [ 137.93477027000003, 36.57362375 ], [ 137.93446917, 36.57399653 ], [ 137.934381950000017, 36.57480736 ], [ 137.93372389000001, 36.57543513 ], [ 137.932472500000017, 36.57620959 ], [ 137.93256944, 36.57657097 ], [ 137.934106140000011, 36.57826125 ], [ 137.9357492, 36.57939292 ], [ 137.93628752, 36.58099625 ], [ 137.936370050000022, 36.58180625 ], [ 137.935885010000021, 36.58225933 ], [ 137.935633110000026, 36.58375208 ], [ 137.936214230000019, 36.58399487 ], [ 137.93832616, 36.5856068 ], [ 137.939350640000015, 36.58680875 ], [ 137.939573700000011, 36.58730013 ], [ 137.93940953, 36.58886597 ], [ 137.93908148, 36.58934708 ], [ 137.938669250000032, 36.59051014 ], [ 137.93881234, 36.5914418 ], [ 137.939110950000014, 36.59198764 ], [ 137.940120390000033, 36.59299097 ], [ 137.941217610000024, 36.59385041 ], [ 137.94176872, 36.59478208 ], [ 137.939047890000012, 36.5948332 ], [ 137.938665140000012, 36.59503097 ], [ 137.937588760000011, 36.59605792 ], [ 137.93529292, 36.59692764 ], [ 137.93383348, 36.59699595 ], [ 137.931869880000022, 36.59783844 ], [ 137.929115450000012, 36.5988515 ], [ 137.92752601, 36.6000015 ], [ 137.926991860000015, 36.60105539 ], [ 137.92739131, 36.60200761 ], [ 137.92721047, 36.60296595 ], [ 137.926482970000023, 36.60386011 ], [ 137.927059110000016, 36.60523817 ], [ 137.928068270000011, 36.60648705 ], [ 137.927700510000022, 36.60726011 ], [ 137.92682577, 36.60789789 ], [ 137.92684134000001, 36.60837984 ], [ 137.926345520000012, 36.609159 ], [ 137.925126080000013, 36.61006344 ], [ 137.924361630000021, 36.60999428 ], [ 137.923221630000029, 36.61081175 ], [ 137.92261192, 36.61177536 ], [ 137.921768340000028, 36.61209036 ], [ 137.920293330000021, 36.61337703 ], [ 137.919279440000025, 36.61344841 ], [ 137.919538340000031, 36.61392008 ], [ 137.92049222, 36.61475564 ], [ 137.92073861, 36.61517092 ], [ 137.91876141000003, 36.61631897 ], [ 137.918186420000012, 36.61710841 ], [ 137.91704003000001, 36.61791813 ], [ 137.91637975, 36.6181998 ], [ 137.914661170000016, 36.61844341 ], [ 137.91439922, 36.61864564 ], [ 137.914879220000017, 36.61959147 ], [ 137.914860340000018, 36.62090369 ], [ 137.91408949, 36.62112397 ], [ 137.913704250000023, 36.62274369 ], [ 137.913659810000013, 36.62392259 ], [ 137.9150337, 36.62467341 ], [ 137.91547287, 36.62526287 ], [ 137.91555202, 36.62640592 ], [ 137.91677119000002, 36.62791814 ], [ 137.91671428, 36.62908925 ], [ 137.916928720000016, 36.63052175 ], [ 137.917453170000016, 36.63088064 ], [ 137.917608170000022, 36.63191369 ], [ 137.918782920000012, 36.63456092 ], [ 137.919282090000024, 36.63493008 ], [ 137.920507640000011, 36.63543731 ], [ 137.920542360000013, 36.63630369 ], [ 137.919165140000018, 36.63718786 ], [ 137.91853014, 36.63817425 ], [ 137.917345690000019, 36.63873064 ], [ 137.91711822000002, 36.63928925 ], [ 137.915289340000015, 36.63985536 ], [ 137.91481545000002, 36.64022703 ], [ 137.91386795, 36.64028092 ], [ 137.913321280000019, 36.64125203 ], [ 137.912446280000012, 36.64192089 ], [ 137.912714890000018, 36.64245423 ], [ 137.91190297, 36.64309228 ], [ 137.911634640000017, 36.64374561 ], [ 137.911726030000011, 36.64474005 ], [ 137.911564920000018, 36.64559367 ], [ 137.910140220000017, 36.64732089 ], [ 137.909451610000019, 36.64863533 ], [ 137.909440780000011, 36.64901811 ], [ 137.909457440000011, 36.65077895 ], [ 137.90857134, 36.65195533 ], [ 137.908217760000014, 36.65330561 ], [ 137.90846553, 36.65396395 ], [ 137.90753859, 36.65451505 ], [ 137.907192190000018, 36.65538589 ], [ 137.906465250000025, 36.65611617 ], [ 137.906448300000022, 36.65655395 ], [ 137.907049420000021, 36.65728144 ], [ 137.90703584000002, 36.65773895 ], [ 137.90600333, 36.65840589 ], [ 137.905972780000013, 36.65907005 ], [ 137.905252780000012, 36.66021867 ], [ 137.90549722, 36.66076978 ], [ 137.906196670000014, 36.66094089 ], [ 137.906308880000012, 36.661602 ], [ 137.9076775, 36.66159672 ], [ 137.908244450000012, 36.66180895 ], [ 137.909399440000016, 36.66156644 ], [ 137.910105840000028, 36.66157728 ], [ 137.91051306, 36.66245644 ], [ 137.912638910000027, 36.66833644 ], [ 137.916666470000024, 36.67905339 ], [ 137.91702064, 36.68010311 ], [ 137.91744953, 36.68192395 ], [ 137.916249810000011, 36.68342784 ], [ 137.915129, 36.68457784 ], [ 137.915403990000016, 36.68582339 ], [ 137.91588733, 36.68653172 ], [ 137.915899560000014, 36.68738589 ], [ 137.916137060000011, 36.68792756 ], [ 137.916045380000014, 36.68914811 ], [ 137.91540791, 36.68997311 ], [ 137.915145420000016, 36.69094784 ], [ 137.913987080000027, 36.69168117 ], [ 137.91421625000001, 36.69299339 ], [ 137.91460791, 36.69376839 ], [ 137.91499514, 36.69386005 ], [ 137.91665348, 36.69357672 ], [ 137.917740700000024, 36.69411841 ], [ 137.91862791, 36.69428925 ], [ 137.91901542, 36.69581397 ], [ 137.91888211, 36.69644731 ], [ 137.92020267, 36.69705564 ], [ 137.92018601, 36.69795953 ], [ 137.920898220000026, 36.69866786 ], [ 137.92187711, 36.69899286 ], [ 137.92275211, 36.69965953 ], [ 137.923793500000016, 36.69963036 ], [ 137.923264330000023, 36.70070925 ], [ 137.924047660000014, 36.70113425 ], [ 137.92445158000001, 36.70210508 ], [ 137.92445575, 36.70294647 ], [ 137.92480575, 36.70345897 ], [ 137.92461409, 36.70460897 ], [ 137.925459640000014, 36.70561286 ], [ 137.92568881, 36.70676259 ], [ 137.92639713, 36.70733341 ], [ 137.926501340000016, 36.70820008 ], [ 137.927134380000012, 36.7091248 ], [ 137.927363550000024, 36.71046231 ], [ 137.928230220000017, 36.71077897 ], [ 137.92873438, 36.71196203 ], [ 137.929517440000012, 36.71260369 ], [ 137.92873830000002, 36.71342453 ], [ 137.928041800000017, 36.71442072 ], [ 137.930466450000011, 36.71788428 ], [ 137.930452480000014, 36.71912111 ], [ 137.929577780000017, 36.72020286 ], [ 137.928282700000011, 36.72038767 ], [ 137.927632970000019, 36.72138239 ], [ 137.92758156, 36.72231575 ], [ 137.92717389, 36.72320313 ], [ 137.928129080000019, 36.72410097 ], [ 137.92889416, 36.72448097 ], [ 137.92976927, 36.72435986 ], [ 137.930740440000022, 36.72444728 ], [ 137.932266130000016, 36.72438705 ], [ 137.93375031, 36.72540261 ], [ 137.935282, 36.72804984 ], [ 137.93595034, 36.72861872 ], [ 137.937161170000024, 36.73092289 ], [ 137.937161170000024, 36.73144372 ], [ 137.93857148, 36.73266761 ], [ 137.93934397000001, 36.73381761 ], [ 137.93998202, 36.73398261 ], [ 137.94106258, 36.73462514 ], [ 137.94143148, 36.73506347 ], [ 137.941540120000013, 36.73607431 ], [ 137.94302844, 36.73708569 ], [ 137.943436500000018, 36.73751097 ], [ 137.943805380000015, 36.73862597 ], [ 137.944912090000031, 36.74037959 ], [ 137.944868469999989, 36.74139069 ], [ 137.945953480000014, 36.74248875 ], [ 137.9461618, 36.74294875 ], [ 137.946964580000014, 36.74363903 ], [ 137.948262390000025, 36.74369097 ], [ 137.949156, 36.74476708 ], [ 137.94948156, 36.74565236 ], [ 137.951178490000018, 36.74614711 ], [ 137.951508500000017, 36.74666823 ], [ 137.952206860000018, 36.74716711 ], [ 137.953313800000018, 36.74848211 ], [ 137.953669360000021, 36.74968851 ], [ 137.953331030000015, 36.75064767 ], [ 137.953556890000016, 36.75217544 ], [ 137.95330078, 36.75278711 ], [ 137.952621890000017, 36.75329767 ], [ 137.952331050000026, 36.75384684 ], [ 137.95288883, 36.75548267 ], [ 137.95387803, 36.75612072 ], [ 137.9548072, 36.75741405 ], [ 137.955414420000011, 36.75789572 ], [ 137.956968030000013, 36.75874628 ], [ 137.95702861, 36.75942351 ], [ 137.957358340000013, 36.76012184 ], [ 137.957198050000017, 36.76160211 ], [ 137.957775280000021, 36.762791 ], [ 137.95839586, 36.76296017 ], [ 137.96053086, 36.76301686 ], [ 137.96101253, 36.76316464 ], [ 137.96133336, 36.76414964 ], [ 137.962401170000021, 36.76594214 ], [ 137.96252672, 36.76657131 ], [ 137.963442550000025, 36.76835936 ], [ 137.96447978, 36.76962214 ], [ 137.964700890000017, 36.77041656 ], [ 137.96599839000001, 36.77000851 ], [ 137.966606160000026, 36.76960044 ], [ 137.96704005, 36.76973933 ], [ 137.967925330000014, 36.77103295 ], [ 137.96795425000002, 36.77162267 ], [ 137.967521750000031, 36.77336739 ], [ 137.96801202, 36.77430905 ], [ 137.96764314, 36.77492572 ], [ 137.968051190000011, 36.77548517 ], [ 137.96822036, 36.77830156 ], [ 137.967755910000022, 36.7791132 ], [ 137.96758674000003, 36.78024569 ], [ 137.967677890000033, 36.78104013 ], [ 137.968702050000019, 36.78285847 ], [ 137.969825940000021, 36.78377375 ], [ 137.970728720000011, 36.78391264 ], [ 137.97291567000002, 36.78462903 ], [ 137.974651500000022, 36.78547959 ], [ 137.975472090000011, 36.78645625 ], [ 137.97575681, 36.78721431 ], [ 137.975874030000028, 36.79008289 ], [ 137.97575681, 36.79075567 ], [ 137.976360410000012, 36.79236123 ], [ 137.976351530000017, 36.79325539 ], [ 137.97655988, 36.79414956 ], [ 137.976985160000027, 36.79510011 ], [ 137.977662110000011, 36.796124 ], [ 137.978456280000017, 36.79794287 ], [ 137.979072670000022, 36.79855036 ], [ 137.98004047, 36.79999092 ], [ 137.980730470000026, 36.80167064 ], [ 137.98167659, 36.80218286 ], [ 137.98219297, 36.80279036 ], [ 137.98312798, 36.80322203 ], [ 137.984154940000025, 36.80476092 ], [ 137.984593280000013, 36.806232 ], [ 137.985196060000021, 36.80736061 ], [ 137.98639411000002, 36.80801561 ], [ 137.98760525, 36.80943922 ], [ 137.98798776000001, 36.8102795 ], [ 137.98918469000003, 36.81151784 ], [ 137.99144608, 36.81235228 ], [ 137.99265222, 36.81332311 ], [ 137.99387944, 36.81485197 ], [ 137.995968050000016, 36.8159228 ], [ 137.996898640000012, 36.81678197 ], [ 137.997473090000028, 36.81825975 ], [ 137.998198370000011, 36.81958587 ], [ 137.999176980000016, 36.82017725 ], [ 138.000146450000017, 36.82102225 ], [ 138.001076720000015, 36.82208253 ], [ 138.001728390000011, 36.82311947 ], [ 138.00221839, 36.82443833 ], [ 138.00214895000002, 36.82531222 ], [ 138.003289530000018, 36.82647056 ], [ 138.00346148, 36.82641361 ], [ 138.005721750000021, 36.82546944 ], [ 138.00721815, 36.82504389 ], [ 138.00780953, 36.82419917 ], [ 138.008632580000011, 36.82265805 ], [ 138.01043564, 36.82337333 ], [ 138.01104036000001, 36.82343 ], [ 138.012153970000014, 36.82274528 ], [ 138.013063970000019, 36.82149028 ], [ 138.013836740000016, 36.82107805 ], [ 138.014454250000028, 36.82099472 ], [ 138.015149800000017, 36.82058639 ], [ 138.016077860000024, 36.8193525 ], [ 138.017040080000015, 36.81882639 ], [ 138.018750360000013, 36.81890805 ], [ 138.019951190000029, 36.81937751 ], [ 138.02119647, 36.81955972 ], [ 138.021901190000023, 36.81945 ], [ 138.022420080000018, 36.81866251 ], [ 138.0231937, 36.81787 ], [ 138.02348508, 36.81730584 ], [ 138.02427064, 36.81682611 ], [ 138.025592870000025, 36.81654223 ], [ 138.026621190000014, 36.81660277 ], [ 138.028878690000028, 36.81711389 ], [ 138.029797590000015, 36.81649722 ], [ 138.03121536, 36.81523889 ], [ 138.03071148, 36.814815 ], [ 138.03031759000001, 36.81409667 ], [ 138.03047645, 36.81333584 ], [ 138.03362589, 36.81083528 ], [ 138.03373672, 36.81023805 ], [ 138.033592560000017, 36.80929917 ], [ 138.033797280000016, 36.80883333 ], [ 138.0354428, 36.80824805 ], [ 138.03776839, 36.80792639 ], [ 138.03875672, 36.80770639 ], [ 138.041292560000016, 36.80766111 ], [ 138.042701720000025, 36.80803972 ], [ 138.04346783, 36.80887 ], [ 138.044957830000016, 36.80978417 ], [ 138.04535562, 36.80980305 ], [ 138.047062, 36.80936667 ], [ 138.048110900000012, 36.80934387 ], [ 138.051845620000023, 36.80746 ], [ 138.052345620000011, 36.80653611 ], [ 138.051982, 36.80552277 ], [ 138.051928910000015, 36.80447417 ], [ 138.051603090000015, 36.80358444 ], [ 138.05175083, 36.80150278 ], [ 138.05219416, 36.80053917 ], [ 138.052224450000011, 36.79995972 ], [ 138.054379440000019, 36.80013028 ], [ 138.05691611, 36.80080805 ], [ 138.05780642000002, 36.80132667 ], [ 138.058809470000028, 36.80237 ], [ 138.060252240000011, 36.80316139 ], [ 138.062008080000027, 36.80374944 ], [ 138.062966140000015, 36.80374553 ], [ 138.06481672000001, 36.80442775 ], [ 138.066401720000016, 36.80434108 ], [ 138.067458390000013, 36.8036372 ], [ 138.068168110000016, 36.80383747 ], [ 138.06991949, 36.8050272 ], [ 138.07048394, 36.80513692 ], [ 138.071273390000016, 36.80585469 ], [ 138.071159780000016, 36.80686887 ], [ 138.07178148, 36.8080258 ], [ 138.072576740000017, 36.8086658 ], [ 138.07377564, 36.80899359 ], [ 138.07465425, 36.80955775 ], [ 138.07523455, 36.81049859 ], [ 138.07528012, 36.8110208 ], [ 138.07493122, 36.81193133 ], [ 138.074234280000013, 36.81249495 ], [ 138.07390428, 36.81362828 ], [ 138.073442090000015, 36.81393495 ], [ 138.07389236, 36.81455078 ], [ 138.07339986, 36.81512217 ], [ 138.07338791, 36.81610495 ], [ 138.073016810000013, 36.81684689 ], [ 138.07362655, 36.81720661 ], [ 138.073626830000023, 36.81793189 ], [ 138.07448294, 36.81771633 ], [ 138.074901, 36.81939939 ], [ 138.07557881, 36.82059939 ], [ 138.07752353, 36.8223202 ], [ 138.077561850000023, 36.82280325 ], [ 138.078183280000019, 36.82356797 ], [ 138.078389110000018, 36.8245552 ], [ 138.079453840000014, 36.82615436 ], [ 138.07947275, 36.82696825 ], [ 138.080757760000012, 36.82790936 ], [ 138.08091302, 36.82875713 ], [ 138.08136803, 36.82924769 ], [ 138.081447780000019, 36.82992156 ], [ 138.08243250000001, 36.830406 ], [ 138.082972220000016, 36.83103295 ], [ 138.08506416, 36.83239433 ], [ 138.08531419000002, 36.83293905 ], [ 138.085844470000012, 36.83317017 ], [ 138.085943360000016, 36.83413795 ], [ 138.086833360000014, 36.83457711 ], [ 138.08798669, 36.83460128 ], [ 138.08855503, 36.83532822 ], [ 138.089164770000025, 36.83573322 ], [ 138.09039562000001, 36.83583544 ], [ 138.090608950000018, 36.83639489 ], [ 138.0910345, 36.83648544 ], [ 138.0918345, 36.83620295 ], [ 138.09227339, 36.83639489 ], [ 138.091952, 36.83698989 ], [ 138.09220144, 36.83718517 ], [ 138.09206839, 36.83809208 ], [ 138.0923573, 36.83859987 ], [ 138.0929937, 36.83885514 ], [ 138.093338970000019, 36.84019987 ], [ 138.09483036, 36.84069208 ], [ 138.095932020000021, 36.84064013 ], [ 138.096502610000016, 36.8413082 ], [ 138.09658844, 36.84190375 ], [ 138.09712095, 36.8418518 ], [ 138.09782983, 36.84276375 ], [ 138.09873234, 36.84261013 ], [ 138.09928733000001, 36.84350847 ], [ 138.102252610000022, 36.84311153 ], [ 138.10367428, 36.84336431 ], [ 138.104491500000023, 36.84378875 ], [ 138.106346230000014, 36.84378403 ], [ 138.106901530000016, 36.84415875 ], [ 138.10740236, 36.84528736 ], [ 138.108751800000022, 36.84595986 ], [ 138.109132360000018, 36.84636736 ], [ 138.109844030000033, 36.8465332 ], [ 138.11060236, 36.84697067 ], [ 138.11130211, 36.84780122 ], [ 138.111383220000022, 36.84818067 ], [ 138.112394060000014, 36.849494 ], [ 138.114212940000016, 36.84992761 ], [ 138.115052670000011, 36.85039233 ], [ 138.117233770000013, 36.84967595 ], [ 138.118130730000019, 36.84869541 ], [ 138.118591, 36.84855097 ], [ 138.122230730000012, 36.84902847 ], [ 138.12300153000001, 36.84866597 ], [ 138.123589030000034, 36.84809541 ], [ 138.12417625, 36.84792459 ], [ 138.12532625, 36.84806208 ], [ 138.12749263, 36.84884569 ], [ 138.1285718, 36.84887072 ], [ 138.129217370000021, 36.84907072 ], [ 138.12961737, 36.84973323 ], [ 138.13059236, 36.85036656 ], [ 138.13183791, 36.85067072 ], [ 138.13267542, 36.85042461 ], [ 138.133079580000015, 36.84987933 ], [ 138.134858440000016, 36.84894211 ], [ 138.135316780000011, 36.84882128 ], [ 138.136529, 36.84889628 ], [ 138.138666500000028, 36.84842547 ], [ 138.13967453, 36.84752575 ], [ 138.140482870000028, 36.84719241 ], [ 138.141507860000019, 36.84717159 ], [ 138.14263258, 36.84789241 ], [ 138.14492397, 36.84878828 ], [ 138.14720953, 36.84937995 ], [ 138.147744530000011, 36.84922161 ], [ 138.14825703, 36.84857578 ], [ 138.15026949, 36.84646772 ], [ 138.150811170000026, 36.84624275 ], [ 138.15267336, 36.84610108 ], [ 138.153965030000023, 36.84559275 ], [ 138.155985580000021, 36.84508887 ], [ 138.158572780000014, 36.84485972 ], [ 138.15972278000001, 36.84459305 ], [ 138.161285280000016, 36.84463889 ], [ 138.16281834000003, 36.84429722 ], [ 138.164397470000011, 36.84453059 ], [ 138.165701360000014, 36.84448892 ], [ 138.167051360000016, 36.84500141 ], [ 138.16901776, 36.84507253 ], [ 138.17051358, 36.84644725 ], [ 138.17219248, 36.84741395 ], [ 138.1733883, 36.84742228 ], [ 138.173934140000028, 36.84710561 ], [ 138.17502966, 36.84726811 ], [ 138.176071340000021, 36.84769728 ], [ 138.176646330000011, 36.84842228 ], [ 138.17658803, 36.849547 ], [ 138.176733860000013, 36.85114284 ], [ 138.17706691, 36.85161784 ], [ 138.177825250000012, 36.85180533 ], [ 138.180046080000011, 36.85124703 ], [ 138.18056248000002, 36.85138453 ], [ 138.18200411, 36.85138036 ], [ 138.18295828, 36.85217203 ], [ 138.184303840000013, 36.85278453 ], [ 138.187661890000015, 36.85290122 ], [ 138.18908380000002, 36.85248456 ], [ 138.19084075, 36.85378456 ], [ 138.19291131, 36.85393875 ], [ 138.194919360000029, 36.85363903 ], [ 138.19559436000003, 36.85367236 ], [ 138.19642769, 36.85418069 ], [ 138.1970527, 36.85480541 ], [ 138.197833530000025, 36.85501569 ], [ 138.199012940000017, 36.85505736 ], [ 138.199854330000022, 36.85526986 ], [ 138.20083545, 36.85579711 ], [ 138.20192294, 36.85664711 ], [ 138.203385450000013, 36.85713878 ], [ 138.204531, 36.85825544 ], [ 138.20573934, 36.85911795 ], [ 138.20635575, 36.86046767 ], [ 138.20613075, 36.86211323 ], [ 138.20640769, 36.86298823 ], [ 138.20775158, 36.86452128 ], [ 138.20954713, 36.86610877 ], [ 138.21038464, 36.86712961 ], [ 138.210990470000013, 36.86861044 ], [ 138.21230936, 36.869246 ], [ 138.213788280000017, 36.87114987 ], [ 138.213892440000023, 36.87093736 ], [ 138.213034360000023, 36.868296 ], [ 138.214529920000018, 36.86752128 ], [ 138.21690073000002, 36.86651711 ], [ 138.21765905, 36.86636711 ], [ 138.218096280000026, 36.86652544 ], [ 138.21962961, 36.86584656 ], [ 138.220821280000024, 36.86578405 ], [ 138.223037660000017, 36.86515905 ], [ 138.224296010000018, 36.86500933 ], [ 138.22614156, 36.86522184 ], [ 138.227370700000023, 36.86458851 ], [ 138.228133190000023, 36.86472184 ], [ 138.22937042, 36.864176 ], [ 138.23296597, 36.86399295 ], [ 138.234065969999989, 36.86378878 ], [ 138.23492431, 36.86394711 ], [ 138.235007640000021, 36.86371795 ], [ 138.237163720000012, 36.86395128 ], [ 138.237359560000016, 36.86413459 ], [ 138.238307060000011, 36.86367208 ], [ 138.240565380000021, 36.86394736 ], [ 138.242373450000031, 36.86402653 ], [ 138.24354012, 36.86425987 ], [ 138.244848170000012, 36.86476375 ], [ 138.24598567000001, 36.86465569 ], [ 138.249313990000019, 36.86533431 ], [ 138.249825940000022, 36.86571597 ], [ 138.250172890000016, 36.86634959 ], [ 138.251331780000015, 36.86759097 ], [ 138.253072050000014, 36.86876264 ], [ 138.253570950000011, 36.86982597 ], [ 138.25387484, 36.86999514 ], [ 138.254877610000023, 36.8699432 ], [ 138.255871220000017, 36.86917486 ], [ 138.25712980000003, 36.86862403 ], [ 138.2574337, 36.86825513 ], [ 138.257745910000011, 36.86712236 ], [ 138.258023970000011, 36.86398041 ], [ 138.25822815, 36.86351153 ], [ 138.259013410000023, 36.86317736 ], [ 138.26032394, 36.86299959 ], [ 138.261192, 36.86273069 ], [ 138.262298660000027, 36.8619018 ], [ 138.262750050000022, 36.86179764 ], [ 138.264199220000023, 36.86188431 ], [ 138.26555339, 36.86164153 ], [ 138.267397830000021, 36.86076041 ], [ 138.268356690000019, 36.86045708 ], [ 138.268326420000022, 36.85916792 ], [ 138.268456690000022, 36.85871653 ], [ 138.269788910000017, 36.85686347 ], [ 138.271398910000016, 36.85579597 ], [ 138.271724450000022, 36.85504513 ], [ 138.271555010000014, 36.85299236 ], [ 138.27131667, 36.85223736 ], [ 138.271, 36.84944264 ], [ 138.27067445, 36.84877014 ], [ 138.270379170000012, 36.84758514 ], [ 138.27053109, 36.84424378 ], [ 138.270904140000027, 36.84345795 ], [ 138.271472750000015, 36.84291128 ], [ 138.27308747, 36.84186961 ], [ 138.27444581, 36.84127517 ], [ 138.274901630000016, 36.84085433 ], [ 138.27472803, 36.839726 ], [ 138.274259100000023, 36.83795544 ], [ 138.274458560000028, 36.83730877 ], [ 138.275736610000024, 36.83673433 ], [ 138.27594910000002, 36.83640156 ], [ 138.276226330000014, 36.83511544 ], [ 138.276944110000017, 36.83405711 ], [ 138.27704105, 36.83315211 ], [ 138.2761327, 36.82880239 ], [ 138.27618798, 36.82827961 ], [ 138.2775727, 36.82754072 ], [ 138.278639920000018, 36.82729822 ], [ 138.2789727, 36.82691405 ], [ 138.279060470000019, 36.82545517 ], [ 138.27930659, 36.82407433 ], [ 138.279711850000012, 36.82328851 ], [ 138.281477780000017, 36.82106617 ], [ 138.28198973, 36.82063795 ], [ 138.281475840000013, 36.82015814 ], [ 138.280690830000026, 36.82001292 ], [ 138.279961110000016, 36.81957505 ], [ 138.27950722, 36.81982041 ], [ 138.279555840000029, 36.8188172 ], [ 138.28043722000001, 36.81768317 ], [ 138.281104160000012, 36.81740078 ], [ 138.281003890000022, 36.81667995 ], [ 138.28134416, 36.81602208 ], [ 138.281885010000025, 36.81637144 ], [ 138.28253, 36.81627405 ], [ 138.282935010000017, 36.81588089 ], [ 138.28163805, 36.81543375 ], [ 138.280352500000021, 36.81546156 ], [ 138.279334450000022, 36.81457953 ], [ 138.278414450000014, 36.81470525 ], [ 138.27787555, 36.81512225 ], [ 138.277527500000019, 36.81502869 ], [ 138.27652667000001, 36.81405236 ], [ 138.27567056, 36.81374647 ], [ 138.27548667, 36.81328989 ], [ 138.276247780000034, 36.81275764 ], [ 138.27479888000002, 36.81188611 ], [ 138.274401110000014, 36.81207608 ], [ 138.27422805, 36.811313 ], [ 138.2749575, 36.81129789 ], [ 138.27416667, 36.81057164 ], [ 138.274410830000022, 36.81009564 ], [ 138.273960270000032, 36.80958923 ], [ 138.274221950000026, 36.80906353 ], [ 138.27501472, 36.80892205 ], [ 138.27473501, 36.80831244 ], [ 138.275066110000012, 36.80809844 ], [ 138.27630973, 36.80788375 ], [ 138.277530830000018, 36.80729277 ], [ 138.27848445, 36.80773 ], [ 138.279341530000011, 36.80721405 ], [ 138.2797018, 36.80630378 ], [ 138.280517370000013, 36.80543877 ], [ 138.28077737000001, 36.80472905 ], [ 138.27962542, 36.80333877 ], [ 138.280558470000017, 36.80220711 ], [ 138.28057236, 36.8017435 ], [ 138.27979567, 36.80060877 ], [ 138.27922372, 36.80031961 ], [ 138.279099, 36.79930323 ], [ 138.27917095, 36.79767684 ], [ 138.279406780000016, 36.79677711 ], [ 138.281224550000019, 36.79601989 ], [ 138.282460120000025, 36.79497961 ], [ 138.28303538000003, 36.79416017 ], [ 138.28264372000001, 36.79384517 ], [ 138.2799765, 36.79239547 ], [ 138.279706230000016, 36.79189103 ], [ 138.279858420000011, 36.79006408 ], [ 138.28134953, 36.79048075 ], [ 138.282849810000016, 36.79039072 ], [ 138.284374250000013, 36.78984961 ], [ 138.285009800000012, 36.78980961 ], [ 138.286239810000012, 36.7894085 ], [ 138.28774564, 36.78970711 ], [ 138.289150920000026, 36.78946017 ], [ 138.28992703, 36.78959184 ], [ 138.29066674, 36.78872017 ], [ 138.291605910000015, 36.78878239 ], [ 138.292097860000013, 36.78925323 ], [ 138.29296258, 36.78934128 ], [ 138.293714530000017, 36.79021017 ], [ 138.295618420000011, 36.78953405 ], [ 138.298219530000011, 36.78836544 ], [ 138.299604250000016, 36.78795628 ], [ 138.30122674, 36.78639795 ], [ 138.30071397, 36.78591323 ], [ 138.300562870000022, 36.78514267 ], [ 138.30099564, 36.78461989 ], [ 138.30101647, 36.78401489 ], [ 138.30271231, 36.78221351 ], [ 138.30296508, 36.78157461 ], [ 138.301172870000016, 36.78040156 ], [ 138.30103786, 36.77934714 ], [ 138.30154008, 36.77852992 ], [ 138.302181170000011, 36.77551464 ], [ 138.30193839, 36.77496741 ], [ 138.30007283, 36.7735338 ], [ 138.299882, 36.77314964 ], [ 138.30004506, 36.77252992 ], [ 138.29994144, 36.77174159 ], [ 138.300603110000026, 36.77110103 ], [ 138.30120034, 36.77002464 ], [ 138.300773390000018, 36.76827408 ], [ 138.301914770000025, 36.76667325 ], [ 138.302608640000017, 36.76508159 ], [ 138.303833090000012, 36.7645088 ], [ 138.304255860000012, 36.76407936 ], [ 138.30336781, 36.7624852 ], [ 138.302975010000011, 36.76145436 ], [ 138.30044, 36.76063159 ], [ 138.30018694, 36.75988714 ], [ 138.30078805, 36.75866603 ], [ 138.30056608000001, 36.75711297 ], [ 138.30066553, 36.7567052 ], [ 138.299989690000018, 36.75594353 ], [ 138.2987783, 36.75503103 ], [ 138.29801942, 36.75471241 ], [ 138.29692803, 36.75478797 ], [ 138.295859660000019, 36.75450769 ], [ 138.29496189, 36.7546738 ], [ 138.294413, 36.75437464 ], [ 138.293938560000015, 36.75307797 ], [ 138.29415966000002, 36.75279103 ], [ 138.295402440000032, 36.75200686 ], [ 138.29703856, 36.75138964 ], [ 138.297729100000026, 36.75071103 ], [ 138.297796590000019, 36.75028659 ], [ 138.29659214, 36.74935964 ], [ 138.296145470000027, 36.74865547 ], [ 138.294294330000014, 36.74665659 ], [ 138.29410601, 36.74587269 ], [ 138.294556280000023, 36.74482631 ], [ 138.29542156, 36.74428492 ], [ 138.29641017000003, 36.74402992 ], [ 138.297387110000017, 36.74410853 ], [ 138.29843489000001, 36.74490659 ], [ 138.30291655, 36.74565825 ], [ 138.30488766000002, 36.74583659 ], [ 138.305636, 36.74557797 ], [ 138.306849340000014, 36.74464631 ], [ 138.309247950000014, 36.7434702 ], [ 138.31069267, 36.74328075 ], [ 138.31152294, 36.7427602 ], [ 138.310924030000024, 36.74248436 ], [ 138.30978375, 36.74156964 ], [ 138.30898514, 36.74064797 ], [ 138.30839097, 36.73908631 ], [ 138.308378690000012, 36.73154103 ], [ 138.308330580000018, 36.72569075 ], [ 138.308391140000026, 36.72380964 ], [ 138.30956197, 36.7232952 ], [ 138.31019501, 36.72241575 ], [ 138.310391110000012, 36.72170575 ], [ 138.310970270000013, 36.72089436 ], [ 138.31126361, 36.72069269 ], [ 138.31280501, 36.72077408 ], [ 138.312841670000012, 36.72188741 ], [ 138.31396558, 36.72190241 ], [ 138.314102240000011, 36.72260297 ], [ 138.316355860000016, 36.72397241 ], [ 138.31749947000003, 36.72399936 ], [ 138.318238370000017, 36.72460575 ], [ 138.319043920000013, 36.72455853 ], [ 138.31923114, 36.72393603 ], [ 138.320386420000034, 36.72406353 ], [ 138.32046503, 36.72379241 ], [ 138.32129752, 36.72358687 ], [ 138.3219128, 36.72247353 ], [ 138.322920860000011, 36.7229438 ], [ 138.323372800000016, 36.72273547 ], [ 138.32289058, 36.72246436 ], [ 138.32372031, 36.7221688 ], [ 138.324445030000021, 36.72281436 ], [ 138.325582240000017, 36.72248908 ], [ 138.326103640000014, 36.72349964 ], [ 138.326357280000025, 36.72447159 ], [ 138.327247810000017, 36.72401269 ], [ 138.327708950000016, 36.72434687 ], [ 138.32840920000001, 36.72419103 ], [ 138.329223110000015, 36.72469741 ], [ 138.33021616000002, 36.72439797 ], [ 138.331266450000015, 36.72494044 ], [ 138.33173394, 36.724566 ], [ 138.33353811, 36.72402933 ], [ 138.334705620000022, 36.72402017 ], [ 138.33565864000002, 36.72289489 ], [ 138.335516980000023, 36.72265711 ], [ 138.33648614, 36.72219544 ], [ 138.337408910000022, 36.7211835 ], [ 138.337606980000032, 36.72039017 ], [ 138.337406140000013, 36.71915684 ], [ 138.33793531, 36.71859295 ], [ 138.339386110000021, 36.71770905 ], [ 138.339915280000014, 36.71721489 ], [ 138.34091, 36.71668851 ], [ 138.34373861, 36.71564156 ], [ 138.343121390000022, 36.71358072 ], [ 138.34264306, 36.71277128 ], [ 138.341707470000017, 36.71172184 ], [ 138.340361090000016, 36.7104452 ], [ 138.33851691000001, 36.70968492 ], [ 138.338579970000012, 36.70847964 ], [ 138.33951747, 36.7074702 ], [ 138.340254690000023, 36.70762408 ], [ 138.34062581, 36.70741992 ], [ 138.34248051000003, 36.70490131 ], [ 138.34369161, 36.70375047 ], [ 138.34421745, 36.7028502 ], [ 138.344973, 36.70229603 ], [ 138.346326060000024, 36.7003038 ], [ 138.34755992, 36.69910992 ], [ 138.348343530000022, 36.69785436 ], [ 138.34826436000003, 36.69670659 ], [ 138.349873800000012, 36.69641936 ], [ 138.35061798000001, 36.69571964 ], [ 138.35192852, 36.6953302 ], [ 138.35297881, 36.69556853 ], [ 138.356129360000011, 36.69490269 ], [ 138.35586852, 36.69573325 ], [ 138.356084940000017, 36.69609936 ], [ 138.357250510000028, 36.69712933 ], [ 138.357409100000012, 36.69752767 ], [ 138.35798189, 36.69775295 ], [ 138.359980510000014, 36.69907405 ], [ 138.36078078, 36.69934128 ], [ 138.360608560000031, 36.70018851 ], [ 138.36076691, 36.7006485 ], [ 138.36138109, 36.70112684 ], [ 138.36264553, 36.70149989 ], [ 138.362839690000015, 36.70248017 ], [ 138.36397248, 36.70307961 ], [ 138.36459442, 36.70369044 ], [ 138.36517803000001, 36.70390739 ], [ 138.36691192, 36.70388517 ], [ 138.36821691, 36.70421239 ], [ 138.36912691, 36.70389351 ], [ 138.37021414000003, 36.70326323 ], [ 138.37094636, 36.70302739 ], [ 138.37234275, 36.70206184 ], [ 138.37330302, 36.70170989 ], [ 138.37407192, 36.70108905 ], [ 138.37474803, 36.70095351 ], [ 138.3759383, 36.70017739 ], [ 138.377365810000015, 36.69962156 ], [ 138.378661360000024, 36.69925017 ], [ 138.38017056000001, 36.69960544 ], [ 138.38156722, 36.69951905 ], [ 138.382785010000021, 36.69922184 ], [ 138.383988610000017, 36.698571 ], [ 138.38472056, 36.69763961 ], [ 138.38519, 36.69752295 ], [ 138.386562500000025, 36.69757351 ], [ 138.38749805, 36.69739851 ], [ 138.388331670000014, 36.69764739 ], [ 138.38922722, 36.69741684 ], [ 138.391228610000013, 36.69712211 ], [ 138.391910270000011, 36.69678156 ], [ 138.393528050000015, 36.69689041 ], [ 138.395016670000018, 36.69603708 ], [ 138.39578222, 36.6964968 ], [ 138.39717, 36.6969482 ], [ 138.399159170000019, 36.69684959 ], [ 138.400225580000011, 36.6974182 ], [ 138.40142197000003, 36.69829459 ], [ 138.40305752, 36.69846013 ], [ 138.40391141, 36.69886431 ], [ 138.405699200000015, 36.69909013 ], [ 138.406778910000014, 36.69823903 ], [ 138.407821970000015, 36.69794431 ], [ 138.4089128, 36.69802208 ], [ 138.409974190000014, 36.69784487 ], [ 138.411383640000025, 36.69717625 ], [ 138.41222061000002, 36.69720459 ], [ 138.41369642, 36.69692013 ], [ 138.4147728, 36.6970368 ], [ 138.41684394, 36.69648764 ], [ 138.41880839, 36.69742403 ], [ 138.419595890000011, 36.69760597 ], [ 138.42119089000002, 36.69729208 ], [ 138.422083390000012, 36.69729541 ], [ 138.423000610000031, 36.69755041 ], [ 138.424582550000025, 36.69821764 ], [ 138.42513506, 36.69801569 ], [ 138.42701756, 36.6968632 ], [ 138.42854144, 36.69579292 ], [ 138.42949981000001, 36.69554125 ], [ 138.431029810000013, 36.69559097 ], [ 138.431479530000018, 36.69582792 ], [ 138.432348970000021, 36.69669959 ], [ 138.4328837, 36.69687292 ], [ 138.43410008, 36.69673875 ], [ 138.43484759, 36.69633541 ], [ 138.43514314, 36.69485014 ], [ 138.435965360000012, 36.69357041 ], [ 138.43647175000001, 36.69325903 ], [ 138.438057300000025, 36.69302764 ], [ 138.4398262, 36.69206987 ], [ 138.44048508, 36.69197792 ], [ 138.44232119000003, 36.69241459 ], [ 138.442721190000015, 36.6923968 ], [ 138.444005910000016, 36.69115625 ], [ 138.444774530000018, 36.69088764 ], [ 138.446714550000024, 36.69063097 ], [ 138.447893990000011, 36.68995847 ], [ 138.44840761, 36.68989125 ], [ 138.44937678, 36.69013431 ], [ 138.450166500000023, 36.68984403 ], [ 138.451551500000022, 36.68975208 ], [ 138.45314733, 36.69001403 ], [ 138.454619560000026, 36.68962792 ], [ 138.45532789, 36.68964569 ], [ 138.456139, 36.68930959 ], [ 138.458454030000013, 36.68880959 ], [ 138.460078470000013, 36.68836264 ], [ 138.461516250000017, 36.6883732 ], [ 138.462697640000016, 36.68801569 ], [ 138.46374764, 36.68690544 ], [ 138.46522791000001, 36.68593239 ], [ 138.465881240000016, 36.68566044 ], [ 138.46660737000002, 36.68566405 ], [ 138.46874209, 36.68627767 ], [ 138.46941847, 36.68602656 ], [ 138.470479340000026, 36.68522795 ], [ 138.47111684, 36.68434322 ], [ 138.471666280000022, 36.68296461 ], [ 138.471631280000025, 36.68197461 ], [ 138.470702090000032, 36.68090711 ], [ 138.470642090000013, 36.68027017 ], [ 138.471191530000027, 36.67849072 ], [ 138.47186847, 36.67733795 ], [ 138.472650969999989, 36.67679295 ], [ 138.47409153000001, 36.67620323 ], [ 138.475577390000012, 36.67674184 ], [ 138.476374330000027, 36.67732905 ], [ 138.477711280000022, 36.67708905 ], [ 138.480096840000016, 36.67692628 ], [ 138.481252940000019, 36.67656461 ], [ 138.483556280000016, 36.67673989 ], [ 138.48566908, 36.67640267 ], [ 138.48637686, 36.67659489 ], [ 138.487822970000025, 36.677291 ], [ 138.48817241, 36.6773085 ], [ 138.491482390000016, 36.67693687 ], [ 138.49251795, 36.67688408 ], [ 138.492749050000015, 36.67642214 ], [ 138.49353406, 36.67583992 ], [ 138.49581458000003, 36.67484575 ], [ 138.49826484, 36.67487659 ], [ 138.499494840000011, 36.67543687 ], [ 138.50063789, 36.67494828 ], [ 138.500421780000011, 36.67444189 ], [ 138.500823990000015, 36.67372578 ], [ 138.50162425000002, 36.67302384 ], [ 138.50290148000002, 36.67273077 ], [ 138.503662870000028, 36.6721555 ], [ 138.504672280000023, 36.67200884 ], [ 138.50501645, 36.67155384 ], [ 138.504880900000018, 36.67065828 ], [ 138.50590922, 36.67069217 ], [ 138.50726058, 36.67024303 ], [ 138.508569750000021, 36.67053331 ], [ 138.510116420000031, 36.66986775 ], [ 138.512576390000021, 36.66831275 ], [ 138.5133725, 36.66760913 ], [ 138.513801390000026, 36.66757164 ], [ 138.515319690000013, 36.66854525 ], [ 138.516976910000011, 36.66846833 ], [ 138.518226640000023, 36.66885111 ], [ 138.51950803, 36.66867611 ], [ 138.520524670000015, 36.668985 ], [ 138.52184022, 36.66817833 ], [ 138.52239022, 36.66761 ], [ 138.52328492, 36.66724389 ], [ 138.524905470000022, 36.66609669 ], [ 138.52545713, 36.66596087 ], [ 138.52679519, 36.66642613 ], [ 138.528068780000012, 36.66583225 ], [ 138.529436280000027, 36.66577725 ], [ 138.530183500000021, 36.6661142 ], [ 138.53294847, 36.6661292 ], [ 138.5343382, 36.66626867 ], [ 138.53461737, 36.66563839 ], [ 138.534423190000012, 36.66480005 ], [ 138.53387597, 36.66429256 ], [ 138.533323750000022, 36.66331867 ], [ 138.53271594, 36.66177644 ], [ 138.531425110000015, 36.65993892 ], [ 138.53029983, 36.65938113 ], [ 138.52918317000001, 36.65785031 ], [ 138.529444, 36.65528836 ], [ 138.52884706, 36.65461669 ], [ 138.527635380000021, 36.65381197 ], [ 138.526702340000014, 36.65375197 ], [ 138.526561500000014, 36.65302892 ], [ 138.525492050000025, 36.65188864 ], [ 138.52490567000001, 36.65090836 ], [ 138.524278440000018, 36.65048253 ], [ 138.523580950000024, 36.65031725 ], [ 138.522625940000012, 36.65071808 ], [ 138.521742890000013, 36.6506178 ], [ 138.520675110000013, 36.65010587 ], [ 138.5158893, 36.64927667 ], [ 138.514804310000017, 36.64895223 ], [ 138.514226520000022, 36.64858556 ], [ 138.51189876, 36.64677111 ], [ 138.51155764, 36.64671111 ], [ 138.510166280000021, 36.64743889 ], [ 138.50800239, 36.64827723 ], [ 138.507681280000014, 36.64809917 ], [ 138.50650988000001, 36.64681778 ], [ 138.50565211, 36.64673275 ], [ 138.504141280000027, 36.64680413 ], [ 138.50368905, 36.64549247 ], [ 138.50331294, 36.64515053 ], [ 138.50161961, 36.64443525 ], [ 138.501103770000014, 36.64442441 ], [ 138.499355160000022, 36.64396331 ], [ 138.49773294000002, 36.64393664 ], [ 138.496854330000019, 36.64320331 ], [ 138.494731280000025, 36.64279941 ], [ 138.490081850000024, 36.6411958 ], [ 138.48884492000002, 36.64125553 ], [ 138.48695131, 36.64190025 ], [ 138.48630659, 36.64229192 ], [ 138.48590769, 36.64291911 ], [ 138.48570272, 36.64386105 ], [ 138.48433995, 36.64449356 ], [ 138.483109110000015, 36.64463884 ], [ 138.481100510000033, 36.64524772 ], [ 138.480255230000012, 36.64477161 ], [ 138.478283840000017, 36.64413828 ], [ 138.477331610000022, 36.64431884 ], [ 138.47646828, 36.64471105 ], [ 138.47511689000001, 36.64419884 ], [ 138.473929950000013, 36.64401217 ], [ 138.473097170000017, 36.64404828 ], [ 138.472801050000015, 36.64291439 ], [ 138.47226464000002, 36.641968 ], [ 138.471747130000011, 36.64155244 ], [ 138.4700702, 36.640623 ], [ 138.468832140000018, 36.63982495 ], [ 138.468066300000032, 36.63889605 ], [ 138.467581280000019, 36.63772356 ], [ 138.46655961, 36.63691244 ], [ 138.46608795, 36.63682217 ], [ 138.464230730000025, 36.63709328 ], [ 138.46335044, 36.63702717 ], [ 138.46223433, 36.63633884 ], [ 138.461637390000021, 36.63536189 ], [ 138.46125156, 36.63519328 ], [ 138.460023220000011, 36.63512577 ], [ 138.45905625, 36.634838 ], [ 138.45818791, 36.63369828 ], [ 138.458006520000026, 36.63260553 ], [ 138.45810319, 36.63172636 ], [ 138.458494840000014, 36.63056803 ], [ 138.458079, 36.62973553 ], [ 138.458410390000012, 36.62891497 ], [ 138.459977890000033, 36.62758887 ], [ 138.46057567, 36.6264722 ], [ 138.46023202, 36.62576803 ], [ 138.458881750000018, 36.62451136 ], [ 138.458827300000024, 36.6231608 ], [ 138.458129800000023, 36.62254025 ], [ 138.45764564000001, 36.62181053 ], [ 138.457072830000016, 36.61973525 ], [ 138.45622228000002, 36.61900025 ], [ 138.4563009, 36.61691333 ], [ 138.45502808, 36.61466333 ], [ 138.45497364000002, 36.61385084 ], [ 138.4534592, 36.61317917 ], [ 138.451861120000018, 36.6121 ], [ 138.45125834000001, 36.61121889 ], [ 138.45033584, 36.61067695 ], [ 138.44871889, 36.61070111 ], [ 138.445515840000013, 36.61013972 ], [ 138.44416472, 36.61004917 ], [ 138.44253611000002, 36.61029639 ], [ 138.441583330000014, 36.61066944 ], [ 138.441157780000026, 36.61008223 ], [ 138.440659440000019, 36.60871639 ], [ 138.43904942, 36.60596778 ], [ 138.438943310000013, 36.60557584 ], [ 138.439360530000016, 36.60454528 ], [ 138.440120510000014, 36.60324531 ], [ 138.44021856, 36.60247697 ], [ 138.440504670000024, 36.60222392 ], [ 138.441428, 36.59999169 ], [ 138.44129745, 36.59968947 ], [ 138.439170780000012, 36.59949336 ], [ 138.43820494000002, 36.59971531 ], [ 138.43719995, 36.60020503 ], [ 138.436062720000024, 36.60036031 ], [ 138.435172170000016, 36.60022975 ], [ 138.43415883, 36.59970559 ], [ 138.43255523000002, 36.59922336 ], [ 138.432188, 36.5993378 ], [ 138.428835470000024, 36.59789141 ], [ 138.427756300000027, 36.59642587 ], [ 138.426596030000013, 36.59452836 ], [ 138.426318220000013, 36.5935242 ], [ 138.42660433, 36.59063867 ], [ 138.427021280000019, 36.58910923 ], [ 138.427119300000015, 36.58825839 ], [ 138.426808750000021, 36.587097 ], [ 138.42616236, 36.58581895 ], [ 138.42555153, 36.58500811 ], [ 138.425245690000025, 36.58427005 ], [ 138.425219030000022, 36.583422 ], [ 138.424781500000023, 36.58244172 ], [ 138.42415872, 36.58151395 ], [ 138.421315670000013, 36.57923089 ], [ 138.420759, 36.57848897 ], [ 138.42029481000003, 36.57723731 ], [ 138.420387590000018, 36.57578008 ], [ 138.420334810000014, 36.57367341 ], [ 138.42060397, 36.5734562 ], [ 138.42215508000001, 36.57321786 ], [ 138.42310980000002, 36.57293953 ], [ 138.42436953, 36.57165425 ], [ 138.42508564, 36.57148175 ], [ 138.427249530000012, 36.57020647 ], [ 138.428429490000013, 36.5686962 ], [ 138.42882756, 36.56689397 ], [ 138.428655060000011, 36.56645703 ], [ 138.428827830000017, 36.56407675 ], [ 138.428496450000011, 36.56314928 ], [ 138.42791311000002, 36.56222177 ], [ 138.426666690000019, 36.56108233 ], [ 138.42616224, 36.56039372 ], [ 138.42646725, 36.55957733 ], [ 138.428243920000028, 36.55837177 ], [ 138.428535580000016, 36.55804067 ], [ 138.428880310000011, 36.55690095 ], [ 138.42884086, 36.55622539 ], [ 138.4277917, 36.55471984 ], [ 138.426651670000012, 36.55366011 ], [ 138.42609472, 36.55250733 ], [ 138.426107780000024, 36.55150011 ], [ 138.425126940000013, 36.55091705 ], [ 138.42417, 36.54978208 ], [ 138.423838610000018, 36.54909292 ], [ 138.422552500000023, 36.5485232 ], [ 138.421969170000011, 36.5479668 ], [ 138.42023248000001, 36.54588653 ], [ 138.41912886, 36.5452732 ], [ 138.41862497, 36.54469014 ], [ 138.418465810000015, 36.54381569 ], [ 138.417723310000014, 36.54319292 ], [ 138.414681630000018, 36.54277625 ], [ 138.41320997, 36.54203431 ], [ 138.412388560000011, 36.54148625 ], [ 138.41087883, 36.54076264 ], [ 138.40929828, 36.54078041 ], [ 138.40762078, 36.54143347 ], [ 138.407197170000018, 36.54195375 ], [ 138.40581606, 36.54316903 ], [ 138.405259950000016, 36.54385708 ], [ 138.404509140000016, 36.54572764 ], [ 138.402280250000018, 36.54719514 ], [ 138.401335250000017, 36.54768041 ], [ 138.39951636, 36.54827153 ], [ 138.398544970000017, 36.54836875 ], [ 138.39679995, 36.5489468 ], [ 138.39576717, 36.54912347 ], [ 138.39478689, 36.5498468 ], [ 138.39353136, 36.55152875 ], [ 138.392983860000015, 36.55196097 ], [ 138.39155358, 36.55362847 ], [ 138.38989358, 36.55400792 ], [ 138.38771523, 36.55362014 ], [ 138.386602440000019, 36.55363792 ], [ 138.385622720000015, 36.55345264 ], [ 138.383927450000016, 36.55429069 ], [ 138.382073280000014, 36.55466125 ], [ 138.37873939, 36.55455511 ], [ 138.37480659000002, 36.55386678 ], [ 138.371867980000019, 36.55287177 ], [ 138.368784920000024, 36.55280095 ], [ 138.365227660000016, 36.55149095 ], [ 138.36237655, 36.5505215 ], [ 138.35827878, 36.54986567 ], [ 138.35620348, 36.54922622 ], [ 138.355058750000012, 36.54853428 ], [ 138.353679030000023, 36.54742567 ], [ 138.353444310000015, 36.54560292 ], [ 138.352986500000014, 36.54365792 ], [ 138.352445940000024, 36.54221069 ], [ 138.351953990000027, 36.54128264 ], [ 138.35018205, 36.54076541 ], [ 138.346476740000014, 36.5398268 ], [ 138.341098140000014, 36.53998459 ], [ 138.339252550000026, 36.53990292 ], [ 138.336919490000014, 36.53963595 ], [ 138.33396144, 36.53735153 ], [ 138.333127280000014, 36.5382832 ], [ 138.331126720000015, 36.53944928 ], [ 138.330263380000019, 36.5401815 ], [ 138.32989061, 36.5411815 ], [ 138.328217, 36.54265233 ], [ 138.32716228000001, 36.54314539 ], [ 138.325439780000011, 36.54460567 ], [ 138.32438228, 36.54512289 ], [ 138.323707830000018, 36.546154 ], [ 138.323064500000015, 36.54622484 ], [ 138.322213920000024, 36.54589233 ], [ 138.32068224, 36.54579428 ], [ 138.3196192, 36.54608872 ], [ 138.318972530000025, 36.54653095 ], [ 138.317642530000029, 36.546264 ], [ 138.315857810000011, 36.54629928 ], [ 138.315176420000029, 36.54648984 ], [ 138.314228080000021, 36.54716011 ], [ 138.31314864, 36.54847317 ], [ 138.312154470000024, 36.548874 ], [ 138.31144586, 36.54975123 ], [ 138.311435030000013, 36.55036123 ], [ 138.311005030000018, 36.55028511 ], [ 138.31054309000001, 36.54962261 ], [ 138.31038917, 36.54827067 ], [ 138.31001222, 36.54734428 ], [ 138.308967780000017, 36.54607289 ], [ 138.30877333, 36.54560789 ], [ 138.307092780000033, 36.54459705 ], [ 138.306362780000029, 36.54481817 ], [ 138.30495636, 36.544189 ], [ 138.30457859, 36.54363705 ], [ 138.304525250000012, 36.54232539 ], [ 138.30433776000001, 36.54210456 ], [ 138.302710530000013, 36.54214484 ], [ 138.300532170000025, 36.53906844 ], [ 138.300344940000031, 36.53815178 ], [ 138.299418560000021, 36.53723067 ], [ 138.298198560000031, 36.53552705 ], [ 138.297642700000011, 36.53501844 ], [ 138.296577980000023, 36.5344965 ], [ 138.294835190000015, 36.53332233 ], [ 138.29387742000003, 36.53229872 ], [ 138.29209628000001, 36.53233205 ], [ 138.29086684, 36.53346428 ], [ 138.289025720000012, 36.53428067 ], [ 138.28707462, 36.53459011 ], [ 138.28609044, 36.53461011 ], [ 138.285394060000016, 36.53517233 ], [ 138.28479128, 36.53600872 ], [ 138.28330211, 36.53628539 ], [ 138.281856010000013, 36.53693456 ], [ 138.280445720000017, 36.53631761 ], [ 138.2788385, 36.53586261 ], [ 138.27770014, 36.53570177 ], [ 138.277452360000012, 36.53495233 ], [ 138.27692348, 36.53420261 ], [ 138.275501240000011, 36.53257261 ], [ 138.275333750000016, 36.5310065 ], [ 138.27554178, 36.52951677 ], [ 138.275185110000024, 36.528604 ], [ 138.27367872, 36.52762011 ], [ 138.273477610000015, 36.52724539 ], [ 138.27348261, 36.52582789 ], [ 138.27217674000002, 36.52487789 ], [ 138.271680920000023, 36.52414151 ], [ 138.270342020000015, 36.52345233 ], [ 138.271540640000012, 36.52176567 ], [ 138.27093703, 36.52063733 ], [ 138.270983410000014, 36.51924153 ], [ 138.2696445, 36.51809014 ], [ 138.26796144, 36.5169218 ], [ 138.268182560000014, 36.51616597 ], [ 138.267419220000022, 36.51504153 ], [ 138.26701086, 36.51394375 ], [ 138.266486980000025, 36.51323153 ], [ 138.26536864000002, 36.51390069 ], [ 138.263503360000016, 36.51400986 ], [ 138.26298781, 36.51441153 ], [ 138.26153503, 36.51512764 ], [ 138.26053031, 36.5143982 ], [ 138.259662530000014, 36.51446487 ], [ 138.258189470000019, 36.51415014 ], [ 138.255932780000023, 36.51510736 ], [ 138.25506888000001, 36.51570264 ], [ 138.254493060000016, 36.51581653 ], [ 138.253303610000017, 36.51532208 ], [ 138.25225501, 36.51508347 ], [ 138.25098667, 36.51535541 ], [ 138.250484450000016, 36.51568347 ], [ 138.24985501, 36.5156968 ], [ 138.248318880000028, 36.51483153 ], [ 138.248338890000014, 36.5143832 ], [ 138.249189420000022, 36.5135132 ], [ 138.24919608, 36.51323236 ], [ 138.248077200000012, 36.51222597 ], [ 138.24724025, 36.51174403 ], [ 138.24675525, 36.51000208 ], [ 138.245174420000012, 36.50994236 ], [ 138.244120220000013, 36.50975069 ], [ 138.24224272, 36.51031513 ], [ 138.241260510000018, 36.5099918 ], [ 138.24006272, 36.50983625 ], [ 138.239368, 36.50948931 ], [ 138.23848161, 36.5098718 ], [ 138.237906620000018, 36.51102097 ], [ 138.236900220000024, 36.51154764 ], [ 138.236265230000015, 36.51243292 ], [ 138.233806890000011, 36.51354569 ], [ 138.23250606000002, 36.51347625 ], [ 138.231871050000024, 36.51359569 ], [ 138.230864670000017, 36.51414625 ], [ 138.229486060000028, 36.5141632 ], [ 138.228804670000017, 36.51375125 ], [ 138.22705547000001, 36.51318847 ], [ 138.226337130000019, 36.51278153 ], [ 138.22572603, 36.51199153 ], [ 138.22412075, 36.51095041 ], [ 138.223479360000027, 36.51013875 ], [ 138.222928220000028, 36.50974403 ], [ 138.221251280000018, 36.50921736 ], [ 138.22109545, 36.50888208 ], [ 138.22089183, 36.50715903 ], [ 138.219957390000019, 36.50775708 ], [ 138.219191, 36.50726625 ], [ 138.218220730000013, 36.5077332 ], [ 138.216844620000018, 36.50750736 ], [ 138.2162935, 36.50725625 ], [ 138.21401764, 36.50786625 ], [ 138.211739030000018, 36.50819097 ], [ 138.21038791, 36.50878764 ], [ 138.20974125, 36.50991236 ], [ 138.20872319, 36.51042708 ], [ 138.20660292, 36.50999903 ], [ 138.206124030000012, 36.50999903 ], [ 138.204518760000013, 36.51150708 ], [ 138.202602360000014, 36.51172236 ], [ 138.201751800000011, 36.51149487 ], [ 138.20050597, 36.51180569 ], [ 138.199847080000012, 36.51115959 ], [ 138.199200140000016, 36.50934014 ], [ 138.198625110000023, 36.50839459 ], [ 138.19880455, 36.50725764 ], [ 138.199991220000015, 36.50649264 ], [ 138.201608170000014, 36.50454208 ], [ 138.20150039, 36.50365653 ], [ 138.201861190000017, 36.50168208 ], [ 138.2017662, 36.50098431 ], [ 138.203568420000011, 36.50043736 ], [ 138.204177300000026, 36.49879153 ], [ 138.20496481, 36.49837541 ] ] ] } }
]
}
